#,Name,Comments 1,Quarter,Down,Distance,Field Position,P/10,SY/GL,Red Area,Drive #,Drive Play #,Gain,R/P,Hash,Personnel,Formation,Form Var,Motion,Starting Form,FIB,Endover,Form Adj Reduce,Y Location,Pass Concept,Pass Result,Backfield,Run Concept,Run Strength,Play Type,Proctection,Front,Front Type,Stunt,Pressure Type,Coverage,2M/4M,BC/REC,QB,RB,TE,WR,Tempo,pff_OFFPERSONNELBASIC,pff_RUNPASS,pff_DRIVEPLAY,pff_HASHDEF,pff_PREVIOUSGAINLOSS,pff_GAINLOSS,pff_SCREEN,pff_QUICKGAME,pff_RUNCONCEPT3,pff_RUNCONCEPTPRIMARY,pff_PENALTY,pff_TOUCHDOWN,pff_TRICKLOOK,pff_TRICKPLAY,pff_TEMPO,pff_2MINUTE,pff_GARBAGETIME,pff_BALLCARRIER,pff_QB,pff_RBS,pff_WRS,pff_TES,pff_FRONTTYPE,pff_OFFFORMATIONGROUP,pff_RUNPASSOPTION,pff_PREVIOUSRUNPASS,pff_PASSRECEIVERTARGET,pff_BLITZDOG,pff_PASSCOVERAGEBASIC
1,"2501 Mississippi State O vs Southern Miss, PFF Play 002",2,1,0,10,'-25,P,,,1,1,3,P,R,11,DUO Y OFF,,,,,,,OFF,,RUN,GN,,,SCR,,BEAR,,,,COVER 3 SEAM,,MSST 02,MSST 02,06,08,00; 03; 04,0,11,P,1,R,,3,0,0,,INSIDE ZONE,,,0,0,0,0,0,MSST 02,MSST 02,06,00; 03; 04,08,BEAR,2x2,0,,,0,COVER 3 SEAM
2,"2501 Mississippi State O vs Southern Miss, PFF Play 003",3,1,2,7,'-28,2,,,1,2,3,R,R,11,TREY Y OFF,,,,,,,OFF,,,GN,,,ZN,,UNDER,4 DOWN,,,COVER 3,,MSST 06,MSST 02,06,08,00; 03; 04,1,11,R,2,R,3,3,0,,,MAN,,,0,0,1,0,0,MSST 06,MSST 02,06,00; 03; 04,08,UNDER,1x3,1,P,,1,COVER 3
3,"2501 Mississippi State O vs Southern Miss, PFF Play 004",4,1,3,4,'-31,3,,,1,3,12,P,R,11,TREY Y OFF,,,,,,,OFF,,COMPLETE,GF,,,DB,,WIDE OVER,4 DOWN,,,COVER 3,,MSST 08,MSST 02,06,08,00; 03; 04,1,11,P,3,R,3,12,0,0,,,,,0,0,1,0,0,MSST 08,MSST 02,06,00; 03; 04,08,WIDE OVER,1x3,0,R,MSST 08,1,COVER 3
4,"2501 Mississippi State O vs Southern Miss, PFF Play 005",5,1,1,10,'-43,1,,,1,4,0,P,C,11,TREY Y OFF,,,,,,,OFF,,INCOMPLETE,GN,,,DB,,EVEN,4 DOWN,,,COVER 2 MAN,,MSST 00,MSST 02,06,08,00; 03; 04,1,11,P,4,C,12,,0,0,,COUNTER,,,0,0,1,0,0,,MSST 02,06,00; 03; 04,08,EVEN,1x3,1,P,MSST 00,1,COVER 2 MAN
5,"2501 Mississippi State O vs Southern Miss, PFF Play 006",6,1,2,10,'-43,2,,,1,5,57,P,C,11,DOUBLES,,,,,,,OPEN,,COMPLETE,GF,,,PA,,EVEN,4 DOWN,,,COVER 4,,MSST 08,MSST 02,06,08,00; 03; 04,0,11,P,5,C,12,57,0,0,,INSIDE ZONE,,MSST 08,0,0,0,0,0,MSST 08,MSST 02,06,00; 03; 04,08,EVEN,2x2,1,P,MSST 08,0,COVER 4
6,"2501 Mississippi State O vs Southern Miss, PFF Play 019",19,1,0,10,'-6,P,,,2,1,4,P,L,12,ACE YU OFF,,,,,,,OFF,,COMPLETE,GN,,,DB,,UNDER,4 DOWN,,,COVER 3,,MSST 00,MSST 02,24,08; 87,00; 04,0,12,P,1,L,57,4,0,0,,MAN,,,0,0,0,0,0,MSST 00,MSST 02,24,00; 04,08; 87,UNDER,2x2,1,P,MSST 00,1,COVER 3
7,"2501 Mississippi State O vs Southern Miss, PFF Play 020",20,1,2,6,'-10,2,,,2,2,2,R,L,12,ACE YU OFF,,,,,,,OFF,,,GN,,,ZN,,BEAR,,,,COVER 4,,MSST 24,MSST 02,24,08; 87,00; 04,1,12,R,2,L,4,2,0,,,MAN,,,0,0,1,0,0,MSST 24,MSST 02,24,00; 04,08; 87,BEAR,2x2,1,P,,0,COVER 4
8,"2501 Mississippi State O vs Southern Miss, PFF Play 021",21,1,3,4,'-12,3,,,2,3,5,R,L,12,TRIPS - SLOT,,,,,,,OPEN,,,GEMP,QB DRAW,,DRAW,,OVER,4 DOWN,,,COVER 3,,MSST 02,MSST 02,24,08; 87,00; 04,1,12,R,3,L,2,5,0,,,DRAW,,,0,0,1,0,0,MSST 02,MSST 02,24,00; 04,08; 87,OVER,3x2,1,R,,1,COVER 3
9,"2501 Mississippi State O vs Southern Miss, PFF Play 022",22,1,1,10,'-17,1,,,2,4,0,P,C,12,ACE YU OFF,,,,,,,OFF,,INTERCEPTION,GN,,,PA,,EVEN,4 DOWN,,,COVER 3,,MSST 08,MSST 02,24,08; 87,00; 04,1,12,P,4,C,5,,0,0,,UNDEFINED,,,0,0,1,0,0,,MSST 02,24,00; 04,08; 87,EVEN,2x2,0,R,MSST 08,0,COVER 3
10,"2501 Mississippi State O vs Southern Miss, PFF Play 028",28,1,0,10,'-25,P,,,3,1,2,P,R,11,TRIPS - SLOT,,,,,,,OPEN,BUBBLE SCR,COMPLETE,GEMP,,,DB,,EVEN,4 DOWN,,,COVER 4,,MSST 09,MSST 02,06,87,07; 09; 11,0,11,P,1,R,5,2,1,0,,DRAW,,,0,0,0,0,0,MSST 09,MSST 02,06,07; 09; 11,87,EVEN,2x3,1,P,MSST 09,0,COVER 4
11,"2501 Mississippi State O vs Southern Miss, PFF Play 029",29,1,2,8,'-27,2,,,3,2,5,P,L,11,TRIPS - OPEN,,,,,,,,,INCOMPLETE,GF,,,PA,,SPLIT,4 DOWN,,,COVER 3 SEAM,,MSST 11,MSST 02,06,87,07; 09; 11,1,11,P,2,L,2,,0,0,,OUTSIDE ZONE,DTM,,0,0,1,0,0,,MSST 02,06,07; 09; 11,87,EVEN,1x3,0,P,MSST 11,1,COVER 3 SEAM
12,"2501 Mississippi State O vs Southern Miss, PFF Play 030",30,1,2,3,'-32,2,,,3,3,7,R,L,11,TREY Y OFF,,,,,,,OFF,,,GN,,,ZN,,EVEN,4 DOWN,,,COVER 4,,MSST 06,MSST 02,06,87,07; 09; 11,0,11,R,3,L,2,7,0,,,MAN,,,0,0,0,0,0,MSST 06,MSST 02,06,07; 09; 11,87,EVEN,3x1,1,P,,0,COVER 4
13,"2501 Mississippi State O vs Southern Miss, PFF Play 031",31,1,1,10,'-39,1,,,3,4,14,R,L,11,TREY Y OFF,,,,,,,OFF,,,GN,,,ZN,,EVEN,4 DOWN,,,COVER 2 MAN,,MSST 06,MSST 02,06,87,07; 09; 11,1,11,R,4,L,7,14,0,,,INSIDE ZONE,,,0,0,1,0,0,MSST 06,MSST 02,06,07; 09; 11,87,EVEN,3x1,1,R,,0,COVER 2 MAN
14,"2501 Mississippi State O vs Southern Miss, PFF Play 032",32,1,1,10,'+47,1,,,3,5,16,R,L,11,DOUBLES,,,,,,,OPEN,,,GF,,STR,ZN,,EVEN,4 DOWN,,,COVER 2,,MSST 06,MSST 02,06,87,07; 09; 11,1,11,R,5,L,14,16,0,,,INSIDE ZONE,,,0,0,1,0,0,MSST 06,MSST 02,06,07; 09; 11,87,EVEN,2x2,1,R,,0,COVER 2
15,"2501 Mississippi State O vs Southern Miss, PFF Play 033",33,1,1,10,'+31,1,,,3,6,6,P,L,11,DUO Y OFF,,,,,,,OFF,,COMPLETE,GF,,,DB,,UNDER,4 DOWN,,,COVER 2,,MSST 03,MSST 02,24,08,00; 03; 04,0,11,P,6,L,16,6,1,0,,,MSST 04 OH,,0,0,0,0,0,MSST 03,MSST 02,24,00; 03; 04,08,UNDER,2x2,0,R,MSST 03,0,COVER 2
16,"2501 Mississippi State O vs Southern Miss, PFF Play 034",34,1,1,14,'+35,1,,,3,7,3,P,R,11,QUADS - NIX,,,,,,,,,COMPLETE,GN,,,DB,,EVEN,4 DOWN,,,COVER 6,,MSST 04,MSST 02,24,08,00; 03; 04,0,11,P,7,R,6,3,1,0,,INSIDE ZONE,,,0,0,0,0,0,MSST 04,MSST 02,24,00; 03; 04,08,EVEN,0x4,1,P,MSST 04,0,COVER 6
17,"2501 Mississippi State O vs Southern Miss, PFF Play 035",35,1,2,11,'+32,2,,,3,8,0,P,L,11,TREY Y OFF,,,,,,,OFF,,COMPLETE,GN,,,SCR,,WIDE OVER,4 DOWN,,,COVER 6,,MSST 03,MSST 02,24,08,00; 03; 04,0,11,P,8,L,3,0,1,0,,OUTSIDE ZONE,,,0,0,0,0,0,MSST 03,MSST 02,24,00; 03; 04,08,WIDE OVER,3x1,1,P,MSST 03,0,COVER 6
18,"2501 Mississippi State O vs Southern Miss, PFF Play 036",36,1,3,11,'+32,3,,,3,9,25,P,R,11,DOUBLES,,,,,,,OPEN,,COMPLETE,GN,,,DB,,EVEN,4 DOWN,,,COVER 3,,MSST 24,MSST 02,24,08,00; 03; 11,1,11,P,9,R,0,25,0,0,,,ILF,,0,0,1,0,0,MSST 24,MSST 02,24,00; 03; 11,08,EVEN,2x2,0,P,MSST 24,0,COVER 3
19,"2501 Mississippi State O vs Southern Miss, PFF Play 037",37,1,3,16,'+37,3,,,3,10,0,P,R,11,TRIPS - OPEN,,,,,,,,,SACK,GF,,,DB,,EVEN,4 DOWN,,,COVER 3,,MSST 02,MSST 02,06,08,00; 03; 04,0,11,P,10,R,25,0,0,0,,,,,0,0,0,0,0,MSST 02,MSST 02,06,00; 03; 04,08,EVEN,1x3,0,P,,1,COVER 3
20,"2501 Mississippi State O vs Southern Miss, PFF Play 050",50,2,0,10,'-45,P,,,4,1,-4,P,R,21,TREY Y OFF,,,,,,,OFF,,COMPLETE,GN,,,DB,,OVER,4 DOWN,,,COVER 3,,MSST 22,MSST 02,20; 22,87,03; 09,0,21,P,1,R,0,-4,1,0,,,,,0,0,0,0,0,MSST 22,MSST 02,20; 22,03; 09,87,OVER,1x3,0,P,MSST 22,0,COVER 3
21,"2501 Mississippi State O vs Southern Miss, PFF Play 051",51,2,2,14,'-41,2,,,4,2,4,P,L,21,PRO - OPEN,,,,,,,OFF,,COMPLETE,GS,,,PA,,OVER,4 DOWN,,,COVER 4,,MSST 20,MSST 02,20; 22,87,03; 09,1,21,P,2,L,-4,4,1,0,,OUTSIDE ZONE,,,0,0,1,0,0,MSST 20,MSST 02,20; 22,03; 09,87,OVER,2x1,1,P,MSST 20,0,COVER 4
22,"2501 Mississippi State O vs Southern Miss, PFF Play 052",52,2,3,10,'-45,3,,,4,3,0,P,R,21,TREY Y OFF,,,,,,,OFF,,THROWN AWAY,GF,,,DB,,EVEN,4 DOWN,,,COVER 6,,,MSST 02,20; 22,87,03; 09,1,21,P,3,R,4,,0,0,,,,,0,0,1,0,0,,MSST 02,20; 22,03; 09,87,EVEN,1x3,0,P,,0,COVER 6
23,"2501 Mississippi State O vs Southern Miss, PFF Play 068",68,2,0,10,'-25,P,,,5,1,4,R,C,11,DOUBLES,,,,,,,OPEN,,,GF,Y INSERT,STR,ZN,,EVEN,4 DOWN,,,COVER 4,,MSST 06,MSST 02,06,08,00; 03; 04,0,11,R,1,C,4,4,0,,,INSIDE ZONE,,,0,0,0,0,0,MSST 06,MSST 02,06,00; 03; 04,08,EVEN,2x2,1,P,,0,COVER 4
24,"2501 Mississippi State O vs Southern Miss, PFF Play 069",69,2,2,6,'-29,2,,,5,2,5,P,C,11,DOUBLES,,,,,,,OPEN,,COMPLETE,GF,,,PA,,OVER,4 DOWN,,,COVER 4,,MSST 08,MSST 02,06,08,00; 03; 04,1,11,P,2,C,4,5,0,0,,INSIDE ZONE,,,0,0,1,0,0,MSST 08,MSST 02,06,00; 03; 04,08,OVER,2x2,1,R,MSST 08,1,COVER 4
25,"2501 Mississippi State O vs Southern Miss, PFF Play 070",70,2,3,1,'-34,3,SY,,5,3,0,R,R,11,DOUBLES,,,,,,,OPEN,,,GN,,ZN,ZN,,WIDE OVER,4 DOWN,,,COVER 4,,MSST 06,MSST 02,06,08,00; 03; 04,0,11,R,3,R,5,0,0,,,INSIDE ZONE,,,0,0,0,0,0,MSST 06,MSST 02,06,00; 03; 04,08,WIDE OVER,2x2,1,P,,0,COVER 4
26,"2501 Mississippi State O vs Southern Miss, PFF Play 079",79,2,0,10,'-25,P,,,6,1,8,R,L,11,DUO Y OFF,,,,,,,OFF,,,GN,,,GAP,,WIDE OVER,4 DOWN,,,COVER 2,,MSST 24,MSST 02,24,08,00; 03; 04,0,11,R,1,L,0,8,0,,,COUNTER,,,0,0,0,0,0,MSST 24,MSST 02,24,00; 03; 04,08,WIDE OVER,2x2,0,R,,0,COVER 2
27,"2501 Mississippi State O vs Southern Miss, PFF Play 080",80,2,2,2,'-33,2,,,6,2,1,R,L,11,DUO Y OFF,,,,,,,OFF,,,GN,,,ZN,,BENCH,4 DOWN,,,COVER 3,,MSST 24,MSST 02,24,08,00; 03; 04,0,11,R,2,L,8,1,0,,,MAN,,,0,0,0,0,0,MSST 24,MSST 02,24,00; 03; 04,08,WIDE UNDER,2x2,1,R,,0,COVER 3
28,"2501 Mississippi State O vs Southern Miss, PFF Play 081",81,2,3,1,'-34,3,SY,,6,3,3,R,L,13,ACE YU OFF,,,,,,,OFF,,,GF,Q POWER G LD,STR,GAP,,BENCH,4 DOWN,,,COVER 3,,MSST 01,MSST 01,24,08; 10; 87,00,0,13,R,3,L,1,3,0,,,PULL LEAD,,,0,0,0,0,0,MSST 01,MSST 01,24,00,08; 10; 87,WIDE UNDER,2x2,0,R,,0,COVER 3
29,"2501 Mississippi State O vs Southern Miss, PFF Play 082",82,2,1,10,'-37,1,,,6,4,19,P,L,11,DOUBLES,,,,,,,OPEN,,COMPLETE,GN,,,PA,,OVER,4 DOWN,,,COVER 3 SEAM,,MSST 03,MSST 02,06,08,00; 03; 04,0,11,P,4,L,3,19,0,0,,UNDEFINED,,,0,0,0,0,0,MSST 03,MSST 02,06,00; 03; 04,08,OVER,2x2,0,R,MSST 03,0,COVER 3 SEAM
30,"2501 Mississippi State O vs Southern Miss, PFF Play 083",83,2,1,10,'+44,1,,,6,5,7,P,C,11,DOUBLES,,,,,,,OPEN,,COMPLETE,GN,,,PA,,BENCH,4 DOWN,,,COVER 1,,MSST 00,MSST 02,06,08,00; 03; 04,1,11,P,5,C,19,7,0,0,,UNDEFINED,,,0,0,1,0,0,MSST 00,MSST 02,06,00; 03; 04,08,WIDE UNDER,2x2,0,P,MSST 00,1,COVER 1
31,"2501 Mississippi State O vs Southern Miss, PFF Play 084",84,2,2,3,'+37,2,,,6,6,4,P,L,11,DOUBLES,,,,,,,OPEN,,COMPLETE,GN,,,DB,,WIDE OVER,4 DOWN,,,COVER 2,,MSST 06,MSST 02,06,08,00; 03; 04,1,11,P,6,L,7,4,0,0,,,MSST 54 OH,,0,0,1,0,0,MSST 06,MSST 02,06,00; 03; 04,08,WIDE OVER,2x2,0,P,MSST 06,0,COVER 2
32,"2501 Mississippi State O vs Southern Miss, PFF Play 085",85,2,2,13,'+47,2,,,6,7,10,P,L,11,DOUBLES,,,,,,,OPEN,,INCOMPLETE,GF,,,RPO,,LOAD,,,,COVER 3,,MSST 07,MSST 02,06,08,07; 09; 11,0,11,P,7,L,4,,0,0,,COUNTER,MSSO D01 DPI,,0,0,0,0,0,,MSST 02,06,07; 09; 11,08,LOAD,2x2,0,P,MSST 07,0,COVER 3
33,"2501 Mississippi State O vs Southern Miss, PFF Play 086",86,2,1,10,'+37,1,,,6,8,-1,R,L,11,DUO Y OFF,,,,,,,OFF,,,GN,,,GAP,,BENCH,4 DOWN,,,COVER 6,,MSST 06,MSST 02,06,10,07; 09; 11,0,11,R,8,L,4,-1,0,,,COUNTER,(D) MSST 74 ILF,,0,0,0,0,0,MSST 06,MSST 02,06,07; 09; 11,10,WIDE UNDER,2x2,0,P,,0,COVER 6
34,"2501 Mississippi State O vs Southern Miss, PFF Play 087",87,2,2,11,'+38,2,,,6,9,8,P,L,11,TRIPS - OPEN,,,,,,,,,COMPLETE,GN,,,PA,,BENCH,4 DOWN,,,COVER 3,,MSST 00,MSST 02,20,10,00; 03; 04,0,11,P,9,L,-1,8,0,0,,INSIDE ZONE,(O) MSSO D01 UNRd; (O) MSST 00 UNR,,0,0,0,0,0,MSST 00,MSST 02,20,00; 03; 04,10,WIDE UNDER,3x1,1,R,MSST 00,1,COVER 3
35,"2501 Mississippi State O vs Southern Miss, PFF Play 088",88,2,3,3,'+30,3,,,6,10,10,R,L,11,DOUBLES,,,,,,,OPEN,,,GN,,STR,ZN,,BENCH,4 DOWN,,,COVER 2,,MSST 24,MSST 02,24,10,03; 04; 12,0,11,R,10,L,8,10,0,,,INSIDE ZONE,,,0,0,0,0,0,MSST 24,MSST 02,24,03; 04; 12,10,WIDE UNDER,2x2,1,P,,0,COVER 2
36,"2501 Mississippi State O vs Southern Miss, PFF Play 089",89,2,1,10,'+20,1,,RA,6,11,-1,R,L,11,TREY Y OFF,,,,,,,OFF,,,GF,,,ZN,,WIDE OVER,4 DOWN,,,COVER 3,,MSST 24,MSST 02,24,10,03; 04; 12,1,11,R,11,L,10,-1,0,,,OUTSIDE ZONE,,,0,0,1,0,0,MSST 24,MSST 02,24,03; 04; 12,10,WIDE OVER,3x1,0,R,,0,COVER 3
37,"2501 Mississippi State O vs Southern Miss, PFF Play 090",90,2,2,11,'+21,2,,RA,6,12,5,X,C,11,DOUBLES,,,,,,,OPEN,,,GN,,,,,EVEN,4 DOWN,,,,,,MSST 02,06,10,03; 04; 12,1,11,X,12,C,-1,,0,,,,MSSO D95 NZI,,0,0,1,0,0,,MSST 02,06,03; 04; 12,10,EVEN,2x2,0,R,,0,
38,"2501 Mississippi State O vs Southern Miss, PFF Play 091",91,2,2,6,'+16,2,,RA,6,13,10,R,C,11,TRIPS - OPEN,,,,,,,,,,GN,,,ZN,,EVEN,4 DOWN,,,COVER 3 SEAM,,MSST 06,MSST 02,06,08,00; 03; 04,0,11,R,13,C,-1,10,0,,,OUTSIDE ZONE,,,0,0,0,0,0,MSST 06,MSST 02,06,00; 03; 04,08,EVEN,1x3,0,R,,0,COVER 3 SEAM
39,"2501 Mississippi State O vs Southern Miss, PFF Play 092",92,2,1,6,'+6,1,,RA,6,14,-5,X,R,11,DOUBLES,,,,,,,OPEN,,,GN,,,,,BENCH,4 DOWN,,,,,,MSST 02,06,08,00; 03; 04,1,11,X,14,R,10,,0,,,,MSST 72 FST,,0,0,1,0,0,,MSST 02,06,00; 03; 04,08,WIDE UNDER,2x2,0,R,,0,
40,"2501 Mississippi State O vs Southern Miss, PFF Play 093",93,2,1,11,'+11,1,,RA,6,15,0,P,R,11,TREY Y OFF,,,,,,,OFF,,RUN,GN,,,SCR,,WIDE OVER,4 DOWN,,,RED ZONE,,MSST 02,MSST 02,06,08,00; 03; 04,0,11,P,15,R,10,0,0,0,,INSIDE ZONE,,,0,0,0,0,0,MSST 02,MSST 02,06,00; 03; 04,08,WIDE OVER,1x3,0,R,,0,RED ZONE
41,"2501 Mississippi State O vs Southern Miss, PFF Play 094",94,2,2,11,'+11,2,,RA,6,16,5,P,R,11,TRIPS - PRO,,,,,,,,,COMPLETE,GEMP,,,DB,,EVEN,4 DOWN,,,COVER 0,,MSST 08,MSST 02,06,08,00; 03; 04,1,11,P,16,R,0,5,0,0,,,,,0,0,1,0,0,MSST 08,MSST 02,06,00; 03; 04,08,EVEN,2x3,0,P,MSST 08,0,COVER 0
42,"2501 Mississippi State O vs Southern Miss, PFF Play 095",95,2,3,6,'+6,3,,RA,6,17,4,P,R,11,DUO Y OFF,,,,,,,OFF,,COMPLETE,GN,,,DB,,BENCH,4 DOWN,,,RED ZONE,,MSST 00,MSST 02,24,08,00; 03; 04,0,11,P,17,R,5,4,0,0,,,,,0,0,0,0,0,MSST 00,MSST 02,24,00; 03; 04,08,WIDE UNDER,2x2,0,P,MSST 00,1,RED ZONE
43,"2501 Mississippi State O vs Southern Miss, PFF Play 096",96,2,4,2,'+2,4,SY/GL,RA,6,18,2,R,L,13,KING U OFF,,,,,,,SLOT,,,GF,,,ZN,,WIDE OVER,4 DOWN,,,COVER 3,,MSST 01,MSST 01,24,08; 10; 87,00,0,13,R,18,L,4,2,0,,,OUTSIDE ZONE,MSST 10 OH,,0,0,0,0,0,MSST 01,MSST 01,24,00,08; 10; 87,WIDE OVER,3x1,0,P,,0,COVER 3
44,"2501 Mississippi State O vs Southern Miss, PFF Play 108",108,3,0,10,'-34,P,,,7,1,0,P,L,12,DUO Y OFF,,,,,,,OFF,,COMPLETE,GN,,,DB,,EVEN,4 DOWN,,,COVER 4,,MSST 08,MSST 02,06,08; 87,00; 03,0,12,P,1,L,2,0,1,0,,,,,0,0,0,0,0,MSST 08,MSST 02,06,00; 03,08; 87,EVEN,2x2,0,R,MSST 08,0,COVER 4
45,"2501 Mississippi State O vs Southern Miss, PFF Play 109",109,3,2,10,'-34,2,,,7,2,11,P,R,12,TRIPS - OPEN,,,,,,,,,COMPLETE,GN,,,SCR,,EVEN,4 DOWN,,,COVER 6,,MSST 03,MSST 02,06,08; 87,00; 03,1,12,P,2,R,0,11,1,0,,OUTSIDE ZONE,,,0,0,1,0,0,MSST 03,MSST 02,06,00; 03,08; 87,EVEN,3x1,1,P,MSST 03,0,COVER 6
46,"2501 Mississippi State O vs Southern Miss, PFF Play 110",110,3,1,10,'-45,1,,,7,3,51,P,R,12,ACE YU OFF,,,,,,,OFF,,COMPLETE,GN,,,PA,,UNDER,4 DOWN,,,COVER 3,,MSST 00,MSST 02,06,08; 87,00; 03,1,12,P,3,R,11,51,0,0,,UNDEFINED,MSST 03 OH,,0,0,1,0,0,MSST 00,MSST 02,06,00; 03,08; 87,UNDER,2x2,0,P,MSST 00,1,COVER 3
47,"2501 Mississippi State O vs Southern Miss, PFF Play 111",111,3,1,10,'+14,1,,RA,7,4,5,R,R,12,ACE YU OFF,,,,,,,OFF,,,GN,,,ZN,,BENCH,4 DOWN,,,COVER 6,,MSST 06,MSST 02,06,08; 87,00; 03,0,12,R,4,R,51,5,0,,,OUTSIDE ZONE,,,0,0,0,0,0,MSST 06,MSST 02,06,00; 03,08; 87,WIDE UNDER,2x2,1,P,,0,COVER 6
48,"2501 Mississippi State O vs Southern Miss, PFF Play 112",112,3,2,5,'+9,2,,RA,7,5,8,R,R,12,ACE YU OFF,,,,,,,OFF,,,GN,,WK,GAP,,EVEN,4 DOWN,,,COVER 3,,MSST 06,MSST 02,06,08; 87,00; 03,1,12,R,5,R,5,8,0,,,COUNTER,,,0,0,1,0,0,MSST 06,MSST 02,06,00; 03,08; 87,EVEN,2x2,0,R,,0,COVER 3
49,"2501 Mississippi State O vs Southern Miss, PFF Play 113",113,3,1,1,'+1,1,GL,RA,7,6,0,R,R,12,ACE YU OFF,,,,,,,OFF,,,GN,,,ZN,,JACK,4 DOWN,,,COVER 0,,MSST 06,MSST 02,06,08; 87,00; 03,1,12,R,6,R,8,0,0,,,MAN,,,0,0,1,0,0,MSST 06,MSST 02,06,00; 03,08; 87,OTHER,2x2,0,R,,0,COVER 0
50,"2501 Mississippi State O vs Southern Miss, PFF Play 114",114,3,2,1,'+1,2,GL,RA,7,7,0,R,R,11,TREY U HIP,,,,,,,WING PRO,,,GN,,,ZN,,EVEN,4 DOWN,,,COVER 0,,MSST 24,MSST 02,24,08,00; 03; 11,0,11,R,7,R,0,0,0,,,MAN,ILF,,0,0,0,0,0,MSST 24,MSST 02,24,00; 03; 11,08,EVEN,1x3,1,R,,0,COVER 0
51,"2501 Mississippi State O vs Southern Miss, PFF Play 115",115,3,2,6,'+6,2,,RA,7,8,6,R,R,11,TRIPS - OPEN,,Z ORB,,,,,,,,GF,,,ZN,,WIDE OVER,4 DOWN,,,COVER 0,,MSST 24,MSST 02,24,08,00; 03; 11,0,11,R,8,R,0,6,0,,,OUTSIDE ZONE,,MSST 24,0,0,0,0,0,MSST 24,MSST 02,24,00; 03; 11,08,WIDE OVER,1x3,1,R,,0,COVER 0
52,"2501 Mississippi State O vs Southern Miss, PFF Play 122",122,3,0,10,'-23,P,,,8,1,2,R,L,11,DOUBLES,,,,,,,OPEN,,,GF,,,ZN,,OVER,4 DOWN,,,COVER 3 SEAM,,MSST 06,MSST 02,06,05,00; 03; 04,0,11,R,1,L,6,2,0,,,MAN,,,0,0,0,0,0,MSST 06,MSST 02,06,00; 03; 04,05,OVER,2x2,1,R,,0,COVER 3 SEAM
53,"2501 Mississippi State O vs Southern Miss, PFF Play 123",123,3,2,8,'-25,2,,,8,2,12,P,C,11,DOUBLES,,,,,,,OPEN,,COMPLETE,GF,,,PA,,BENCH,4 DOWN,,,COVER 4,,MSST 00,MSST 02,06,05,00; 03; 04,1,11,P,2,C,2,12,0,0,,UNDEFINED,,,0,0,1,0,0,MSST 00,MSST 02,06,00; 03; 04,05,WIDE UNDER,2x2,0,R,MSST 00,1,COVER 4
54,"2501 Mississippi State O vs Southern Miss, PFF Play 124",124,3,1,10,'-37,1,,,8,3,13,R,R,11,DOUBLES,,,,,,,OPEN,,,GN,QB DRAW,,DRAW,,WIDE OVER,4 DOWN,,,COVER 3,,MSST 20,MSST 02,20,05,07; 09; 11,0,11,R,3,R,12,13,0,,,DRAW,,,0,0,0,0,0,MSST 20,MSST 02,20,07; 09; 11,05,WIDE OVER,2x2,0,P,,1,COVER 3
55,"2501 Mississippi State O vs Southern Miss, PFF Play 125",125,3,1,10,'+50,1,,,8,4,0,P,R,11,DOUBLES,,,,,,,OPEN,,INCOMPLETE,GN,,,PA,,WIDE OVER,4 DOWN,,,COVER 1,,MSST 07,MSST 02,20,05,07; 09; 11,1,11,P,4,R,13,,0,0,,UNDEFINED,,,0,0,1,0,0,,MSST 02,20,07; 09; 11,05,WIDE OVER,2x2,0,R,MSST 07,1,COVER 1
56,"2501 Mississippi State O vs Southern Miss, PFF Play 126",126,3,2,10,'+50,2,,,8,5,16,P,R,11,TREY Y OFF,,,,,,,OFF,,COMPLETE,GN,,,PA,,EVEN,4 DOWN,,,COVER 3,,MSST 04,MSST 02,24,05,00; 03; 04,0,11,P,5,R,13,16,0,0,,UNDEFINED,,,0,0,0,0,0,MSST 04,MSST 02,24,00; 03; 04,05,EVEN,1x3,0,P,MSST 04,1,COVER 3
57,"2501 Mississippi State O vs Southern Miss, PFF Play 127",127,3,1,10,'+34,1,,,8,6,0,P,R,11,TREY Y OFF,,,,,,,OFF,,INCOMPLETE,GN,,,PA,,EVEN,4 DOWN,,,COVER 4,,MSST 00,MSST 02,24,05,00; 03; 04,1,11,P,6,R,16,,0,0,,UNDEFINED,,,0,0,1,0,0,,MSST 02,24,00; 03; 04,05,EVEN,1x3,0,P,MSST 00,0,COVER 4
58,"2501 Mississippi State O vs Southern Miss, PFF Play 128",128,3,2,10,'+34,2,,,8,7,7,P,R,11,TRIPS - OPEN,,,,,,,,,COMPLETE,GN,,,PA,,BENCH,4 DOWN,,,COVER 3,,MSST 11,MSST 02,24,05,00; 03; 11,0,11,P,7,R,16,7,1,0,,OUTSIDE ZONE,,,0,0,0,0,0,MSST 11,MSST 02,24,00; 03; 11,05,WIDE UNDER,3x1,0,P,MSST 11,0,COVER 3
59,"2501 Mississippi State O vs Southern Miss, PFF Play 129",129,3,3,3,'+27,3,,,8,8,10,P,R,11,TRIPS - SLOT,,,,,,,OPEN,,COMPLETE,GEMP,,,QK,,WIDE OVER,4 DOWN,,,COVER 3,,MSST 11,MSST 02,24,05,00; 03; 11,1,11,P,8,R,7,10,0,1,,INSIDE ZONE,,,0,0,1,0,0,MSST 11,MSST 02,24,00; 03; 11,05,WIDE OVER,3x2,1,P,MSST 11,1,COVER 3
60,"2501 Mississippi State O vs Southern Miss, PFF Play 130",130,3,1,10,'+17,1,,RA,8,9,11,R,R,11,DUO Y OFF,,,,,,,OFF,,,GN,,WK,GAP,,EVEN,4 DOWN,,,COVER 3,,MSST 24,MSST 02,24,05,03; 09; 11,1,11,R,9,R,10,11,0,,,COUNTER,,,0,0,1,0,0,MSST 24,MSST 02,24,03; 09; 11,05,EVEN,2x2,0,P,,0,COVER 3
61,"2501 Mississippi State O vs Southern Miss, PFF Play 131",131,3,1,6,'+6,1,,RA,8,10,5,R,R,11,ACE YU OFF,,,,,,,OFF,,,GN,Y INSERT,,ZN,,EVEN,4 DOWN,,,COVER 3,,MSST 24,MSST 02,24,05,04; 09; 12,1,11,R,10,R,11,5,0,,,INSIDE ZONE,,,0,0,1,0,0,MSST 24,MSST 02,24,04; 09; 12,05,EVEN,2x2,1,R,,0,COVER 3
62,"2501 Mississippi State O vs Southern Miss, PFF Play 132",132,3,2,1,'+1,2,GL,RA,8,11,1,R,C,11,ACE YU OFF,,,,,,,OFF,,,GN,,STR,ZN,,BEAR,,,,COVER 0,,MSST 24,MSST 02,24,05,04; 09; 12,1,11,R,11,C,5,1,0,,,INSIDE ZONE,,MSST 24,0,0,1,0,0,MSST 24,MSST 02,24,04; 09; 12,05,BEAR,2x2,1,R,,0,COVER 0
63,"2501 Mississippi State O vs Southern Miss, PFF Play 136",136,3,0,10,'+42,P,,,9,1,6,R,L,12,TREY Y OFF,,,,,,,OFF,,,GN,,,ZN,,OVER,4 DOWN,,,COVER 3,,MSST D05,MSST D05,20,08; 87,00; D05,0,12,R,1,L,1,6,0,,,OUTSIDE ZONE,,,1,1,0,0,0,MSST D05,MSST D05,20,00; D05,08; 87,OVER,4x0,0,R,,1,COVER 3
64,"2501 Mississippi State O vs Southern Miss, PFF Play 137",137,3,2,4,'+36,2,,,9,2,6,P,R,12,TREY Y OFF,,,,,,,OFF,,COMPLETE,GN,,,PA,,EVEN,4 DOWN,,,COVER 2,,MSST 20,MSST 02,20,08; 87,00; D05,1,12,P,2,R,6,6,0,0,,INSIDE ZONE,,,0,1,1,0,0,MSST 20,MSST 02,20,00; D05,08; 87,EVEN,1x3,0,R,MSST 20,0,COVER 2
65,"2501 Mississippi State O vs Southern Miss, PFF Play 138",138,3,1,10,'+30,1,,,9,3,0,P,R,11,TREY Y OFF,,,,,,,OFF,,HIT AS THREW,GN,,,PA,,OVER,4 DOWN,,,COVER 3,,,MSST 02,20,08,00; 03; 04,0,11,P,3,R,6,,0,0,,POWER,,,0,0,0,0,0,,MSST 02,20,00; 03; 04,08,OVER,1x3,0,P,,1,COVER 3
66,"2501 Mississippi State O vs Southern Miss, PFF Play 139",139,3,2,10,'+30,2,,,9,4,2,R,R,11,TREY Y OFF,,,,,,,OFF,,,GN,,,GAP,,BEAR,,,,COVER 3,,MSST 06,MSST 02,06,08,00; 03; 04,0,11,R,4,R,6,2,0,,,COUNTER,,,0,0,0,0,0,MSST 06,MSST 02,06,00; 03; 04,08,BEAR,1x3,0,P,,1,COVER 3
67,"2501 Mississippi State O vs Southern Miss, PFF Play 140",140,3,3,8,'+28,3,,,9,5,12,P,R,11,DOUBLES,,,,,,,OPEN,,COMPLETE,GN,,,DB,,UNDER,4 DOWN,,,COVER 3,,MSST 06,MSST 02,06,08,00; 03; 04,1,11,P,5,R,2,12,1,0,,,,,0,0,1,0,0,MSST 06,MSST 02,06,00; 03; 04,08,UNDER,2x2,0,R,MSST 06,1,COVER 3
68,"2501 Mississippi State O vs Southern Miss, PFF Play 141",141,3,1,10,'+16,1,,RA,9,6,6,P,L,11,TRIPS - OPEN,,,,,,,,,COMPLETE,GN,,,SCR,,SPLIT,,,,COVER 3 SEAM,,MSST 00,MSST 02,06,08,00; 03; 04,1,11,P,6,L,12,6,1,0,,OUTSIDE ZONE,,,0,0,1,0,0,MSST 00,MSST 02,06,00; 03; 04,08,NO INTERIOR,1x3,1,P,MSST 00,0,COVER 3 SEAM
69,"2501 Mississippi State O vs Southern Miss, PFF Play 142",142,3,2,4,'+10,2,,RA,9,7,6,R,L,11,TREY Y OFF,,,,,,,OFF,,,GN,,,GAP,,JACK,4 DOWN,,,COVER 3,,MSST 06,MSST 02,06,10,04; 09; 12,0,11,R,7,L,6,6,0,,,COUNTER,,,0,0,0,0,0,MSST 06,MSST 02,06,04; 09; 12,10,OTHER,3x1,0,P,,0,COVER 3
70,"2501 Mississippi State O vs Southern Miss, PFF Play 143",143,3,1,4,'+4,1,GL,RA,9,8,1,R,L,11,DOUBLES,,,,,,,OPEN,,,GN,Y INSERT,,ZN,,EVEN,4 DOWN,,,RED ZONE,,MSST 06,MSST 02,06,10,04; 09; 12,1,11,R,8,L,6,1,0,,,INSIDE ZONE,,,0,0,1,0,0,MSST 06,MSST 02,06,04; 09; 12,10,EVEN,2x2,1,R,,0,RED ZONE
71,"2501 Mississippi State O vs Southern Miss, PFF Play 144",144,3,2,3,'+3,2,GL,RA,9,9,3,R,L,11,PRO - OPEN,,,,,,,OFF,,,GN,,,ZN,,UNDER,5 DOWN,,,COVER 0,,MSST 06,MSST 02,06,10,03; 04; 12,0,11,R,9,L,1,3,0,,,INSIDE ZONE,,MSST 06,0,0,0,0,0,MSST 06,MSST 02,06,03; 04; 12,10,UNDER,2x1,1,R,,0,COVER 0
72,"2501 Mississippi State O vs Southern Miss, PFF Play 151",151,3,0,10,'-20,P,,,10,1,-6,P,L,11,TREY Y OFF,,,,,,,OFF,,SACK,GN,,,PA,,BENCH,4 DOWN,,,COVER 3,,MSST 02,MSST 02,20,05,03; 04; 09,0,11,P,1,L,3,-6,0,0,,COUNTER,,,0,0,0,0,0,MSST 02,MSST 02,20,03; 04; 09,05,WIDE UNDER,3x1,1,R,,1,COVER 3
73,"2501 Mississippi State O vs Southern Miss, PFF Play 152",152,4,2,16,'-14,2,,,10,2,-5,X,L,11,TRIPS - OPEN,,,,,,,,,,GF,,,,,WIDE OVER,4 DOWN,,,,,,MSST 02,20,05,04; 09; 11,0,11,X,2,L,-6,,0,,,,MSST 74 FST,,0,0,0,0,0,,MSST 02,20,04; 09; 11,05,WIDE OVER,1x3,0,P,,0,
74,"2501 Mississippi State O vs Southern Miss, PFF Play 153",153,4,2,21,'-9,2,,,10,3,10,R,L,11,TRIPS - OPEN,,,,,,,,,,GF,,,ZN,,OVER,4 DOWN,,,COVER 6,,MSST 20,MSST 02,20,05,04; 09; 11,0,11,R,3,L,-6,10,0,,,OUTSIDE ZONE,,,0,0,0,0,0,MSST 20,MSST 02,20,04; 09; 11,05,OVER,1x3,1,P,,0,COVER 6
75,"2501 Mississippi State O vs Southern Miss, PFF Play 154",154,4,3,11,'-19,3,,,10,4,9,P,L,11,DOUBLES,,,,,,,OPEN,,COMPLETE,GN,,,DB,,WIDE OVER,4 DOWN,,,COVER 3 SEAM,,MSST 20,MSST 02,20,05,04; 09; 11,1,11,P,4,L,10,9,0,0,,,,,0,0,1,0,0,MSST 20,MSST 02,20,04; 09; 11,05,WIDE OVER,2x2,0,R,MSST 20,1,COVER 3 SEAM
76,"2501 Mississippi State O vs Southern Miss, PFF Play 168",168,4,0,10,'-7,P,,,11,1,7,R,R,12,ACE YU OFF,,,,,,,OFF,,,GN,,,ZN,,EVEN,4 DOWN,,,COVER 3,,MSST 20,MSST 17,20,05; 10,07; 09,0,12,R,1,R,9,7,0,,,OUTSIDE ZONE,MSST 74 OH,,0,0,0,0,0,MSST 20,MSST 17,20,07; 09,05; 10,EVEN,2x2,0,P,,0,COVER 3
77,"2501 Mississippi State O vs Southern Miss, PFF Play 169",169,4,1,14,'-3,1,,,11,2,2,R,R,12,ACE YU OFF,,,,,,,OFF,,,GN,,,ZN,,OVER,4 DOWN,,,COVER 3,,MSST 20,MSST 17,20,05; 10,07; 09,0,12,R,2,R,7,2,0,,,INSIDE ZONE,,,0,0,0,0,0,MSST 20,MSST 17,20,07; 09,05; 10,OVER,2x2,1,R,,0,COVER 3
78,"2501 Mississippi State O vs Southern Miss, PFF Play 170",170,4,2,12,'-5,2,,,11,3,3,R,C,12,TRIPS - SLOT,,,,,,,OPEN,,,GEMP,QB DRAW,,DRAW,,WIDE OVER,4 DOWN,,,COVER 3 SEAM,,MSST 17,MSST 17,20,05; 10,07; 09,0,12,R,3,C,2,3,0,,,DRAW,,,0,0,0,0,0,MSST 17,MSST 17,20,07; 09,05; 10,WIDE OVER,2x3,1,R,,0,COVER 3 SEAM
79,"2501 Mississippi State O vs Southern Miss, PFF Play 171",171,4,3,9,'-8,3,,,11,4,13,P,C,11,TRIPS - OPEN,,,,,,,,,RUN,GF,,,DB,,WIDE OVER,4 DOWN,,,COVER 3,,MSST 17,MSST 17,20,05,07; 09; 11,0,11,P,4,C,3,13,0,0,,,,,0,0,0,0,0,MSST 17,MSST 17,20,07; 09; 11,05,WIDE OVER,1x3,0,R,,0,COVER 3
80,"2501 Mississippi State O vs Southern Miss, PFF Play 172",172,4,1,10,'-21,1,,,11,5,7,P,C,11,TREY Y OFF,,,,,,,OFF,,COMPLETE,GN,,,PA,,BENCH,4 DOWN,,,COVER 3,,MSST 07,MSST 17,22,05,07; 11; 14,1,11,P,5,C,13,7,0,0,,UNDEFINED,,,0,0,1,0,0,MSST 07,MSST 17,22,07; 11; 14,05,WIDE UNDER,3x1,0,P,MSST 07,1,COVER 3
81,"2501 Mississippi State O vs Southern Miss, PFF Play 173",173,4,2,3,'-28,2,,,11,6,3,R,L,11,TREY Y OFF,,,,,,,OFF,,,GN,,,GAP,,EVEN,4 DOWN,,,COVER 6,,MSST 22,MSST 17,22,05,07; 11; 14,1,11,R,6,L,7,3,0,,,COUNTER,,,0,0,1,0,0,MSST 22,MSST 17,22,07; 11; 14,05,EVEN,3x1,0,P,,0,COVER 6
82,"2501 Mississippi State O vs Southern Miss, PFF Play 174",174,4,1,10,'-31,1,,,11,7,0,P,L,11,TRIPS - OPEN,,,,,,,,,INCOMPLETE,GN,,,QK,,UNDER,4 DOWN,,,COVER 3,,MSST 12,MSST 17,22,05,11; 12; 14,0,11,P,7,L,3,,0,1,,INSIDE ZONE,,,0,0,0,0,0,,MSST 17,22,11; 12; 14,05,UNDER,3x1,1,R,MSST 12,1,COVER 3
83,"2501 Mississippi State O vs Southern Miss, PFF Play 175",175,4,2,10,'-31,2,,,11,8,5,R,L,11,TRIPS - SLOT,,,,,,,OPEN,,,GEMP,QB DRAW,,DRAW,,ODD,4 DOWN,,,COVER 3,,MSST 17,MSST 17,22,05,11; 12; 14,0,11,R,8,L,3,5,0,,,DRAW,,,0,0,0,0,0,MSST 17,MSST 17,22,11; 12; 14,05,ODD,3x2,0,P,,0,COVER 3
84,"2501 Mississippi State O vs Southern Miss, PFF Play 176",176,4,3,5,'-36,3,,,11,9,0,P,L,11,TRIPS - SLOT,,,,,,,OPEN,,BATTED PASS,GEMP,,,DB,,WIDE OVER,4 DOWN,,,COVER 0,,,MSST 17,22,05,07; 11; 14,0,11,P,9,L,5,,0,0,,,,,0,0,0,0,1,,MSST 17,22,07; 11; 14,05,WIDE OVER,3x2,0,R,,1,COVER 0
85,"2501 Mississippi State O vs Southern Miss, PFF Play 194",194,4,0,10,'-35,P,,,12,1,3,R,R,11,TRIPS - OPEN,,,,,,,,,,GN,,WK,ZN,,WIDE OVER,4 DOWN,,,COVER 3,,MSST 26,MSST 01,26,10,07; 09; 14,0,11,R,1,R,5,3,0,,,OUTSIDE ZONE,,,0,0,0,0,1,MSST 26,MSST 01,26,07; 09; 14,10,WIDE OVER,1x3,0,P,,0,COVER 3
86,"2502 Mississippi State O vs Arizona State, PFF Play 002",2,1,0,10,'-25,P,,,1,1,-1,P,R,11,QUADS - NIX,,,,,,,,BUBBLE SCR,COMPLETE,GN,,,PA,,WIDE OVER,4 DOWN,,,COVER 3,,MSST 03,MSST 02,06,08,00; 03; 04,0,11,P,1,R,,-1,1,0,,INSIDE ZONE,,,0,0,0,0,0,MSST 03,MSST 02,06,00; 03; 04,08,WIDE OVER,0x4,0,,MSST 03,0,COVER 3
87,"2502 Mississippi State O vs Arizona State, PFF Play 003",3,1,2,11,'-24,2,,,1,2,15,R,L,11,TRIPS - OPEN,,Y MTR,,,,,,,,GF,,,ZN,,BENCH,4 DOWN,,,COVER 3,,MSST 06,MSST 02,06,08,00; 03; 04,1,11,R,2,L,-1,15,0,,,OUTSIDE ZONE,,,0,0,1,0,0,MSST 06,MSST 02,06,00; 03; 04,08,WIDE UNDER,1x3,0,P,,0,COVER 3
88,"2502 Mississippi State O vs Arizona State, PFF Play 004",4,1,1,10,'-39,1,,,1,3,13,P,L,11,ACE YU OFF,,,,,,,OFF,,COMPLETE,GN,,,DB,,BENCH,4 DOWN,,,COVER 3,,MSST 03,MSST 02,06,08,00; 03; 04,1,11,P,3,L,15,13,0,0,,,,,0,0,1,0,0,MSST 03,MSST 02,06,00; 03; 04,08,WIDE UNDER,2x2,0,R,MSST 03,0,COVER 3
89,"2502 Mississippi State O vs Arizona State, PFF Play 005",5,1,1,10,'+48,1,,,1,4,48,P,L,11,DOUBLES,,,,,,,OPEN,,COMPLETE,GF,,,PA,,BENCH,4 DOWN,,,COVER 3,,MSST 03,MSST 02,06,08,00; 03; 04,1,11,P,4,L,13,48,0,0,,INSIDE ZONE,,MSST 03,0,0,1,0,0,MSST 03,MSST 02,06,00; 03; 04,08,WIDE UNDER,2x2,0,P,MSST 03,0,COVER 3
90,"2502 Mississippi State O vs Arizona State, PFF Play 014",14,1,0,10,'-40,P,,,2,1,14,P,R,12,ACE YU OFF,,,,,,,OFF,,COMPLETE,GN,,,DB,,BENCH,4 DOWN,,,COVER 4,,MSST 00,MSST 02,24,08; 87,00; 03,0,12,P,1,R,48,14,0,0,,,,,0,0,0,0,0,MSST 00,MSST 02,24,00; 03,08; 87,WIDE UNDER,2x2,0,P,MSST 00,0,COVER 4
91,"2502 Mississippi State O vs Arizona State, PFF Play 015",15,1,1,10,'+46,1,,,2,2,1,R,L,12,ACE YU OFF,,,,,,,OFF,,,GF,,,GAP,,BENCH,4 DOWN,,,COVER 3,,MSST 24,MSST 02,24,08; 87,00; 03,1,12,R,2,L,14,1,0,,,COUNTER,,,0,0,1,0,0,MSST 24,MSST 02,24,00; 03,08; 87,WIDE UNDER,2x2,1,P,,1,COVER 3
92,"2502 Mississippi State O vs Arizona State, PFF Play 016",16,1,2,9,'+45,2,,,2,3,7,R,L,12,ACE YU OFF,,BUZZ,,,,,OFF,,,GF,,,ZN,,BENCH,4 DOWN,,,COVER 2,,MSST 24,MSST 02,24,10; 87,00; 03,0,12,R,3,L,1,7,0,,,OUTSIDE ZONE,,,0,0,0,0,0,MSST 24,MSST 02,24,00; 03,10; 87,WIDE UNDER,2x2,1,R,,0,COVER 2
93,"2502 Mississippi State O vs Arizona State, PFF Play 017",17,1,3,2,'+38,3,SY,,2,4,0,R,L,12,TREY Y OFF,,,,,,,OFF,,,GF,ZONE RD ARC,,ZN,,WIDE OVER,4 DOWN,,,COVER 1,,MSST 02,MSST 02,24,10; 87,00; 03,1,12,R,4,L,7,0,0,,,INSIDE ZONE,,,0,0,1,0,0,MSST 02,MSST 02,24,00; 03,10; 87,WIDE OVER,3x0,1,R,,1,COVER 1
94,"2502 Mississippi State O vs Arizona State, PFF Play 018",18,1,4,2,'+38,4,SY,,2,5,1,P,L,11,TRIPS - SLOT,,,,,,,OPEN,,RUN,GEMP,,,DB,,WIDE OVER,4 DOWN,,,COVER 1,,MSST 02,MSST 02,24,87,00; 03; 11,0,11,P,5,L,0,1,0,0,,,,,0,0,0,0,0,MSST 02,MSST 02,24,00; 03; 11,87,WIDE OVER,3x2,0,R,,0,COVER 1
95,"2502 Mississippi State O vs Arizona State, PFF Play 023",23,1,0,10,'-37,P,,,3,1,-2,R,R,11,TREY Y OFF,,BUZZ,,,,,OFF,,,GN,,,,,WIDE OVER,4 DOWN,,,COVER 3,,MSST 06,MSST 02,06,08,00; 04; 09,0,11,R,1,R,1,-2,0,,,TRAP,,,0,0,0,0,0,MSST 06,MSST 02,06,00; 04; 09,08,WIDE OVER,1x3,0,P,,0,COVER 3
96,"2502 Mississippi State O vs Arizona State, PFF Play 024",24,1,2,12,'-35,2,,,3,2,1,R,R,11,DUO Y OFF,,,,,,,OFF,,,GN,,,ZN,,BENCH,4 DOWN,,,COVER 4,,MSST 06,MSST 02,06,08,00; 03; 04,1,11,R,2,R,-2,1,0,,,MAN,,,0,0,1,0,0,MSST 06,MSST 02,06,00; 03; 04,08,WIDE UNDER,2x2,0,R,,0,COVER 4
97,"2502 Mississippi State O vs Arizona State, PFF Play 025",25,1,3,11,'-36,3,,,3,3,0,P,R,11,TRIPS - OPEN,,,,,,,,,INCOMPLETE,GF,,,DB,,ONE INTERIOR,,,,COVER 2,,MSST 11,MSST 02,06,08,00; 03; 11,1,11,P,3,R,1,,0,0,,,,,0,0,1,0,0,,MSST 02,06,00; 03; 11,08,ONE INTERIOR,1x3,0,R,MSST 11,0,COVER 2
98,"2502 Mississippi State O vs Arizona State, PFF Play 031",31,1,0,10,'-36,P,,,4,1,15,P,R,11,DUO Y OFF,,,,,,,OFF,,COMPLETE,GN,,,PA,,BENCH,4 DOWN,,,COVER 3,,MSST 03,MSST 02,24,87,00; 03; 04,0,11,P,1,R,1,15,0,0,,MAN,,,0,0,0,0,0,MSST 03,MSST 02,24,00; 03; 04,87,WIDE UNDER,2x2,1,P,MSST 03,0,COVER 3
99,"2502 Mississippi State O vs Arizona State, PFF Play 032",32,1,1,10,'+49,1,,,4,2,0,P,C,11,DOUBLES,,,,,,,OPEN,,INCOMPLETE,GF,,,PA,,BENCH,4 DOWN,,,COVER 3 SEAM,,MSST 87,MSST 02,24,87,00; 03; 04,1,11,P,2,C,15,,0,0,,UNDEFINED,,,0,0,1,0,0,,MSST 02,24,00; 03; 04,87,WIDE UNDER,2x2,0,P,MSST 87,0,COVER 3 SEAM
100,"2502 Mississippi State O vs Arizona State, PFF Play 033",33,1,2,10,'+49,2,,,4,3,7,R,C,11,DUO Y OFF,,,,,,,OFF,,,GN,,,ZN,,BENCH,4 DOWN,,,COVER 4,,MSST 24,MSST 02,24,87,00; 03; 04,0,11,R,3,C,15,7,0,,,INSIDE ZONE,,,0,0,0,0,0,MSST 24,MSST 02,24,00; 03; 04,87,WIDE UNDER,2x2,0,P,,0,COVER 4
101,"2502 Mississippi State O vs Arizona State, PFF Play 034",34,1,3,3,'+42,3,,,4,4,4,R,C,11,DUO Y OFF,,,,,,,OFF,,,GN,,STR,ZN,,WIDE OVER,4 DOWN,,,COVER 1,,MSST 24,MSST 02,24,87,00; 03; 04,1,11,R,4,C,7,4,0,,,INSIDE ZONE,,,0,0,1,0,0,MSST 24,MSST 02,24,00; 03; 04,87,WIDE OVER,2x2,0,R,,0,COVER 1
102,"2502 Mississippi State O vs Arizona State, PFF Play 035",35,1,1,10,'+38,1,,,4,5,7,R,L,11,TRIPS - OPEN,,Y MTR,,,,,,,,GF,,,ZN,,WIDE OVER,4 DOWN,,,COVER 3,,MSST 24,MSST 02,24,87,00; 03; 04,1,11,R,5,L,4,7,0,,,OUTSIDE ZONE,AZST D32 DOF,,0,0,1,0,0,MSST 24,MSST 02,24,00; 03; 04,87,WIDE OVER,3x1,0,R,,0,COVER 3
103,"2502 Mississippi State O vs Arizona State, PFF Play 036",36,1,1,5,'+33,1,,,4,6,4,R,L,11,DUO Y OFF,,,,,,,OFF,,,GN,,,ZN,,BENCH,4 DOWN,,,COVER 3,,MSST 06,MSST 02,06,08,00; 04; 09,0,11,R,6,L,7,4,0,,,OUTSIDE ZONE,,,0,0,0,0,0,MSST 06,MSST 02,06,00; 04; 09,08,WIDE UNDER,2x2,1,R,,0,COVER 3
104,"2502 Mississippi State O vs Arizona State, PFF Play 037",37,1,2,1,'+29,2,,,4,7,7,R,L,11,DUO Y OFF,,,,,,,OFF,,,GN,,,ZN,,WIDE OVER,4 DOWN,,,COVER 3,,MSST 06,MSST 02,06,08,00; 03; 04,1,11,R,7,L,4,7,0,,,INSIDE ZONE,,,0,0,1,0,0,MSST 06,MSST 02,06,00; 03; 04,08,WIDE OVER,2x2,0,R,,1,COVER 3
105,"2502 Mississippi State O vs Arizona State, PFF Play 038",38,1,1,10,'+22,1,,RA,4,8,3,R,L,11,SLOT - OPEN,,,,,,,OFF,,,GF,,STR,ZN,,WIDE OVER,4 DOWN,,,COVER 4,,MSST 06,MSST 02,06,08,00; 03; 04,1,11,R,8,L,7,3,0,,,INSIDE ZONE,,,0,0,1,0,0,MSST 06,MSST 02,06,00; 03; 04,08,WIDE OVER,2x1,0,R,,0,COVER 4
106,"2502 Mississippi State O vs Arizona State, PFF Play 039",39,1,2,7,'+19,2,,RA,4,9,6,P,L,11,TRIPS - OPEN,,Y MTR,,,,,,,COMPLETE,GF,,,PA,,WIDE OVER,4 DOWN,,,COVER 3,,MSST 00,MSST 02,24,08,00; 03; 04,0,11,P,9,L,3,6,0,0,,OUTSIDE ZONE,,,0,0,0,0,0,MSST 00,MSST 02,24,00; 03; 04,08,WIDE OVER,3x1,1,R,MSST 00,0,COVER 3
107,"2502 Mississippi State O vs Arizona State, PFF Play 040",40,1,3,1,'+13,3,SY,RA,4,10,3,R,L,11,EMPTY 4x1 Y OFF,,,,,,,OFF,,,GEMP,,,ZN,,WIDE OVER,4 DOWN,,,COVER 4,,MSST 02,MSST 02,24,08,00; 03; 04,0,11,R,10,L,6,3,0,,,INSIDE ZONE,,,0,0,0,0,0,MSST 02,MSST 02,24,00; 03; 04,08,WIDE OVER,4x1,0,P,,0,COVER 4
108,"2502 Mississippi State O vs Arizona State, PFF Play 041",41,1,1,10,'+10,1,,RA,4,11,-4,P,L,11,SLOT - OPEN,,,,,,,OFF,,SACK,GF,,,PA,,BENCH,4 DOWN,,,RED ZONE,,MSST 02,MSST 02,24,08,00; 03; 04,1,11,P,11,L,3,-4,0,0,,MAN,,,0,0,1,0,0,MSST 02,MSST 02,24,00; 03; 04,08,WIDE UNDER,2x1,0,R,,0,RED ZONE
109,"2502 Mississippi State O vs Arizona State, PFF Play 042",42,1,2,14,'+14,2,,RA,4,12,0,P,L,11,DUO Y OFF,,,,,,,OFF,,INCOMPLETE,GN,,,DB,,WIDE OVER,4 DOWN,,,COVER 2,,MSST 03,MSST 02,24,08,00; 03; 04,0,11,P,12,L,-4,,0,0,,,,,0,0,0,0,0,,MSST 02,24,00; 03; 04,08,WIDE OVER,2x2,0,P,MSST 03,0,COVER 2
110,"2502 Mississippi State O vs Arizona State, PFF Play 043",43,1,3,14,'+14,3,,RA,4,13,0,P,L,11,DUO Y OFF,,,,,,,OFF,,HIT AS THREW,GF,,,DB,,BENCH,4 DOWN,,,COVER 4,,,MSST 02,24,08,00; 03; 04,0,11,P,13,L,-4,,0,0,,,,,0,0,0,0,0,,MSST 02,24,00; 03; 04,08,WIDE UNDER,2x2,0,P,,0,COVER 4
111,"2502 Mississippi State O vs Arizona State, PFF Play 055",55,2,0,10,'+47,P,,,5,1,0,P,C,11,DOUBLES,,,,,,,OPEN,,INCOMPLETE,GF,,,PA,,WIDE OVER,4 DOWN,,,COVER 4,,MSST 08,MSST 02,24,08,00; 03; 11,0,11,P,1,C,-4,,0,0,,MAN,,,0,0,0,0,0,,MSST 02,24,00; 03; 11,08,WIDE OVER,2x2,0,P,MSST 08,0,COVER 4
112,"2502 Mississippi State O vs Arizona State, PFF Play 056",56,2,2,10,'+47,2,,,5,2,47,P,C,11,DUO Y OFF,,,,,,,OFF,,COMPLETE,GF,,,DB,,BENCH,4 DOWN,,,COVER 1,,MSST 00,MSST 02,24,08,00; 03; 11,0,11,P,2,C,-4,47,0,0,,,,MSST 00,0,0,0,0,0,MSST 00,MSST 02,24,00; 03; 11,08,WIDE UNDER,2x2,0,P,MSST 00,1,COVER 1
113,"2502 Mississippi State O vs Arizona State, PFF Play 067",67,2,0,10,'-18,P,,,6,1,0,R,R,11,SLOT - OPEN,,,,,,,OFF,,,GF,,,GAP,,BENCH,4 DOWN,,,COVER 3,,MSST 06,MSST 02,06,08,00; 03; 04,0,11,R,1,R,47,0,0,,,POWER,,,0,0,0,0,0,MSST 06,MSST 02,06,00; 03; 04,08,WIDE UNDER,1x2,0,P,,0,COVER 3
114,"2502 Mississippi State O vs Arizona State, PFF Play 068",68,2,2,10,'-18,2,,,6,2,1,P,L,11,ACE YU OFF,,,,,,,OFF,,RUN,GN,,,SCR,,EVEN,4 DOWN,,,COVER 4,,MSST 02,MSST 02,06,08,00; 03; 04,1,11,P,2,L,0,1,0,0,,OUTSIDE ZONE,,,0,0,1,0,0,MSST 02,MSST 02,06,00; 03; 04,08,EVEN,2x2,0,R,,0,COVER 4
115,"2502 Mississippi State O vs Arizona State, PFF Play 069",69,2,3,9,'-19,3,,,6,3,-2,P,R,11,TREY Y OFF,,,,,,,OFF,,SACK,GF,,,DB,,ONE INTERIOR,,,,COVER 1,,MSST 02,MSST 02,06,08,00; 03; 04,1,11,P,3,R,1,-2,0,0,,,,,0,0,1,0,0,MSST 02,MSST 02,06,00; 03; 04,08,ONE INTERIOR,1x3,0,P,,0,COVER 1
116,"2502 Mississippi State O vs Arizona State, PFF Play 080",80,2,0,10,'-30,P,,,7,1,3,P,L,11,TREY Y OFF,,,,,,,OFF,,COMPLETE,GN,,,DB,,EVEN,4 DOWN,,,COVER 4,,MSST 03,MSST 02,24,87,00; 03; 11,0,11,P,1,L,-2,3,1,0,,,,,0,0,0,2,0,MSST 03,MSST 02,24,00; 03; 11,87,EVEN,1x3,0,P,MSST 03,0,COVER 4
117,"2502 Mississippi State O vs Arizona State, PFF Play 081",81,2,2,7,'-33,2,,,7,2,0,P,R,11,ACE YU OFF,,,,,,,OFF,,INCOMPLETE,GN,,,DB,,WIDE OVER,4 DOWN,,,COVER 4,,MSST 08,MSST 02,24,08,00; 03; 11,0,11,P,2,R,3,,0,0,,,,,0,0,0,2,0,,MSST 02,24,00; 03; 11,08,WIDE OVER,2x2,0,P,MSST 08,0,COVER 4
118,"2502 Mississippi State O vs Arizona State, PFF Play 082",82,2,3,7,'-33,3,,,7,3,12,P,R,11,DUO Y OFF,,,,,,,OFF,,COMPLETE,GF,,,DB,,BENCH,4 DOWN,,,COVER 3,,MSST 11,MSST 02,24,08,00; 03; 11,0,11,P,3,R,3,12,0,0,,,,,0,0,0,2,0,MSST 11,MSST 02,24,00; 03; 11,08,WIDE UNDER,2x2,0,P,MSST 11,0,COVER 3
119,"2502 Mississippi State O vs Arizona State, PFF Play 083",83,2,1,10,'-45,1,,,7,4,6,P,R,11,DUO Y OFF,,,,,,,OFF,,RUN,GF,,,DB,,ONE INTERIOR,,,,COVER 1,,MSST 02,MSST 02,24,08,00; 03; 11,1,11,P,4,R,12,6,0,0,,,,,0,0,1,2,0,MSST 02,MSST 02,24,00; 03; 11,08,ONE INTERIOR,2x2,0,P,,0,COVER 1
120,"2502 Mississippi State O vs Arizona State, PFF Play 084",84,2,2,4,'+49,2,,,7,5,5,P,R,11,DOUBLES,,,,,,,OPEN,,COMPLETE,GN,,,DB,,ONE INTERIOR,,,,COVER 3 SEAM,,MSST 24,MSST 02,24,08,00; 03; 11,1,11,P,5,R,6,5,0,0,,,,,0,0,1,2,0,MSST 24,MSST 02,24,00; 03; 11,08,ONE INTERIOR,2x2,0,P,MSST 24,0,COVER 3 SEAM
121,"2502 Mississippi State O vs Arizona State, PFF Play 085",85,2,1,10,'+44,1,,,7,6,11,P,L,11,DUO Y OFF,,,,,,,OFF,,RUN,GF,,,DB,,ONE INTERIOR,,,,COVER 1,,MSST 02,MSST 02,24,08,00; 03; 11,1,11,P,6,L,5,11,0,0,,,MSST 52 OH,,0,0,1,2,0,MSST 02,MSST 02,24,00; 03; 11,08,ONE INTERIOR,2x2,0,P,,0,COVER 1
122,"2502 Mississippi State O vs Arizona State, PFF Play 086",86,2,1,20,'-46,1,,,7,7,-9,P,L,11,DUO Y OFF,,,,,,,OFF,,SACK,GF,,,DB,,ONE INTERIOR,,,,COVER 3 CLOUD,,MSST 02,MSST 02,06,08,04; 07; 09,0,11,P,7,L,11,-9,0,0,,,,,0,0,0,2,0,MSST 02,MSST 02,06,04; 07; 09,08,ONE INTERIOR,2x2,0,P,,0,COVER 3 CLOUD
123,"2502 Mississippi State O vs Arizona State, PFF Play 087",87,2,2,29,'-37,2,,,7,8,5,P,L,11,TRIPS - OPEN,,,,,,,,,INCOMPLETE,GF,,,DB,,SPLIT,,,,COVER 3 CLOUD,,MSST 08,MSST 02,06,08,00; 03; 04,0,11,P,8,L,-9,,0,0,,,AZST D55 DOF,,0,0,0,2,0,,MSST 02,06,00; 03; 04,08,NO INTERIOR,3x1,0,P,MSST 08,0,COVER 3 CLOUD
124,"2502 Mississippi State O vs Arizona State, PFF Play 088",88,2,2,24,'-42,2,,,7,9,6,P,C,11,TRIPS - OPEN,,,,,,,,,COMPLETE,GN,,,DB,,EVEN,4 DOWN,,,COVER 4,,MSST 00,MSST 02,06,08,00; 03; 04,0,11,P,9,C,-9,6,0,0,,,,,0,0,0,2,0,MSST 00,MSST 02,06,00; 03; 04,08,EVEN,3x1,0,P,MSST 00,0,COVER 4
125,"2502 Mississippi State O vs Arizona State, PFF Play 089",89,2,3,18,'-48,3,,,7,10,-2,R,L,11,TRIPS - OPEN,,Y MTR,,,,,,,,GF,,,ZN,,LOAD,,,,COVER 4,,MSST 24,MSST 02,24,08,03; 04; 07,0,11,R,10,L,6,-2,0,,,OUTSIDE ZONE,,,0,0,0,2,0,MSST 24,MSST 02,24,03; 04; 07,08,LOAD,1x3,0,P,,0,COVER 4
126,"2502 Mississippi State O vs Arizona State, PFF Play 109",109,3,0,10,'-25,P,,,8,1,1,R,C,11,DOUBLES,,,,,,,OPEN,,,GN,,STR,ZN,,WIDE OVER,4 DOWN,,,COVER 4,,MSST 06,MSST 02,06,08,00; 03; 04,0,11,R,1,C,-2,1,0,,,INSIDE ZONE,,,0,0,0,0,0,MSST 06,MSST 02,06,00; 03; 04,08,WIDE OVER,2x2,1,R,,0,COVER 4
127,"2502 Mississippi State O vs Arizona State, PFF Play 110",110,3,2,9,'-26,2,,,8,2,0,P,C,11,TREY Y OFF,,,,,,,OFF,,INCOMPLETE,GF,,,PA,,WIDE OVER,4 DOWN,,,COVER 1,,MSST 04,MSST 02,06,08,00; 03; 04,0,11,P,2,C,1,,0,0,,UNDEFINED,,,0,0,0,0,0,,MSST 02,06,00; 03; 04,08,WIDE OVER,1x3,0,R,MSST 04,1,COVER 1
128,"2502 Mississippi State O vs Arizona State, PFF Play 111",111,3,3,9,'-26,3,,,8,3,3,P,C,11,TRIPS - OPEN,,,,,,,,,RUN,GF,,,DB,,BENCH,4 DOWN,,,COVER 3 SEAM,,MSST 02,MSST 02,06,08,00; 03; 04,0,11,P,3,C,1,3,0,0,,,,,0,0,0,0,0,MSST 02,MSST 02,06,00; 03; 04,08,WIDE UNDER,1x3,0,P,,0,COVER 3 SEAM
129,"2502 Mississippi State O vs Arizona State, PFF Play 119",119,3,0,10,'-19,P,,,9,1,7,R,L,11,DUO Y OFF,,,,,,,OFF,,,GN,,,ZN,,WIDE OVER,4 DOWN,,,COVER 3,,MSST 24,MSST 02,24,08,00; 03; 11,0,11,R,1,L,3,7,0,,,OUTSIDE ZONE,,,0,0,0,0,0,MSST 24,MSST 02,24,00; 03; 11,08,WIDE OVER,2x2,1,P,,0,COVER 3
130,"2502 Mississippi State O vs Arizona State, PFF Play 120",120,3,2,3,'-26,2,,,9,2,6,P,L,11,TREY Y OFF,,,,,,,OFF,,COMPLETE,GF,,,PA,,BENCH,4 DOWN,,,COVER 4,,MSST 03,MSST 02,24,08,00; 03; 11,1,11,P,2,L,7,6,0,0,,INSIDE ZONE,,,0,0,1,0,0,MSST 03,MSST 02,24,00; 03; 11,08,WIDE UNDER,3x1,0,R,MSST 03,0,COVER 4
131,"2502 Mississippi State O vs Arizona State, PFF Play 121",121,3,1,10,'-32,1,,,9,3,2,P,R,11,DOUBLES,,,,,,,OPEN,,COMPLETE,GF,,,PA,,WIDE OVER,4 DOWN,,,COVER 3 SEAM,,MSST 00,MSST 02,24,08,00; 03; 11,1,11,P,3,R,6,2,0,0,,INSIDE ZONE,,,0,0,1,0,0,MSST 00,MSST 02,24,00; 03; 11,08,WIDE OVER,2x2,0,P,MSST 00,0,COVER 3 SEAM
132,"2502 Mississippi State O vs Arizona State, PFF Play 122",122,3,2,8,'-34,2,,,9,4,5,R,L,11,ACE YU OFF,,,,,,,OFF,,,GN,,,ZN,,WIDE OVER,4 DOWN,,,COVER 4,,MSST 02,MSST 02,24,08,00; 03; 11,1,11,R,4,L,2,5,0,,,OUTSIDE ZONE,,,0,0,1,0,0,MSST 02,MSST 02,24,00; 03; 11,08,WIDE OVER,2x2,1,P,,0,COVER 4
133,"2502 Mississippi State O vs Arizona State, PFF Play 123",123,3,3,3,'-39,3,,,9,5,6,P,C,11,DOUBLES,,,,,,,OPEN,,COMPLETE,GN,,,DB,,SPLIT,,,,COVER 3 SEAM,,MSST 03,MSST 02,24,08,00; 03; 11,1,11,P,5,C,5,6,0,0,,,,,0,0,1,0,0,MSST 03,MSST 02,24,00; 03; 11,08,NO INTERIOR,2x2,0,R,MSST 03,0,COVER 3 SEAM
134,"2502 Mississippi State O vs Arizona State, PFF Play 124",124,3,1,10,'-45,1,,,9,6,0,P,R,11,DUO Y OFF,,,,,,,OFF,,INCOMPLETE,GF,,,DB,,WIDE OVER,4 DOWN,,,COVER 2,,MSST 11,MSST 02,24,08,00; 03; 11,0,11,P,6,R,6,,0,0,,,,,0,0,0,0,0,,MSST 02,24,00; 03; 11,08,WIDE OVER,2x2,0,P,MSST 11,0,COVER 2
135,"2502 Mississippi State O vs Arizona State, PFF Play 125",125,3,2,10,'-45,2,,,9,7,9,R,R,11,TRIPS - OPEN,,,,,,,,,,GF,,,ZN,,BENCH,4 DOWN,,,COVER 3,,MSST 24,MSST 02,24,08,00; 03; 04,0,11,R,7,R,6,9,0,,,OUTSIDE ZONE,,,0,0,0,0,0,MSST 24,MSST 02,24,00; 03; 04,08,WIDE UNDER,3x1,1,P,,0,COVER 3
136,"2502 Mississippi State O vs Arizona State, PFF Play 126",126,3,3,1,'+46,3,SY,,9,8,-5,X,R,11,DUO Y OFF,,,,,,,OFF,,,GN,,,,,WIDE OVER,4 DOWN,,,,,,MSST 02,24,08,00; 03; 04,1,11,X,8,R,9,,0,,,,MSST 03 FST,,0,0,1,0,0,,MSST 02,24,00; 03; 04,08,WIDE OVER,2x2,0,R,,0,
137,"2502 Mississippi State O vs Arizona State, PFF Play 127",127,3,3,6,'-49,3,,,9,9,0,P,R,11,DOUBLES,,,,,,,OPEN,,INCOMPLETE,GN,,,DB,,ONE INTERIOR,,,,COVER 2,,MSST 00,MSST 02,24,08,00; 03; 04,0,11,P,9,R,9,,0,0,,,,,0,0,0,0,0,,MSST 02,24,00; 03; 04,08,ONE INTERIOR,2x2,0,R,MSST 00,1,COVER 2
138,"2502 Mississippi State O vs Arizona State, PFF Play 128",128,3,4,6,'-49,4,,,9,10,0,P,R,11,DUO Y OFF,,,,,,,OFF,,INCOMPLETE,GF,,,DB,,ONE INTERIOR,,,,COVER 1,,MSST 03,MSST 02,24,08,00; 03; 04,0,11,P,10,R,9,,0,0,,,,,0,0,0,0,0,,MSST 02,24,00; 03; 04,08,ONE INTERIOR,2x2,0,P,MSST 03,0,COVER 1
139,"2502 Mississippi State O vs Arizona State, PFF Play 141",141,4,0,10,'-25,P,,,10,1,0,P,L,11,TRIPS - OPEN,,,,,,,,,INCOMPLETE,GF,,,PA,,BENCH,4 DOWN,,,COVER 3,,MSST 04,MSST 02,06,08,00; 03; 04,0,11,P,1,L,9,,0,0,,OUTSIDE ZONE,,,0,0,0,0,0,,MSST 02,06,00; 03; 04,08,WIDE UNDER,1x3,1,P,MSST 04,0,COVER 3
140,"2502 Mississippi State O vs Arizona State, PFF Play 142",142,4,2,10,'-25,2,,,10,2,9,P,L,11,TREY Y OFF,,,,,,,OFF,,COMPLETE,GF,,,PA,,WIDE OVER,4 DOWN,,,COVER 2,,MSST 03,MSST 02,06,08,00; 03; 04,0,11,P,2,L,9,9,0,0,,DRAW,,,0,0,0,0,0,MSST 03,MSST 02,06,00; 03; 04,08,WIDE OVER,3x1,0,P,MSST 03,0,COVER 2
141,"2502 Mississippi State O vs Arizona State, PFF Play 143",143,4,3,1,'-34,3,SY,,10,3,4,R,R,11,TREY Y OFF,,,,,,,OFF,,,GN,,WK,ZN,,WIDE OVER,4 DOWN,,,COVER 3 SEAM,,MSST 06,MSST 02,06,08,00; 03; 11,0,11,R,3,R,9,4,0,,,INSIDE ZONE,,,0,0,0,0,0,MSST 06,MSST 02,06,00; 03; 11,08,WIDE OVER,3x1,0,P,,0,COVER 3 SEAM
142,"2502 Mississippi State O vs Arizona State, PFF Play 144",144,4,1,10,'-38,1,,,10,4,1,P,C,11,DOUBLES,,,,,,,OPEN,,RUN,GF,,,PA,,WIDE OVER,4 DOWN,,,COVER 3 SEAM,,MSST 02,MSST 02,06,08,00; 03; 11,1,11,P,4,C,4,1,0,0,,UNDEFINED,,,0,0,1,0,0,MSST 02,MSST 02,06,00; 03; 11,08,WIDE OVER,2x2,0,R,,0,COVER 3 SEAM
143,"2502 Mississippi State O vs Arizona State, PFF Play 145",145,4,2,9,'-39,2,,,10,5,12,P,C,11,DOUBLES,,,,,,,OPEN,,COMPLETE,GF,,,PA,,WIDE OVER,4 DOWN,,,COVER 3 SEAM,,MSST 09,MSST 02,06,08,00; 09; 11,0,11,P,5,C,1,12,0,0,,OUTSIDE ZONE,,,0,0,0,0,0,MSST 09,MSST 02,06,00; 09; 11,08,WIDE OVER,2x2,1,P,MSST 09,0,COVER 3 SEAM
144,"2502 Mississippi State O vs Arizona State, PFF Play 146",146,4,1,10,'+49,1,,,10,6,0,P,C,11,DUO Y OFF,,,,,,,OFF,,INCOMPLETE,GN,,,DB,,WIDE OVER,4 DOWN,,,COVER 4,,MSST 00,MSST 02,06,08,00; 09; 11,1,11,P,6,C,12,,0,0,,,,,0,0,1,0,0,,MSST 02,06,00; 09; 11,08,WIDE OVER,2x2,0,P,MSST 00,0,COVER 4
145,"2502 Mississippi State O vs Arizona State, PFF Play 147",147,4,2,10,'+49,2,,,10,7,1,R,C,11,DUO Y OFF,,,,,,,OFF,,,GN,,,ZN,,BENCH,4 DOWN,,,COVER 1,,MSST 24,MSST 02,24,08,03; 11; 18,0,11,R,7,C,12,1,0,,,OUTSIDE ZONE,,,0,0,0,0,0,MSST 24,MSST 02,24,03; 11; 18,08,WIDE UNDER,2x2,1,P,,1,COVER 1
146,"2502 Mississippi State O vs Arizona State, PFF Play 148",148,4,3,9,'+48,3,,,10,8,0,P,L,11,DUO Y OFF,,,,,,,OFF,,BATTED PASS,GF,,,DB,,WIDE OVER,4 DOWN,,,COVER 1,,,MSST 02,24,08,03; 11; 18,0,11,P,8,L,1,,0,0,,,,,0,0,0,0,0,,MSST 02,24,03; 11; 18,08,WIDE OVER,2x2,0,R,,1,COVER 1
147,"2502 Mississippi State O vs Arizona State, PFF Play 169",169,4,0,10,'-23,P,,,11,1,9,P,L,11,TRIPS - OPEN,,,,,,,,,COMPLETE,GN,,,DB,,ONE INTERIOR,,,,COVER 3 CLOUD,,MSST 06,MSST 02,06,08,00; 03; 04,0,11,P,1,L,1,9,0,0,,,,,0,0,0,2,0,MSST 06,MSST 02,06,00; 03; 04,08,ONE INTERIOR,3x1,0,P,MSST 06,0,COVER 3 CLOUD
148,"2502 Mississippi State O vs Arizona State, PFF Play 170",170,4,2,1,'-32,2,,,11,2,9,P,L,11,DOUBLES,,,,,,,OPEN,,COMPLETE,GF,,,DB,,ONE INTERIOR,,,,COVER 1,,MSST 03,MSST 02,06,08,00; 03; 04,1,11,P,2,L,9,9,0,0,,,,,0,0,1,2,0,MSST 03,MSST 02,06,00; 03; 04,08,ONE INTERIOR,2x2,0,P,MSST 03,0,COVER 1
149,"2502 Mississippi State O vs Arizona State, PFF Play 171",171,4,1,10,'-41,1,,,11,3,1,P,R,11,DOUBLES,,,,,,,OPEN,,RUN,GN,,,DB,,ONE INTERIOR,,,,COVER 1,,MSST 02,MSST 02,06,08,00; 03; 04,1,11,P,3,R,9,1,0,0,,,,,0,0,1,2,0,MSST 02,MSST 02,06,00; 03; 04,08,ONE INTERIOR,2x2,0,P,,0,COVER 1
150,"2502 Mississippi State O vs Arizona State, PFF Play 172",172,4,2,9,'-42,2,,,11,4,0,P,R,11,TRIPS - OPEN,,,,,,,,,INCOMPLETE,GF,,,DB,,EVEN,4 DOWN,,,COVER 1,,MSST 03,MSST 02,06,08,00; 03; 04,1,11,P,4,R,1,,0,0,,,,,0,0,1,2,0,,MSST 02,06,00; 03; 04,08,EVEN,1x3,0,P,MSST 03,0,COVER 1
151,"2502 Mississippi State O vs Arizona State, PFF Play 173",173,4,3,9,'-42,3,,,11,5,58,P,R,11,TRIPS - OPEN,,,,,,,,,COMPLETE,GF,,,DB,,ONE INTERIOR,,,,COVER 0,,MSST 00,MSST 02,06,08,00; 03; 04,0,11,P,5,R,1,58,0,0,,,,MSST 00,0,0,0,2,0,MSST 00,MSST 02,06,00; 03; 04,08,ONE INTERIOR,1x3,0,P,MSST 00,1,COVER 0
152,"2502 Mississippi State O vs Arizona State, PFF Play 177",177,4,0,10,'-46,P,,,12,1,-7,R,R,12,CLOSED - CLOSED,,,,,,,,,,,,,,,UNDER,4 DOWN,,,,,MSST 02,MSST 02,06,08; 10,00; 09,0,12,R,1,R,58,-7,0,,,UNDEFINED,,,0,0,0,0,0,MSST 02,MSST 02,06,00; 09,08; 10,UNDER,1x1,0,P,,0,
153,"2503 Mississippi State O vs Alcorn State, PFF Play 002",2,1,0,10,'-25,P,,,1,1,0,P,R,11,DOUBLES,,,,,,,OPEN,,INCOMPLETE,GF,,,DB,,ONE INTERIOR,,,,COVER 6,,MSST 00,MSST 02,06,08,00; 03; 04,0,11,P,1,R,,,0,0,,,,,0,0,0,0,0,,MSST 02,06,00; 03; 04,08,ONE INTERIOR,2x2,0,,MSST 00,0,COVER 6
154,"2503 Mississippi State O vs Alcorn State, PFF Play 003",3,1,2,10,'-25,2,,,1,2,75,P,R,11,DOUBLES,,,,,,,OPEN,,COMPLETE,GF,,,DB,,EVEN,4 DOWN,,,COVER 6,,MSST 04,MSST 02,06,08,00; 03; 04,1,11,P,2,R,,75,0,0,,,,MSST 04,0,0,1,0,0,MSST 04,MSST 02,06,00; 03; 04,08,EVEN,2x2,0,P,MSST 04,0,COVER 6
155,"2503 Mississippi State O vs Alcorn State, PFF Play 014",14,1,0,10,'+29,P,,,2,1,6,R,L,12,PRO - OPEN,,,,,,,OFF,,,GN,,,ZN,,ODD,4 DOWN,,,COVER 6,,MSST 24,MSST 02,24,10; 87,00; 03,0,12,R,1,L,75,6,0,,,MAN,,,0,0,0,0,0,MSST 24,MSST 02,24,00; 03,10; 87,ODD,1x2,1,P,,0,COVER 6
156,"2503 Mississippi State O vs Alcorn State, PFF Play 015",15,1,2,4,'+23,2,,RA,2,2,6,R,L,12,PRO - OPEN,,,,,,,OFF,,,GF,,,GAP,,BENCH,4 DOWN,,,COVER 3,,MSST 24,MSST 02,24,10; 87,00; 03,1,12,R,2,L,6,6,0,,,PULL LEAD,,,0,0,1,0,0,MSST 24,MSST 02,24,00; 03,10; 87,WIDE UNDER,2x1,0,R,,0,COVER 3
157,"2503 Mississippi State O vs Alcorn State, PFF Play 016",16,1,1,10,'+17,1,,RA,2,3,8,R,R,12,TREY U HIP,,,,,,,WING PRO,,,GF,,,ZN,,UNDER,4 DOWN,,,COVER 3,,MSST 24,MSST 02,24,10; 87,00; 03,0,12,R,3,R,6,8,0,,,MAN,,,0,0,0,0,0,MSST 24,MSST 02,24,00; 03,10; 87,UNDER,1x3,0,R,,1,COVER 3
158,"2503 Mississippi State O vs Alcorn State, PFF Play 017",17,1,2,2,'+9,2,,RA,2,4,7,R,R,12,ACE YU OFF,,,,,,,OFF,,,GN,,WK,ZN,,WIDE OVER,4 DOWN,,,COVER 1,,MSST 24,MSST 02,24,10; 87,00; 03,1,12,R,4,R,8,7,0,,,OUTSIDE ZONE,,,0,0,1,0,0,MSST 24,MSST 02,24,00; 03,10; 87,WIDE OVER,2x2,0,R,,0,COVER 1
159,"2503 Mississippi State O vs Alcorn State, PFF Play 018",18,1,1,2,'+2,1,GL,RA,2,5,-5,X,R,12,SLOT - WING,,,,,,,,,,GN,,,,,EVEN,4 DOWN,,,,,,MSST 02,24,10; 87,00; 03,0,12,X,5,R,7,,0,,,,MSST 02 FST,,0,0,0,0,0,,MSST 02,24,00; 03,10; 87,EVEN,2x2,0,R,,0,
160,"2503 Mississippi State O vs Alcorn State, PFF Play 019",19,1,1,7,'+7,1,,RA,2,6,7,P,R,12,SLOT - WING,,H IN,,,,,,,COMPLETE,GN,,,DB,,UNDER,4 DOWN,,,RED ZONE,,MSST 00,MSST 02,24,10; 87,00; 03,0,12,P,6,R,7,7,1,0,,,MSST 87 OH,,0,0,0,0,0,MSST 00,MSST 02,24,00; 03,10; 87,UNDER,2x2,0,R,MSST 00,0,RED ZONE
161,"2503 Mississippi State O vs Alcorn State, PFF Play 020",20,1,1,17,'+17,1,,RA,2,7,14,P,R,11,TRIPS - SLOT,,,,,,,OPEN,,COMPLETE,GEMP,,,DB,,ODD,4 DOWN,,,COVER 3,,MSST 24,MSST 02,24,08,00; 03; 04,0,11,P,7,R,7,14,0,0,,,,,0,0,0,0,0,MSST 24,MSST 02,24,00; 03; 04,08,ODD,2x3,0,P,MSST 24,0,COVER 3
162,"2503 Mississippi State O vs Alcorn State, PFF Play 021",21,1,2,3,'+3,2,GL,RA,2,8,3,R,R,11,DUO Y OFF,,,,,,,OFF,,,GN,,,ZN,,WIDE OVER,4 DOWN,,,RED ZONE,,MSST 24,MSST 02,24,08,00; 03; 04,1,11,R,8,R,14,3,0,,,OUTSIDE ZONE,,MSST 24,0,0,1,0,0,MSST 24,MSST 02,24,00; 03; 04,08,WIDE OVER,2x2,0,P,,0,RED ZONE
163,"2503 Mississippi State O vs Alcorn State, PFF Play 026",26,1,0,10,'-24,P,,,3,1,34,P,L,11 (+Q),EMPTY 4x1 Y OFF,,,,,,,OFF,,COMPLETE,GEMP,,,DB,,ODD,4 DOWN,,,COVER 3,,MSST 03,MSST 02,22,87,00; 03,0,11 (+Q),P,1,L,3,34,1,0,,,,,0,0,0,0,0,MSST 03,MSST 02,22,00; 03,87,ODD,1x4,0,R,MSST 03,0,COVER 3
164,"2503 Mississippi State O vs Alcorn State, PFF Play 027",27,1,1,10,'+42,1,,,3,2,42,P,R,11 (+Q),DUO Y OFF,,,,,,,OFF,,COMPLETE,GF,,,PA,,BENCH,4 DOWN,,,COVER 3,,MSST 00,MSST 02,22,87,00; 03,1,11 (+Q),P,2,R,34,42,0,0,,TRICK,,MSST 00,1,1,1,0,0,MSST 00,MSST 02,22,00; 03,87,WIDE UNDER,2x2,0,P,MSST 00,0,COVER 3
165,"2503 Mississippi State O vs Alcorn State, PFF Play 034",34,1,0,10,'+27,P,,,4,1,5,P,R,11,TRIPS - OPEN,,,,,,,,,COMPLETE,GN,,,DB,,ODD,4 DOWN,,,COVER 3,,MSST 05,MSST 02,06,05,09; 11; 18,0,11,P,1,R,42,5,0,0,,MAN,,,0,0,0,0,0,MSST 05,MSST 02,06,09; 11; 18,05,ODD,1x3,1,P,MSST 05,0,COVER 3
166,"2503 Mississippi State O vs Alcorn State, PFF Play 035",35,1,2,5,'+22,2,,RA,4,2,16,R,L,11,TRIPS - OPEN,,,,,,,,,,GN,,STR,ZN,,OVER,4 DOWN,,,COVER 3,,MSST 06,MSST 02,06,05,09; 11; 18,1,11,R,2,L,5,16,0,,,INSIDE ZONE,,,0,0,1,0,0,MSST 06,MSST 02,06,09; 11; 18,05,OVER,3x1,1,P,,0,COVER 3
167,"2503 Mississippi State O vs Alcorn State, PFF Play 036",36,1,1,6,'+6,1,,RA,4,3,6,R,L,11,TREY Y OFF,,,,,,,OFF,,,GF,,,ZN,,BENCH,4 DOWN,,,COVER 0,,MSST 02,MSST 02,06,05,09; 11; 18,1,11,R,3,L,16,6,0,,,OUTSIDE ZONE,,MSST 02,0,0,1,0,0,MSST 02,MSST 02,06,09; 11; 18,05,WIDE UNDER,3x1,0,R,,0,COVER 0
168,"2503 Mississippi State O vs Alcorn State, PFF Play 054",54,2,0,10,'-20,P,,,5,1,6,R,L,11,DUO Y OFF,,,,,,,OFF,,,GF,,,GAP,,ODD,4 DOWN,,,COVER 3,,MSST 24,MSST 02,24,08,00; 03; 04,0,11,R,1,L,6,6,0,,,POWER,,,0,0,0,0,0,MSST 24,MSST 02,24,00; 03; 04,08,ODD,2x2,0,R,,0,COVER 3
169,"2503 Mississippi State O vs Alcorn State, PFF Play 055",55,2,2,4,'-26,2,,,5,2,6,R,L,11,DUO Y OFF,,,,,,,OFF,,,GF,,,GAP,,ODD,4 DOWN,,,COVER 4,,MSST 24,MSST 02,24,08,00; 03; 04,1,11,R,2,L,6,6,0,,,POWER,,,0,0,1,0,0,MSST 24,MSST 02,24,00; 03; 04,08,ODD,2x2,0,R,,0,COVER 4
170,"2503 Mississippi State O vs Alcorn State, PFF Play 056",56,2,1,10,'-32,1,,,5,3,0,P,C,11,TREY Y OFF,,,,,,,OFF,,HIT AS THREW,GN,,,PA,,OVER,4 DOWN,,,COVER 4,,,MSST 02,24,08,00; 03; 04,0,11,P,3,C,6,,0,0,,INSIDE ZONE,,,0,0,0,0,0,,MSST 02,24,00; 03; 04,08,OVER,3x1,0,R,,0,COVER 4
171,"2503 Mississippi State O vs Alcorn State, PFF Play 057",57,2,2,10,'-32,2,,,5,4,6,R,L,11,TRIPS - OPEN,,,,,,,,,,GN,,,ZN,,ODD,4 DOWN,,,COVER 3 SEAM,,MSST 24,MSST 02,24,08,03; 04; 07,0,11,R,4,L,6,6,0,,,INSIDE ZONE,,,0,0,0,0,0,MSST 24,MSST 02,24,03; 04; 07,08,ODD,3x1,1,P,,0,COVER 3 SEAM
172,"2503 Mississippi State O vs Alcorn State, PFF Play 058",58,2,3,4,'-38,3,,,5,5,3,P,L,11,SLOT - OPEN,,,,,,,OFF,,COMPLETE,GF,,,DB,,OVER,4 DOWN,,,COVER 2,,MSST 03,MSST 02,24,08,03; 04; 07,0,11,P,5,L,6,3,0,0,,,,,0,0,0,0,0,MSST 03,MSST 02,24,03; 04; 07,08,OVER,2x1,0,R,MSST 03,0,COVER 2
173,"2503 Mississippi State O vs Alcorn State, PFF Play 059",59,2,4,1,'-41,4,SY,,5,6,3,R,L,12,TREY U HIP,,,,,,,PRO,,,GF,,,ZN,,JOKER,4 DOWN,,,COVER 0,,MSST 24,MSST 02,24,10; 87,00; 03,0,12,R,6,L,3,3,0,,,MAN,,,0,0,0,0,0,MSST 24,MSST 02,24,00; 03,10; 87,OVER,3x1,1,P,,0,COVER 0
174,"2503 Mississippi State O vs Alcorn State, PFF Play 060",60,2,1,10,'-44,1,,,5,7,13,R,L,12,PRO - OPEN,,,,,,,OFF,,,GF,,,GAP,,EVEN,4 DOWN,,,COVER 4,,MSST 24,MSST 02,24,10; 87,00; 03,1,12,R,7,L,3,13,0,,,PULL LEAD,,,0,0,1,0,0,MSST 24,MSST 02,24,00; 03,10; 87,EVEN,2x1,0,R,,0,COVER 4
175,"2503 Mississippi State O vs Alcorn State, PFF Play 061",61,2,1,10,'+43,1,,,5,8,11,P,R,12,ACE YU OFF,,,,,,,OFF,,COMPLETE,GN,,,PA,,UNDER,4 DOWN,,,COVER 4,,MSST 00,MSST 02,24,10; 87,00; 03,1,12,P,8,R,13,11,0,0,,INSIDE ZONE,,,0,0,1,0,0,MSST 00,MSST 02,24,00; 03,10; 87,UNDER,2x2,0,R,MSST 00,0,COVER 4
176,"2503 Mississippi State O vs Alcorn State, PFF Play 062",62,2,1,10,'+32,1,,,5,9,0,P,L,12,ACE YU OFF,,,,,,,OFF,,RUN,GN,,,DB,,BEAR,,,,COVER 4,,MSST 02,MSST 02,20,08; 10,04; 11,0,12,P,9,L,11,0,0,0,,,,,0,0,0,0,0,MSST 02,MSST 02,20,04; 11,08; 10,BEAR,2x2,0,P,,0,COVER 4
177,"2503 Mississippi State O vs Alcorn State, PFF Play 063",63,2,2,10,'+32,2,,,5,10,0,P,R,12,ACE YU OFF,,,,,,,OFF,,INTERCEPTION,GN,,,PA,,WIDE OVER,4 DOWN,,,COVER 3,,MSST 08,MSST 02,20,08; 10,04; 11,1,12,P,10,R,0,,0,0,,INSIDE ZONE,,,0,0,1,0,0,,MSST 02,20,04; 11,08; 10,WIDE OVER,2x2,0,P,MSST 08,0,COVER 3
178,"2503 Mississippi State O vs Alcorn State, PFF Play 065",65,2,0,10,'+29,P,,,6,1,7,P,R,11,PRO - OPEN,,,,,,,OFF,,COMPLETE,GF,,,DB,,UNDER,4 DOWN,,,COVER 4,,MSST 03,MSST 02,06,05,00; 03; 04,0,11,P,1,R,0,7,1,0,,,,,0,0,0,0,0,MSST 03,MSST 02,06,00; 03; 04,05,UNDER,1x2,0,P,MSST 03,0,COVER 4
179,"2503 Mississippi State O vs Alcorn State, PFF Play 066",66,2,2,3,'+22,2,,RA,6,2,6,R,L,11,DUO Y OFF,,,,,,,OFF,,,GF,,,GAP,,ODD,4 DOWN,,,COVER 4,,MSST 02,MSST 02,06,05,00; 03; 04,1,11,R,2,L,7,6,0,,,POWER,,,0,0,1,0,0,MSST 02,MSST 02,06,00; 03; 04,05,ODD,2x2,1,P,,0,COVER 4
180,"2503 Mississippi State O vs Alcorn State, PFF Play 067",67,2,1,10,'+16,1,,RA,6,3,-4,P,R,11,DUO Y OFF,,,,,,,OFF,,COMPLETE,GF,,,PA,MAN,BENCH,4 DOWN,,,COVER 1,,MSST 05,MSST 02,06,05,00; 03; 04,1,11,P,3,R,6,-4,0,0,,OUTSIDE ZONE,,,0,0,1,0,0,MSST 05,MSST 02,06,00; 03; 04,05,WIDE UNDER,2x2,0,R,MSST 05,1,COVER 1
181,"2503 Mississippi State O vs Alcorn State, PFF Play 068",68,2,2,14,'+20,2,,RA,6,4,-2,R,L,11,TRIPS - OPEN,,,,,,,,,,GN,,,ZN,,OVER,4 DOWN,,,COVER 1,,MSST 06,MSST 02,06,05,00; 09; 11,0,11,R,4,L,-4,-2,0,,,INSIDE ZONE,,,0,0,0,0,0,MSST 06,MSST 02,06,00; 09; 11,05,OVER,3x1,1,P,,0,COVER 1
182,"2503 Mississippi State O vs Alcorn State, PFF Play 069",69,2,3,16,'+22,3,,RA,6,5,22,P,L,11,TRIPS - SLOT,,,,,,,OPEN,,COMPLETE,GEMP,,,DB,,ODD,4 DOWN,,,COVER 3,,MSST 03,MSST 02,06,05,00; 03; 04,0,11,P,5,L,-2,22,0,0,,,,MSST 03,0,0,0,0,0,MSST 03,MSST 02,06,00; 03; 04,05,ODD,3x2,0,R,MSST 03,0,COVER 3
183,"2503 Mississippi State O vs Alcorn State, PFF Play 076",76,2,0,10,'+44,P,,,7,1,5,R,R,11,DUO Y OFF,,,,,,,OFF,,,GN,,,ZN,,ODD,4 DOWN,,,COVER 3,,MSST 20,MSST 02,20,87,00; 04; 09,0,11,R,1,R,22,5,0,,,OUTSIDE ZONE,,,0,0,0,0,0,MSST 20,MSST 02,20,00; 04; 09,87,ODD,2x2,0,P,,0,COVER 3
184,"2503 Mississippi State O vs Alcorn State, PFF Play 077",77,2,2,5,'+39,2,,,7,2,4,R,L,11,DUO Y OFF,,,,,,,OFF,,,GF,,,GAP,,ODD,4 DOWN,,,COVER 3,,MSST 20,MSST 02,20,87,00; 04; 09,1,11,R,2,L,5,4,0,,,POWER,,,0,0,1,0,0,MSST 20,MSST 02,20,00; 04; 09,87,ODD,2x2,1,R,,0,COVER 3
185,"2503 Mississippi State O vs Alcorn State, PFF Play 078",78,2,3,1,'+35,3,SY,,7,3,0,R,L,11,TREY Y OFF,,,,,,,OFF,,,GF,,,ZN,,OVER,4 DOWN,,,COVER 6,,MSST 20,MSST 02,20,87,00; 04; 09,1,11,R,3,L,4,0,0,,,INSIDE ZONE,,,0,0,1,0,0,MSST 20,MSST 02,20,00; 04; 09,87,OVER,3x1,1,R,,0,COVER 6
186,"2503 Mississippi State O vs Alcorn State, PFF Play 079",79,2,4,1,'+35,4,SY,,7,4,4,R,L,12,TREY U HIP,,,,,,,PRO,,,GF,,STR,ZN,,BENCH,4 DOWN,,,COVER 1,,MSST 24,MSST 02,24,10; 87,00; 03,0,12,R,4,L,0,4,0,,,INSIDE ZONE,,,0,0,0,0,0,MSST 24,MSST 02,24,00; 03,10; 87,WIDE UNDER,3x1,0,R,,0,COVER 1
187,"2503 Mississippi State O vs Alcorn State, PFF Play 080",80,2,1,10,'+31,1,,,7,5,0,P,L,11,DUO Y OFF,,,,,,,OFF,,INCOMPLETE,GN,,,PA,MAN,OVER,4 DOWN,,,COVER 4,,MSST 00,MSST 02,24,87,00; 03; 04,0,11,P,5,L,4,,0,0,,INSIDE ZONE,,,0,0,0,0,0,,MSST 02,24,00; 03; 04,87,OVER,2x2,0,R,MSST 00,1,COVER 4
188,"2503 Mississippi State O vs Alcorn State, PFF Play 081",81,2,2,10,'+31,2,,,7,6,6,P,L,11,DOUBLES,,,,,,,OPEN,,COMPLETE,GN,,,DB,,UNDER,4 DOWN,,,COVER 3 CLOUD,,MSST 13,MSST 02,24,87,03; 11; 13,0,11,P,6,L,4,6,1,0,,PULL LEAD,,,0,0,0,0,0,MSST 13,MSST 02,24,03; 11; 13,87,UNDER,2x2,1,P,MSST 13,0,COVER 3 CLOUD
189,"2503 Mississippi State O vs Alcorn State, PFF Play 082",82,2,3,4,'+25,3,,RA,7,7,25,R,L,11,TRIPS - OPEN,,Y MTR,,,,,,,,GN,,,GAP,,ONE INTERIOR,,,,COVER 1,,MSST 24,MSST 02,24,87,03; 11; 13,1,11,R,7,L,6,25,0,,,COUNTER,MSST 24 UNS,MSST 24,0,0,1,0,0,MSST 24,MSST 02,24,03; 11; 13,87,ONE INTERIOR,3x1,0,P,,0,COVER 1
190,"2503 Mississippi State O vs Alcorn State, PFF Play 093",93,2,0,10,'-35,P,,,8,1,5,R,R,11,TRIPS - OPEN,,,,,,,,,,GF,,,ZN,,UNDER,4 DOWN,,,COVER 4,,MSST 20,MSST 02,20,05,07; 09; 11,0,11,R,1,R,25,5,0,,,OUTSIDE ZONE,,,0,0,0,0,0,MSST 20,MSST 02,20,07; 09; 11,05,UNDER,1x3,0,R,,0,COVER 4
191,"2503 Mississippi State O vs Alcorn State, PFF Play 101",101,3,0,10,'-37,P,,,9,1,4,R,C,12,PRO - OPEN,,,,,,,OFF,,,GS,,,GAP,,BENCH,4 DOWN,,,COVER 4,,MSST 22,MSST 17,22,10; 87,11; 18,0,12,R,1,C,5,4,0,,,POWER,,,0,0,0,0,0,MSST 22,MSST 17,22,11; 18,10; 87,WIDE UNDER,2x1,0,R,,0,COVER 4
192,"2503 Mississippi State O vs Alcorn State, PFF Play 102",102,3,2,6,'-41,2,,,9,2,15,R,R,12,TREY U HIP,,,,,,,WING PRO,,,GN,,ZN,ZN,,OVER,4 DOWN,,,COVER 4,,MSST 22,MSST 17,22,10; 87,11; 18,0,12,R,2,R,4,15,0,,,INSIDE ZONE,,,0,0,0,0,0,MSST 22,MSST 17,22,11; 18,10; 87,OVER,1x3,0,R,,0,COVER 4
193,"2503 Mississippi State O vs Alcorn State, PFF Play 103",103,3,1,10,'+44,1,,,9,3,13,P,R,12,ACE YU OFF,,,,,,,OFF,,COMPLETE,GN,,,PA,,EVEN,4 DOWN,,,COVER 3,,MSST 11,MSST 17,22,10; 87,11; 18,1,12,P,3,R,15,13,0,0,,INSIDE ZONE,,,0,0,1,0,0,MSST 11,MSST 17,22,11; 18,10; 87,EVEN,2x2,0,R,MSST 11,0,COVER 3
194,"2503 Mississippi State O vs Alcorn State, PFF Play 104",104,3,1,10,'+31,1,,,9,4,6,R,R,12,TREY U HIP,,,,,,,WING PRO,,,GN,,,ZN,,OVER,4 DOWN,,,COVER 4,,MSST 22,MSST 17,22,10; 87,11; 13,0,12,R,4,R,13,6,0,,,MAN,,,0,0,0,0,0,MSST 22,MSST 17,22,11; 13,10; 87,OVER,1x3,1,P,,0,COVER 4
195,"2503 Mississippi State O vs Alcorn State, PFF Play 105",105,3,2,4,'+25,2,,RA,9,5,25,R,R,11,DUO Y OFF,,,,,,,OFF,,,GN,,,GAP,,WIDE OVER,4 DOWN,,,COVER 1,,MSST 22,MSST 17,22,05,07; 11; 14,0,11,R,5,R,6,25,0,,,POWER,,MSST 22,0,0,0,0,0,MSST 22,MSST 17,22,07; 11; 14,05,WIDE OVER,2x2,1,R,,0,COVER 1
196,"2503 Mississippi State O vs Alcorn State, PFF Play 117",117,3,0,10,'-17,P,,,10,1,4,P,R,11,PRO - OPEN,,,,,,,OFF,,COMPLETE,GF,,,DB,,WIDE OVER,4 DOWN,,,COVER 4,,MSST 14,MSST 01,20,05,12; 13; 14,0,11,P,1,R,25,4,1,0,,,,,0,0,0,0,1,MSST 14,MSST 01,20,12; 13; 14,05,WIDE OVER,1x2,0,R,MSST 14,0,COVER 4
197,"2503 Mississippi State O vs Alcorn State, PFF Play 118",118,3,2,6,'-21,2,,,10,2,13,R,L,11,TREY Y OFF,,,,,,,OFF,,,GF,,,ZN,,BENCH,4 DOWN,,,COVER 4,,MSST 01,MSST 01,20,05,12; 13; 14,1,11,R,2,L,4,13,0,,,OUTSIDE ZONE,,,0,0,1,0,1,MSST 01,MSST 01,20,12; 13; 14,05,WIDE UNDER,1x3,0,P,,0,COVER 4
198,"2503 Mississippi State O vs Alcorn State, PFF Play 119",119,3,1,10,'-34,1,,,10,3,0,P,L,11,DUO Y OFF,,,,,,,OFF,,INCOMPLETE,GN,,,PA,,WIDE OVER,4 DOWN,,,COVER 4,,MSST 14,MSST 01,20,05,12; 13; 14,1,11,P,3,L,13,,0,0,,INSIDE ZONE,,,0,0,1,0,1,,MSST 01,20,12; 13; 14,05,WIDE OVER,2x2,0,R,MSST 14,0,COVER 4
199,"2503 Mississippi State O vs Alcorn State, PFF Play 120",120,3,2,10,'-34,2,,,10,4,2,R,L,11,TRIPS - OPEN,,,,,,,,,,GF,,,ZN,,BENCH,4 DOWN,,,COVER 4,,MSST 20,MSST 01,20,05,12; 13; 81,0,11,R,4,L,13,2,0,,,OUTSIDE ZONE,,,0,0,0,0,1,MSST 20,MSST 01,20,12; 13; 81,05,WIDE UNDER,3x1,0,P,,0,COVER 4
200,"2503 Mississippi State O vs Alcorn State, PFF Play 121",121,3,3,8,'-36,3,,,10,5,0,P,R,11,DOUBLES,,,,,,,OPEN,,INCOMPLETE,GF,,,DB,,ODD,4 DOWN,,,COVER 3,,MSST 81,MSST 01,22,05,12; 13; 81,0,11,P,5,R,2,,0,0,,,MSST 81 ITP; (D) MSST 81 IDP,,0,0,0,0,1,,MSST 01,22,12; 13; 81,05,ODD,2x2,0,R,MSST 81,1,COVER 3
201,"2503 Mississippi State O vs Alcorn State, PFF Play 125",125,4,0,3,'+3,P,GL,RA,11,1,3,R,L,12,PRO - OPEN,,,,,,,OFF,,,GF,,,ZN,,BEAR,5 DOWN,,,COVER 0,,MSST 17,MSST 17,23,10; 87,07; 13,0,12,R,1,L,2,3,0,,,INSIDE ZONE,,MSST 17,0,0,0,0,1,MSST 17,MSST 17,23,07; 13,10; 87,BEAR,2x1,0,P,,0,COVER 0
202,"2503 Mississippi State O vs Alcorn State, PFF Play 132",132,4,0,10,'-46,P,,,12,1,4,R,L,11,TREY Y OFF,,,,,,,OFF,,,GF,,STR,ZN,,BENCH,4 DOWN,,,COVER 4,,MSST 21,MSST 01,21,88,12; 13; 14,0,11,R,1,L,3,4,0,,,OUTSIDE ZONE,,,0,0,0,0,1,MSST 21,MSST 01,21,12; 13; 14,88,WIDE UNDER,3x1,0,R,,0,COVER 4
203,"2503 Mississippi State O vs Alcorn State, PFF Play 133",133,4,2,6,'+50,2,,,12,2,2,R,C,11,TREY Y OFF,,,,,,,OFF,,,GN,,,ZN,,ODD,4 DOWN,,,COVER 4,,MSST 21,MSST 01,21,88,12; 13; 14,1,11,R,2,C,4,2,0,,,MAN,,,0,0,1,0,1,MSST 21,MSST 01,21,12; 13; 14,88,ODD,1x3,1,R,,0,COVER 4
204,"2503 Mississippi State O vs Alcorn State, PFF Play 134",134,4,3,4,'+48,3,,,12,3,8,R,C,11,DUO Y OFF,,,,,,,OFF,,,GF,,,ZN,,BENCH,4 DOWN,,,COVER 4,,MSST 01,MSST 01,21,88,12; 13; 14,0,11,R,3,C,2,8,0,,,INSIDE ZONE,,,0,0,0,0,1,MSST 01,MSST 01,21,12; 13; 14,88,WIDE UNDER,2x2,0,R,,0,COVER 4
205,"2503 Mississippi State O vs Alcorn State, PFF Play 135",135,4,1,10,'+40,1,,,12,4,0,R,R,11,TRIPS - OPEN,,,,,,,,,,GF,,STR,ZN,,BENCH,4 DOWN,,,COVER 4,,MSST 21,MSST 01,21,88,12; 13; 14,0,11,R,4,R,8,0,0,,,OUTSIDE ZONE,,,0,0,0,0,1,MSST 21,MSST 01,21,12; 13; 14,88,WIDE UNDER,3x1,0,R,,0,COVER 4
206,"2503 Mississippi State O vs Alcorn State, PFF Play 136",136,4,2,10,'+40,2,,,12,5,8,R,R,11,TREY Y OFF,,,,,,,OFF,,,GN,,,ZN,,ODD,4 DOWN,,,COVER 3,,MSST 23,MSST 01,23,88,12; 13; 14,0,11,R,5,R,0,8,0,,,MAN,,,0,0,0,0,1,MSST 23,MSST 01,23,12; 13; 14,88,ODD,1x3,0,R,,0,COVER 3
207,"2503 Mississippi State O vs Alcorn State, PFF Play 137",137,4,3,2,'+32,3,SY,,12,6,19,R,C,11,TREY Y OFF,,,,,,,OFF,,,GN,,,ZN,,WIDE OVER,4 DOWN,,,COVER 1,,MSST 01,MSST 01,23,88,12; 13; 14,0,11,R,6,C,8,19,0,,,MAN,,,0,0,0,0,1,MSST 01,MSST 01,23,12; 13; 14,88,WIDE OVER,1x3,0,R,,0,COVER 1
208,"2503 Mississippi State O vs Alcorn State, PFF Play 138",138,4,1,10,'+13,1,,RA,12,7,10,R,L,11,TREY Y OFF,,,,,,,OFF,,,GN,,STR,ZN,,BENCH,4 DOWN,,,COVER 0,,MSST 21,MSST 01,21,88,12; 13; 14,0,11,R,7,L,19,10,0,,,INSIDE ZONE,MSST 73 OH,,0,0,0,0,1,MSST 21,MSST 01,21,12; 13; 14,88,WIDE UNDER,3x1,0,R,,0,COVER 0
209,"2503 Mississippi State O vs Alcorn State, PFF Play 139",139,4,1,20,'+23,1,,RA,12,8,23,R,L,11,TRIPS - OPEN,,,,,,,,,,GN,,,ZN,,WIDE OVER,4 DOWN,,,COVER 6,,MSST 23,MSST 01,23,88,12; 13; 14,0,11,R,8,L,10,23,0,,,INSIDE ZONE,,MSST 23,0,0,0,0,1,MSST 23,MSST 01,23,12; 13; 14,88,WIDE OVER,3x1,1,R,,0,COVER 6
210,"2503 Mississippi State O vs Alcorn State, PFF Play 147",147,4,0,10,'-38,P,,,13,1,17,R,R,11,TREY Y OFF,,,,,,,OFF,,,GN,,,ZN,,ODD,4 DOWN,,,COVER 3,,MSST 21,MSST 15,21,42,12; 13; 81,0,11,R,1,R,23,17,0,,,MAN,,,0,0,0,0,1,MSST 21,MSST 15,21,12; 13; 81,42,ODD,1x3,0,R,,0,COVER 3
211,"2504 Mississippi State O vs Northern Illinois, PFF Play 014",14,1,0,10,'-25,P,,,1,1,5,P,L,11,PRO - OPEN,,,,,,,OFF,,RUN,,,,SCR,,OKIE,5 DOWN,,,COVER 4,,MSST 02,MSST 02,06,08,00; 03; 04,0,11,P,1,L,,5,0,0,,MAN,,,0,0,0,0,0,MSST 02,MSST 02,06,00; 03; 04,08,ODD,2x1,0,,,0,COVER 4
212,"2504 Mississippi State O vs Northern Illinois, PFF Play 015",15,1,2,5,'-30,2,,,1,2,0,P,L,11,ACE YU OFF,,,,,,,OFF,,RUN,GEMP,,,DB,,OKIE,5 DOWN,,,COVER 2,,MSST 02,MSST 02,06,08,00; 03; 04,1,11,P,2,L,5,0,0,0,,,,,0,0,1,0,0,MSST 02,MSST 02,06,00; 03; 04,08,ODD,3x2,0,P,,0,COVER 2
213,"2504 Mississippi State O vs Northern Illinois, PFF Play 016",16,1,3,5,'-30,3,,,1,3,8,P,L,11,TREY Y OFF,,,,,,,OFF,,COMPLETE,GF,,,DB,,OKIE,5 DOWN,,,COVER 4,,MSST 06,MSST 02,06,08,00; 03; 04,1,11,P,3,L,0,8,0,0,,,,,0,0,1,0,0,MSST 06,MSST 02,06,00; 03; 04,08,ODD,3x1,0,P,MSST 06,0,COVER 4
214,"2504 Mississippi State O vs Northern Illinois, PFF Play 017",17,1,1,10,'-38,1,,,1,4,2,R,L,11,DOUBLES,,,,,,,OPEN,,,GF,,,ZN,,OKIE,5 DOWN,,,COVER 4,,MSST 06,MSST 02,06,08,00; 03; 04,1,11,R,4,L,8,2,0,,,MAN,,,0,0,1,0,0,MSST 06,MSST 02,06,00; 03; 04,08,ODD,2x2,1,P,,0,COVER 4
215,"2504 Mississippi State O vs Northern Illinois, PFF Play 018",18,1,2,8,'-40,2,,,1,5,11,P,C,11,TRIPS - OPEN,,Y MTR,,,,,,,COMPLETE,GF,,,PA,,OKIE,5 DOWN,,,COVER 4,,MSST 00,MSST 02,06,08,00; 03; 04,1,11,P,5,C,2,11,0,0,,COUNTER,,,0,0,1,0,0,MSST 00,MSST 02,06,00; 03; 04,08,ODD,3x1,1,R,MSST 00,0,COVER 4
216,"2504 Mississippi State O vs Northern Illinois, PFF Play 019",19,1,1,10,'+49,1,,,1,6,3,P,L,11,DOUBLES,,,,,,,OPEN,,RUN,GF,,,PA,,OKIE,5 DOWN,,,COVER 4,,MSST 02,MSST 02,06,08,00; 03; 04,1,11,P,6,L,11,3,0,0,,UNDEFINED,,,0,0,1,0,0,MSST 02,MSST 02,06,00; 03; 04,08,ODD,2x2,0,P,,0,COVER 4
217,"2504 Mississippi State O vs Northern Illinois, PFF Play 020",20,1,2,7,'+46,2,,,1,7,2,P,R,11,TRIPS - OPEN,,,,,,,,BUBBLE SCR,COMPLETE,GN,,,DB,,OKIE,5 DOWN,,,COVER 4,,MSST 00,MSST 02,24,08,00; 03; 11,1,11,P,7,R,3,2,1,0,,,,,0,0,1,0,0,MSST 00,MSST 02,24,00; 03; 11,08,ODD,1x3,0,P,MSST 00,0,COVER 4
218,"2504 Mississippi State O vs Northern Illinois, PFF Play 021",21,1,3,5,'+44,3,,,1,8,4,P,L,11,DUO Y OFF,,,,,,,OFF,,RUN,GF,,,DB,,OKIE,5 DOWN,,,COVER 6,,MSST 02,MSST 02,24,08,00; 03; 11,1,11,P,8,L,2,4,0,0,,,,,0,0,1,0,0,MSST 02,MSST 02,24,00; 03; 11,08,ODD,2x2,0,P,,0,COVER 6
219,"2504 Mississippi State O vs Northern Illinois, PFF Play 022",22,1,4,1,'+40,4,SY,,1,9,1,R,L,12,PRO - OPEN,,,,,,,OFF,,,GF,,STR,ZN,,WIDE OVER,4 DOWN,,,COVER 0,,MSST 24,MSST 02,24,08; 10,00; 03,0,12,R,9,L,4,1,0,,,INSIDE ZONE,,,0,0,0,0,0,MSST 24,MSST 02,24,00; 03,08; 10,WIDE OVER,2x1,0,P,,0,COVER 0
220,"2504 Mississippi State O vs Northern Illinois, PFF Play 023",23,1,1,10,'+39,1,,,1,10,1,R,C,12,PRO - OPEN,,,,,,,OFF,,,GN,,,,,WIDE OVER,4 DOWN,,,COVER 4,,MSST 24,MSST 02,24,08; 10,00; 03,0,12,R,10,C,1,1,0,,,TRAP,,,0,0,0,0,0,MSST 24,MSST 02,24,00; 03,08; 10,WIDE OVER,1x2,0,R,,0,COVER 4
221,"2504 Mississippi State O vs Northern Illinois, PFF Play 024",24,1,2,9,'+38,2,,,1,11,24,R,L,12,TREY Y OFF,,BUZZ,,,,,OFF,,,GF,,,ZN,,WIDE OVER,4 DOWN,,,COVER 3,,MSST 02,MSST 02,24,08; 10,00; 03,1,12,R,11,L,1,24,0,,,MAN,,,0,0,1,0,0,MSST 02,MSST 02,24,00; 03,08; 10,WIDE OVER,3x0,1,R,,0,COVER 3
222,"2504 Mississippi State O vs Northern Illinois, PFF Play 025",25,1,1,10,'+14,1,,RA,1,12,4,R,L,12,TREY Y OFF,,BUZZ,,,,,OFF,,,GF,,,ZN,,WIDE OVER,4 DOWN,,,COVER 3,,MSST 24,MSST 02,24,08; 10,00; 03,1,12,R,12,L,24,4,0,,,MAN,,,0,0,1,0,0,MSST 24,MSST 02,24,00; 03,08; 10,WIDE OVER,3x0,1,R,,0,COVER 3
223,"2504 Mississippi State O vs Northern Illinois, PFF Play 026",26,1,2,6,'+10,2,,RA,1,13,10,R,C,12,ACE YU OFF,,Z MTR,,,,,OFF,,,GF,,,GAP,,BENCH,4 DOWN,,,RED ZONE,,MSST 00,MSST 02,06,05; 10,00; 03,0,12,R,13,C,4,10,0,,,COUNTER,,MSST 00,0,0,0,0,0,MSST 00,MSST 02,06,00; 03,05; 10,WIDE UNDER,2x2,0,R,,0,RED ZONE
224,"2504 Mississippi State O vs Northern Illinois, PFF Play 035",35,1,0,10,'-4,P,,,2,1,0,P,L,11,TRIPS - OPEN,,,,,,,,,INCOMPLETE,GN,,,PA,,BENCH,4 DOWN,,,COVER 4,,MSST 00,MSST 02,24,08,00; 03; 04,0,11,P,1,L,10,,0,0,,MAN,,,0,0,0,0,0,,MSST 02,24,00; 03; 04,08,WIDE UNDER,3x1,1,R,MSST 00,0,COVER 4
225,"2504 Mississippi State O vs Northern Illinois, PFF Play 036",36,1,2,10,'-4,2,,,2,2,7,R,L,11,TREY Y OFF,,,,,,,OFF,,,GN,,,ZN,,BENCH,4 DOWN,,,COVER 4,,MSST 24,MSST 02,24,08,00; 03; 04,1,11,R,2,L,10,7,0,,,OUTSIDE ZONE,,,0,0,1,0,0,MSST 24,MSST 02,24,00; 03; 04,08,WIDE UNDER,3x1,1,P,,0,COVER 4
226,"2504 Mississippi State O vs Northern Illinois, PFF Play 037",37,1,3,3,'-11,3,,,2,3,0,P,L,11,TRIPS - PRO,,,,,,,,,BATTED PASS,GEMP,,,DB,,EVEN,4 DOWN,,,COVER 4,,,MSST 02,24,08,00; 03; 04,1,11,P,3,L,7,,0,0,,,,,0,0,1,0,0,,MSST 02,24,00; 03; 04,08,EVEN,3x2,0,R,,0,COVER 4
227,"2504 Mississippi State O vs Northern Illinois, PFF Play 044",44,2,0,10,'+48,P,,,3,1,3,R,R,11,TRIPS - OPEN,,Y MTR,,,,,,,,GF,,,ZN,,OVER,4 DOWN,,,COVER 4,,MSST 06,MSST 02,06,87,03; 04; 07,0,11,R,1,R,7,3,0,,,OUTSIDE ZONE,,,0,0,0,0,0,MSST 06,MSST 02,06,03; 04; 07,87,OVER,1x3,1,P,,0,COVER 4
228,"2504 Mississippi State O vs Northern Illinois, PFF Play 045",45,2,2,7,'+45,2,,,3,2,3,R,R,11,TRIPS,,,,,,,ON,,,GF,,,GAP,,WIDE OVER,4 DOWN,,,COVER 3,,MSST 06,MSST 02,06,87,03; 04; 07,1,11,R,2,R,3,3,0,,,POWER,,,0,0,1,0,0,MSST 06,MSST 02,06,03; 04; 07,87,WIDE OVER,1x3,1,R,,0,COVER 3
229,"2504 Mississippi State O vs Northern Illinois, PFF Play 046",46,2,3,4,'+42,3,,,3,3,7,R,L,11,TREY Y OFF,,,,,,,OFF,,,GN,,,GAP,,BENCH,4 DOWN,,,COVER 3,,MSST 06,MSST 02,06,87,03; 04; 07,1,11,R,3,L,3,7,0,,,POWER,ILF,,0,1,1,0,0,MSST 06,MSST 02,06,03; 04; 07,87,WIDE UNDER,4x0,1,R,,0,COVER 3
230,"2504 Mississippi State O vs Northern Illinois, PFF Play 047",47,2,3,9,'+47,3,,,3,4,4,P,L,11,DOUBLES,,BUZZ,,,,,OPEN,BUBBLE SCR,COMPLETE,GN,,,DB,,WIDE OVER,4 DOWN,,,COVER 0,,MSST 03,MSST 02,24,08,00; 03; 04,0,11,P,4,L,7,4,1,0,,,,,0,0,0,0,0,MSST 03,MSST 02,24,00; 03; 04,08,WIDE OVER,2x2,0,R,MSST 03,1,COVER 0
231,"2504 Mississippi State O vs Northern Illinois, PFF Play 048",48,2,4,5,'+43,4,,,3,5,9,P,R,11,DUO Y OFF,,,,,,,OFF,,COMPLETE,GN,,,DB,,BENCH,4 DOWN,,,COVER 4,,MSST 03,MSST 02,24,08,00; 03; 04,0,11,P,5,R,4,9,0,0,,,,,0,0,0,0,0,MSST 03,MSST 02,24,00; 03; 04,08,WIDE UNDER,2x2,0,P,MSST 03,0,COVER 4
232,"2504 Mississippi State O vs Northern Illinois, PFF Play 049",49,2,1,10,'+34,1,,,3,6,15,P,R,11,TREY Y OFF,,,,,,,OFF,,INCOMPLETE,GF,,,PA,MAN,WIDE OVER,4 DOWN,,,COVER 4,,MSST 00,MSST 02,24,08,00; 03; 04,1,11,P,6,R,9,,0,0,,MAN,ILNO D03 DPI,,0,0,1,0,0,,MSST 02,24,00; 03; 04,08,WIDE OVER,3x1,0,P,MSST 00,0,COVER 4
233,"2504 Mississippi State O vs Northern Illinois, PFF Play 050",50,2,1,10,'+19,1,,RA,3,7,12,R,R,11,TRIPS - SLOT,,,,,,,OPEN,,,GEMP,,,GAP,,BENCH,4 DOWN,,,COVER 4,,MSST 22,MSST 02,22,08,03; 07; 11,0,11,R,7,R,9,12,0,,,POWER,,,0,0,0,0,0,MSST 22,MSST 02,22,03; 07; 11,08,WIDE UNDER,2x3,0,P,,0,COVER 4
234,"2504 Mississippi State O vs Northern Illinois, PFF Play 051",51,2,1,7,'+7,1,,RA,3,8,0,P,R,11,TRIPS - SLOT,,,,,,,OPEN,,THROWN AWAY,GEMP,,,PA,MAN,WIDE OVER,4 DOWN,,,COVER 0,,,MSST 02,24,08,03; 07; 11,1,11,P,8,R,12,,0,0,,POWER,,,0,0,1,0,0,,MSST 02,24,03; 07; 11,08,WIDE OVER,2x3,0,R,,0,COVER 0
235,"2504 Mississippi State O vs Northern Illinois, PFF Play 052",52,2,2,7,'+7,2,,RA,3,9,6,R,R,11,TREY Y OFF,,,,,,,OFF,,,GF,,,ZN,,WIDE OVER,4 DOWN,,,RED ZONE,,MSST 02,MSST 02,24,08,03; 07; 11,0,11,R,9,R,12,6,0,,,MAN,,,0,0,0,0,0,MSST 02,MSST 02,24,03; 07; 11,08,WIDE OVER,1x3,1,P,,0,RED ZONE
236,"2504 Mississippi State O vs Northern Illinois, PFF Play 053",53,2,3,1,'+1,3,SY/GL,RA,3,10,1,P,R,11,DUO Y OFF,,,,,,,OFF,,COMPLETE,GN,,,PA,MAN,WIDE OVER,4 DOWN,,,COVER 0,,MSST 08,MSST 02,24,08,03; 07; 11,0,11,P,10,R,6,1,1,0,,OUTSIDE ZONE,,MSST 08,0,0,0,0,0,MSST 08,MSST 02,24,03; 07; 11,08,WIDE OVER,2x2,1,R,MSST 08,1,COVER 0
237,"2504 Mississippi State O vs Northern Illinois, PFF Play 060",60,2,0,10,'-13,P,,,4,1,17,R,L,11,EMPTY 3x2 Y OFF,,,,,,,OFF,,,GEMP,,,GAP,,BENCH,4 DOWN,,,COVER 4,,MSST 03,MSST 02,06,87,03; 04; 07,0,11,R,1,L,1,17,0,,,COUNTER,,,0,0,0,0,0,MSST 03,MSST 02,06,03; 04; 07,87,WIDE UNDER,3x2,0,P,,0,COVER 4
238,"2504 Mississippi State O vs Northern Illinois, PFF Play 061",61,2,1,10,'-30,1,,,4,2,5,R,R,11,TREY Y OFF,,,,,,,OFF,,,GN,,WK,GAP,,WIDE OVER,4 DOWN,,,COVER 3,,MSST 06,MSST 02,06,87,03; 04; 07,1,11,R,2,R,17,5,0,,,COUNTER,,,0,0,1,0,0,MSST 06,MSST 02,06,03; 04; 07,87,WIDE OVER,1x3,0,R,,0,COVER 3
239,"2504 Mississippi State O vs Northern Illinois, PFF Play 062",62,2,2,5,'-35,2,,,4,3,0,P,R,11,SLOT - OPEN,,,,,,,OFF,,INCOMPLETE,GN,,,PA,,BENCH,4 DOWN,,,COVER 6,,MSST 04,MSST 02,06,87,03; 04; 07,1,11,P,3,R,5,,0,0,,MAN,,,0,0,1,0,0,,MSST 02,06,03; 04; 07,87,WIDE UNDER,1x2,1,R,MSST 04,0,COVER 6
240,"2504 Mississippi State O vs Northern Illinois, PFF Play 063",63,2,3,5,'-35,3,,,4,4,0,P,R,11,TRIPS - SLOT,,TOZ,,,,,OPEN,,INCOMPLETE,GEMP,,,DB,,BENCH,4 DOWN,,,COVER 4,,MSST 87,MSST 02,06,87,03; 07; 11,0,11,P,4,R,5,,0,0,,,,,0,0,0,0,0,,MSST 02,06,03; 07; 11,87,WIDE UNDER,2x3,0,P,MSST 87,0,COVER 4
241,"2504 Mississippi State O vs Northern Illinois, PFF Play 076",76,2,0,10,'-26,P,,,5,1,5,R,R,11,TRIPS - OPEN,,,,,,,,,,GF,,,ZN,,OKIE,5 DOWN,,,COVER 4,,MSST 24,MSST 02,24,08,00; 03; 04,0,11,R,1,R,5,5,0,,,MAN,,,0,0,0,2,0,MSST 24,MSST 02,24,00; 03; 04,08,ODD,1x3,0,P,,0,COVER 4
242,"2504 Mississippi State O vs Northern Illinois, PFF Play 077",77,2,2,5,'-31,2,,,5,2,0,P,R,11,TRIPS - OPEN,,,,,,,,,INCOMPLETE,GF,,,DB,,OKIE,5 DOWN,,,COVER 4,,MSST 04,MSST 02,24,08,00; 03; 04,1,11,P,2,R,5,,0,0,,,,,0,0,1,2,0,,MSST 02,24,00; 03; 04,08,ODD,1x3,0,R,MSST 04,0,COVER 4
243,"2504 Mississippi State O vs Northern Illinois, PFF Play 078",78,2,3,5,'-31,3,,,5,3,1,P,R,11,TREY Y OFF,,,,,,,OFF,,RUN,GF,,,DB,,OKIE,5 DOWN,,,COVER 4,,MSST 02,MSST 02,24,08,00; 03; 11,0,11,P,3,R,5,1,0,0,,,,,0,0,0,2,0,MSST 02,MSST 02,24,00; 03; 11,08,ODD,1x3,0,P,,0,COVER 4
244,"2504 Mississippi State O vs Northern Illinois, PFF Play 082",82,3,0,10,'-25,P,,,6,1,7,R,L,11,TRIPS - OPEN,,,,,,,,,,GN,,,ZN,,OKIE,5 DOWN,,,COVER 4,,MSST 24,MSST 02,24,08,00; 03; 04,0,11,R,1,L,1,7,0,,,MAN,MSST 51 OH,,0,0,0,0,0,MSST 24,MSST 02,24,00; 03; 04,08,ODD,3x1,1,P,,0,COVER 4
245,"2504 Mississippi State O vs Northern Illinois, PFF Play 083",83,3,1,20,'-15,1,,,6,2,22,R,L,11,SLOT - OPEN,,,,,,,OFF,,,GN,,,ZN,,OKIE,5 DOWN,,,COVER 4,,MSST 24,MSST 02,24,08,00; 03; 04,0,11,R,2,L,7,22,0,,,OUTSIDE ZONE,,,0,0,0,0,0,MSST 24,MSST 02,24,00; 03; 04,08,ODD,2x1,1,R,,0,COVER 4
246,"2504 Mississippi State O vs Northern Illinois, PFF Play 084",84,3,1,10,'-37,1,,,6,3,5,P,L,11,DOUBLES,,,,,,,OPEN,,COMPLETE,GF,,,PA,,OKIE,5 DOWN,,,COVER 4,,MSST 24,MSST 02,24,08,00; 03; 04,1,11,P,3,L,22,5,0,0,,UNDEFINED,,,0,0,1,0,0,MSST 24,MSST 02,24,00; 03; 04,08,ODD,2x2,0,R,MSST 24,0,COVER 4
247,"2504 Mississippi State O vs Northern Illinois, PFF Play 085",85,3,2,5,'-42,2,,,6,4,10,P,L,11,TRIPS - OPEN,,,,,,,,,COMPLETE,GN,,,DB,,OKIE,5 DOWN,,,COVER 4,,MSST 03,MSST 02,24,08,00; 03; 04,1,11,P,4,L,5,10,0,0,,,,,0,0,1,0,0,MSST 03,MSST 02,24,00; 03; 04,08,ODD,3x1,0,P,MSST 03,0,COVER 4
248,"2504 Mississippi State O vs Northern Illinois, PFF Play 086",86,3,1,10,'+48,1,,,6,5,45,P,R,11,DOUBLES,,,,,,,OPEN,,COMPLETE,GN,,,PA,,OKIE,5 DOWN,,,COVER 4,,MSST 04,MSST 02,06,08,00; 03; 04,1,11,P,5,R,10,45,0,0,,UNDEFINED,,,0,0,1,0,0,MSST 04,MSST 02,06,00; 03; 04,08,ODD,2x2,0,P,MSST 04,0,COVER 4
249,"2504 Mississippi State O vs Northern Illinois, PFF Play 087",87,3,1,3,'+3,1,GL,RA,6,6,2,R,R,11,PRO - OPEN,,,,,,,OFF,,,GF,,,ZN,,JACK,4 DOWN,,,RED ZONE,,MSST 06,MSST 02,06,08,00; 03; 04,1,11,R,6,R,45,2,0,,,MAN,,,0,0,1,0,0,MSST 06,MSST 02,06,00; 03; 04,08,OTHER,1x2,0,P,,0,RED ZONE
250,"2504 Mississippi State O vs Northern Illinois, PFF Play 088",88,3,2,1,'+1,2,GL,RA,6,7,1,R,C,11,PRO - OPEN,,,,,,,OFF,,,GF,,,ZN,,WIDE OVER,4 DOWN,,,RED ZONE,,MSST 06,MSST 02,06,08,00; 03; 04,1,11,R,7,C,2,1,0,,,MAN,,MSST 06,0,0,1,0,0,MSST 06,MSST 02,06,00; 03; 04,08,WIDE OVER,1x2,0,R,,0,RED ZONE
251,"2504 Mississippi State O vs Northern Illinois, PFF Play 100",100,3,0,10,'-20,P,,,7,1,16,R,L,11,TRIPS - OPEN,,,,,,,,,,GF,,STR,GAP,,BENCH,4 DOWN,,,COVER 4,,MSST 24,MSST 02,24,08,00; 03; 04,0,11,R,1,L,1,16,0,,,COUNTER,,,0,0,0,0,0,MSST 24,MSST 02,24,00; 03; 04,08,WIDE UNDER,3x1,1,R,,0,COVER 4
252,"2504 Mississippi State O vs Northern Illinois, PFF Play 101",101,3,1,10,'-36,1,,,7,2,0,P,L,11,DOUBLES,,,,,,,OPEN,,INCOMPLETE,GF,,,PA,,OVER,4 DOWN,,,COVER 4,,MSST 00,MSST 02,24,08,00; 03; 04,1,11,P,2,L,16,,0,0,,UNDEFINED,,,0,0,1,0,0,,MSST 02,24,00; 03; 04,08,OVER,2x2,0,R,MSST 00,0,COVER 4
253,"2504 Mississippi State O vs Northern Illinois, PFF Play 102",102,3,2,10,'-36,2,,,7,3,8,R,L,11,DOUBLES,,,,,,,OPEN,,,GF,,,ZN,,BENCH,4 DOWN,,,COVER 3,,MSST 24,MSST 02,24,08,00; 03; 04,0,11,R,3,L,16,8,0,,,MAN,,,0,0,0,0,0,MSST 24,MSST 02,24,00; 03; 04,08,WIDE UNDER,2x2,1,P,,0,COVER 3
254,"2504 Mississippi State O vs Northern Illinois, PFF Play 103",103,3,3,2,'-44,3,SY,,7,4,1,R,L,11,DOUBLES,,,,,,,OPEN,,,GF,,,ZN,,WIDE OVER,4 DOWN,,,COVER 4,,MSST 24,MSST 02,24,08,03; 04; 09,1,11,R,4,L,8,1,0,,,MAN,,,0,0,1,0,0,MSST 24,MSST 02,24,03; 04; 09,08,WIDE OVER,2x2,1,R,,0,COVER 4
255,"2504 Mississippi State O vs Northern Illinois, PFF Play 104",104,3,4,1,'-45,4,SY,,7,5,5,R,L,11,EMPTY 4x1 Y OFF,,,,,,,OFF,,,GEMP,,,,,BENCH,4 DOWN,,,COVER 0,,MSST 01,MSST 01,24,87,00; 03; 11,0,11,R,5,L,1,5,0,,,QB RUNS,,,0,0,0,0,0,MSST 01,MSST 01,24,00; 03; 11,87,WIDE UNDER,1x4,1,R,,0,COVER 0
256,"2504 Mississippi State O vs Northern Illinois, PFF Play 105",105,3,1,10,'+50,1,,,7,6,5,R,L,11,SLOT - OPEN,,,,,,,OFF,,,GS,,,GAP,,BENCH,4 DOWN,,,COVER 4,,MSST 03,MSST 02,06,87,00; 03; 11,0,11,R,6,L,5,5,0,,,POWER,,,0,0,0,0,0,MSST 03,MSST 02,06,00; 03; 11,87,WIDE UNDER,1x2,0,R,,0,COVER 4
257,"2504 Mississippi State O vs Northern Illinois, PFF Play 106",106,3,2,5,'+45,2,,,7,7,15,R,R,11,TREY Y OFF,,,,,,,OFF,,,GN,,,GAP,,BENCH,4 DOWN,,,COVER 4,,MSST 06,MSST 02,06,87,00; 09; 11,0,11,R,7,R,5,15,0,,,POWER,MSST 87 OH,,0,1,0,0,0,MSST 06,MSST 02,06,00; 09; 11,87,WIDE UNDER,4x0,1,R,,0,COVER 4
258,"2504 Mississippi State O vs Northern Illinois, PFF Play 107",107,3,2,15,'-45,2,,,7,8,-6,P,R,11,TRIPS - OPEN,,,,,,,,,SACK,GN,,,PA,,WIDE OVER,4 DOWN,,,COVER 1,,MSST 02,MSST 02,06,87,00; 09; 11,0,11,P,8,R,15,-6,0,0,,UNDEFINED,,,0,0,0,0,0,MSST 02,MSST 02,06,00; 09; 11,87,WIDE OVER,1x3,0,R,,1,COVER 1
259,"2504 Mississippi State O vs Northern Illinois, PFF Play 108",108,3,3,21,'-39,3,,,7,9,22,P,R,11,DUO Y OFF,,,,,,,OFF,,RUN,GF,,,DB,,BENCH,4 DOWN,,,COVER 2 MAN,,MSST 02,MSST 02,24,05,00; 09; 11,0,11,P,9,R,-6,22,0,0,,,,,0,0,0,0,0,MSST 02,MSST 02,24,00; 09; 11,05,WIDE UNDER,2x2,0,P,,0,COVER 2 MAN
260,"2504 Mississippi State O vs Northern Illinois, PFF Play 109",109,3,1,10,'+39,1,,,7,10,3,P,C,11,EMPTY 3x2 Y OFF,,,,,,,OFF,,COMPLETE,GEMP,,,PA,,WIDE OVER,4 DOWN,,,COVER 3 CLOUD,,MSST 11,MSST 02,24,05,00; 03; 11,1,11,P,10,C,22,3,0,0,,OUTSIDE ZONE,,,0,0,1,0,0,MSST 11,MSST 02,24,00; 03; 11,05,WIDE OVER,3x2,0,P,MSST 11,0,COVER 3 CLOUD
261,"2504 Mississippi State O vs Northern Illinois, PFF Play 110",110,3,2,7,'+36,2,,,7,11,6,R,L,11,SLOT - OPEN,,,,,,,OFF,,,GS,,,ZN,,BENCH,4 DOWN,,,COVER 3,,MSST 24,MSST 02,24,05,00; 03; 11,0,11,R,11,L,3,6,0,,,INSIDE ZONE,,,0,0,0,0,0,MSST 24,MSST 02,24,00; 03; 11,05,WIDE UNDER,1x2,0,P,,0,COVER 3
262,"2504 Mississippi State O vs Northern Illinois, PFF Play 111",111,3,3,1,'+30,3,SY,,7,12,14,R,L,11,SLOT - OPEN,,,,,,,OFF,,,GS,,,ZN,,BENCH,4 DOWN,,,COVER 4,,MSST 24,MSST 02,24,05,00; 03; 11,1,11,R,12,L,6,14,0,,,INSIDE ZONE,,,0,0,1,0,0,MSST 24,MSST 02,24,00; 03; 11,05,WIDE UNDER,1x2,0,R,,0,COVER 4
263,"2504 Mississippi State O vs Northern Illinois, PFF Play 112",112,3,1,10,'+16,1,,RA,7,13,-1,R,C,11,EMPTY 3x2 Y OFF,,,,,,,OFF,,,GEMP,,,GAP,,WIDE OVER,4 DOWN,,,COVER 4,,MSST 03,MSST 02,06,05,00; 03; 04,0,11,R,13,C,14,-1,0,,,COUNTER,,,0,0,0,0,0,MSST 03,MSST 02,06,00; 03; 04,05,WIDE OVER,3x2,0,R,,0,COVER 4
264,"2504 Mississippi State O vs Northern Illinois, PFF Play 113",113,3,2,11,'+17,2,,RA,7,14,-8,P,R,11,DUO Y OFF,,,,,,,OFF,,SACK,GF,,,PA,,BENCH,4 DOWN,,,COVER 1,,MSST 02,MSST 02,06,05,00; 03; 04,1,11,P,14,R,-1,-8,0,0,,POWER,,,0,0,1,0,0,MSST 02,MSST 02,06,00; 03; 04,05,WIDE UNDER,2x2,0,R,,1,COVER 1
265,"2504 Mississippi State O vs Northern Illinois, PFF Play 114",114,3,3,19,'+25,3,,RA,7,15,19,R,R,11,TRIPS - OPEN,,,,,,,,,,GN,,,ZN,,BENCH,4 DOWN,,,COVER 3 CLOUD,,MSST 06,MSST 02,06,05,00; 03; 04,0,11,R,15,R,-8,19,0,,,MAN,MSST 51 OH,,0,0,0,0,0,MSST 06,MSST 02,06,00; 03; 04,05,WIDE UNDER,1x3,1,P,,0,COVER 3 CLOUD
266,"2504 Mississippi State O vs Northern Illinois, PFF Play 115",115,3,3,29,'+35,3,,,7,16,5,R,R,11,DOUBLES,,,,,,,OPEN,,,GF,,STR,ZN,,BENCH,4 DOWN,,,COVER 3,,MSST 24,MSST 02,24,05,00; 03; 04,0,11,R,16,R,19,5,0,,,MAN,,,0,0,0,0,0,MSST 24,MSST 02,24,00; 03; 04,05,WIDE UNDER,2x2,0,R,,0,COVER 3
267,"2504 Mississippi State O vs Northern Illinois, PFF Play 124",124,4,0,10,'-36,P,,,8,1,1,R,L,11,TREY Y OFF,,,,,,,OFF,,,GN,,,ZN,,WIDE OVER,4 DOWN,,,COVER 4,,MSST 24,MSST 02,24,08,03; 04; 09,0,11,R,1,L,5,1,0,,,OUTSIDE ZONE,,,0,0,0,0,0,MSST 24,MSST 02,24,03; 04; 09,08,WIDE OVER,3x1,0,R,,0,COVER 4
268,"2504 Mississippi State O vs Northern Illinois, PFF Play 125",125,4,2,9,'-37,2,,,8,2,0,P,L,11,TRIPS - SLOT,,,,,,,OPEN,,THROWN AWAY,GEMP,,,DB,,WIDE OVER,4 DOWN,,,COVER 1,,,MSST 02,24,08,03; 09; 11,1,11,P,2,L,1,,0,0,,,,,0,0,1,0,0,,MSST 02,24,03; 09; 11,08,WIDE OVER,3x2,0,R,,1,COVER 1
269,"2504 Mississippi State O vs Northern Illinois, PFF Play 126",126,4,3,9,'-37,3,,,8,3,57,P,L,11,DUO Y OFF,,,,,,,OFF,,COMPLETE,GF,,,DB,,BENCH,4 DOWN,,,COVER 0,,MSST 03,MSST 02,06,08,03; 09; 11,0,11,P,3,L,1,57,0,0,,,,,0,0,0,0,0,MSST 03,MSST 02,06,03; 09; 11,08,WIDE UNDER,2x2,0,P,MSST 03,1,COVER 0
270,"2504 Mississippi State O vs Northern Illinois, PFF Play 127",127,4,1,6,'+6,1,,RA,8,4,0,R,R,11,EMPTY 3x2 Y OFF,,,,,,,OFF,,,GEMP,,,GAP,,EVEN,4 DOWN,,,RED ZONE,,MSST 02,MSST 02,06,08,03; 04; 12,0,11,R,4,R,57,0,0,,,COUNTER,,,0,0,0,0,0,MSST 02,MSST 02,06,03; 04; 12,08,EVEN,2x3,0,P,,0,RED ZONE
271,"2504 Mississippi State O vs Northern Illinois, PFF Play 128",128,4,2,6,'+6,2,,RA,8,5,6,R,R,11,TREY Y OFF,,,,,,,OFF,,,GN,,WK,GAP,,BENCH,4 DOWN,,,RED ZONE,,MSST 06,MSST 02,06,08,03; 04; 12,0,11,R,5,R,0,6,0,,,COUNTER,,MSST 06,0,0,0,0,0,MSST 06,MSST 02,06,03; 04; 12,08,WIDE UNDER,1x3,0,R,,0,RED ZONE
272,"2504 Mississippi State O vs Northern Illinois, PFF Play 136",136,4,0,10,'+43,P,,,9,1,2,R,R,11,TRIPS - OPEN,,,,,,,,,,GF,,STR,GAP,,BENCH,4 DOWN,,,COVER 1,,MSST 24,MSST 02,24,10,07; 09; 12,0,11,R,1,R,6,2,0,,,COUNTER,,,0,0,0,4,0,MSST 24,MSST 02,24,07; 09; 12,10,WIDE UNDER,3x1,1,R,,0,COVER 1
273,"2504 Mississippi State O vs Northern Illinois, PFF Play 137",137,4,2,8,'+41,2,,,9,2,2,R,R,11,TREY Y OFF,,,,,,,OFF,,,GN,,,ZN,,WIDE OVER,4 DOWN,,,COVER 1,,MSST 24,MSST 02,24,10,07; 09; 12,0,11,R,2,R,2,2,0,,,OUTSIDE ZONE,,,0,0,0,4,0,MSST 24,MSST 02,24,07; 09; 12,10,WIDE OVER,1x3,0,R,,0,COVER 1
274,"2504 Mississippi State O vs Northern Illinois, PFF Play 138",138,4,3,6,'+39,3,,,9,3,3,R,R,11,TRIPS - OPEN,,,,,,,,,,GN,,,ZN,,EVEN,4 DOWN,,,COVER 6,,MSST 24,MSST 02,24,10,09; 12; 13,0,11,R,3,R,2,3,0,,,MAN,,,0,0,0,4,0,MSST 24,MSST 02,24,09; 12; 13,10,EVEN,1x3,1,R,,0,COVER 6
275,"2504 Mississippi State O vs Northern Illinois, PFF Play 139",139,4,4,3,'+36,4,,,9,4,5,P,R,11,TRIPS - SLOT,,,,,,,OPEN,,COMPLETE,GEMP,,,DB,,BENCH,4 DOWN,,,COVER 4,,MSST 24,MSST 02,24,10,09; 11; 13,0,11,P,4,R,3,5,0,0,,,,,0,0,0,4,0,MSST 24,MSST 02,24,09; 11; 13,10,WIDE UNDER,2x3,0,R,MSST 24,0,COVER 4
276,"2504 Mississippi State O vs Northern Illinois, PFF Play 140",140,4,1,10,'+31,1,,,9,5,3,R,L,11,TRIPS - OPEN,,,,,,,,,,GF,,,ZN,,WIDE OVER,4 DOWN,,,COVER 1,,MSST 24,MSST 02,24,10,09; 11; 13,0,11,R,5,L,5,3,0,,,OUTSIDE ZONE,,,0,0,0,4,0,MSST 24,MSST 02,24,09; 11; 13,10,WIDE OVER,3x1,0,P,,0,COVER 1
277,"2504 Mississippi State O vs Northern Illinois, PFF Play 141",141,4,2,7,'+28,2,,,9,6,10,R,R,11,TRIPS - OPEN,,,,,,,,,,GF,,STR,GAP,,BENCH,4 DOWN,,,COVER 1,,MSST 22,MSST 02,22,10,09; 11; 13,0,11,R,6,R,3,10,0,,,COUNTER,,,0,0,0,4,0,MSST 22,MSST 02,22,09; 11; 13,10,WIDE UNDER,3x1,0,R,,0,COVER 1
278,"2504 Mississippi State O vs Northern Illinois, PFF Play 142",142,4,1,10,'+18,1,,RA,9,7,-5,X,L,11,TRIPS - SLOT,,,,,,,OPEN,,,GEMP,,,,,WIDE OVER,4 DOWN,,,,,,MSST 02,22,10,09; 12; 13,0,11,X,7,L,10,,0,,,,MSST 12 FST,,0,0,0,0,0,,MSST 02,22,09; 12; 13,10,WIDE OVER,3x2,0,R,,0,
279,"2504 Mississippi State O vs Northern Illinois, PFF Play 143",143,4,1,15,'+23,1,,RA,9,8,22,R,L,11,TREY Y OFF,,,,,,,OFF,,,GN,,,GAP,,WIDE OVER,4 DOWN,,,COVER 3,,MSST 22,MSST 02,22,10,09; 12; 13,0,11,R,8,L,10,22,0,,,COUNTER,,,0,0,0,0,1,MSST 22,MSST 02,22,09; 12; 13,10,WIDE OVER,3x1,0,R,,0,COVER 3
280,"2504 Mississippi State O vs Northern Illinois, PFF Play 144",144,4,1,1,'+1,1,GL,RA,9,9,1,R,L,11,DUO Y OFF,,,,,,,OFF,,,GN,,,ZN,,BENCH,4 DOWN,,,RED ZONE,,MSST 22,MSST 02,22,10,09; 12; 13,0,11,R,9,L,22,1,0,,,MAN,,MSST 22,0,0,0,0,1,MSST 22,MSST 02,22,09; 12; 13,10,WIDE UNDER,2x2,0,R,,0,RED ZONE
281,"2504 Mississippi State O vs Northern Illinois, PFF Play 152",152,4,0,10,'-23,P,,,10,1,9,R,R,11,TRIPS - OPEN,,,,,,,,,,GF,,,ZN,,WIDE OVER,4 DOWN,,,COVER 3,,MSST 01,MSST 01,22,05,09; 12; 13,0,11,R,1,R,1,9,0,,,MAN,,,0,0,0,0,1,MSST 01,MSST 01,22,09; 12; 13,05,WIDE OVER,3x1,1,R,,0,COVER 3
282,"2504 Mississippi State O vs Northern Illinois, PFF Play 153",153,4,2,1,'-32,2,,,10,2,5,R,L,11,TRIPS - OPEN,,,,,,,,,,GN,,,ZN,,BENCH,4 DOWN,,,COVER 4,,MSST 23,MSST 01,23,05,09; 12; 13,0,11,R,2,L,9,5,0,,,INSIDE ZONE,,,0,0,0,0,1,MSST 23,MSST 01,23,09; 12; 13,05,WIDE UNDER,1x3,1,R,,0,COVER 4
283,"2504 Mississippi State O vs Northern Illinois, PFF Play 154",154,4,1,10,'-37,1,,,10,3,12,P,L,11,DUO Y OFF,,,,,,,OFF,,RUN,GN,,,SCR,,WIDE OVER,4 DOWN,,,COVER 4,,MSST 01,MSST 01,23,05,09; 12; 13,0,11,P,3,L,5,12,0,0,,OUTSIDE ZONE,,,0,0,0,0,1,MSST 01,MSST 01,23,09; 12; 13,05,WIDE OVER,2x2,1,R,,0,COVER 4
284,"2504 Mississippi State O vs Northern Illinois, PFF Play 155",155,4,1,10,'-49,1,,,10,4,4,R,L,11,TREY Y OFF,,,,,,,OFF,,,GN,,,ZN,,WIDE OVER,4 DOWN,,,COVER 4,,MSST 23,MSST 01,23,05,09; 12; 13,0,11,R,4,L,12,4,0,,,INSIDE ZONE,,,0,0,0,0,1,MSST 23,MSST 01,23,09; 12; 13,05,WIDE OVER,3x1,0,P,,0,COVER 4
285,"2504 Mississippi State O vs Northern Illinois, PFF Play 156",156,4,2,6,'+47,2,,,10,5,7,R,L,11,TREY Y OFF,,,,,,,OFF,,,GN,,,ZN,,WIDE OVER,4 DOWN,,,COVER 4,,MSST 23,MSST 01,23,05,09; 12; 13,0,11,R,5,L,4,7,0,,,INSIDE ZONE,,,0,0,0,0,1,MSST 23,MSST 01,23,09; 12; 13,05,WIDE OVER,3x1,0,R,,0,COVER 4
286,"2505 Mississippi State O vs Tennessee, PFF Play 002",2,1,0,10,'-25,P,,,1,1,-2,P,R,11,DOUBLES,,,,,,,OPEN,,COMPLETE,GF,,,DB,,WIDE OVER,4 DOWN,,,COVER 6,,MSST 04,MSST 02,24,08,00; 03; 04,0,11,P,1,R,,-2,0,0,,,,,0,0,0,0,0,MSST 04,MSST 02,24,00; 03; 04,08,WIDE OVER,2x2,0,,MSST 04,0,COVER 6
287,"2505 Mississippi State O vs Tennessee, PFF Play 003",3,1,2,12,'-23,2,,,1,2,3,R,R,11,SLOT - OPEN,,,,,,,OFF,,,GN,,,ZN,,EVEN,4 DOWN,,,COVER 4,,MSST 24,MSST 02,24,08,00; 03; 11,1,11,R,2,R,-2,3,0,,,OUTSIDE ZONE,,,0,0,1,0,0,MSST 24,MSST 02,24,00; 03; 11,08,EVEN,1x2,1,P,,0,COVER 4
288,"2505 Mississippi State O vs Tennessee, PFF Play 004",4,1,3,9,'-26,3,,,1,3,-7,P,R,11,DOUBLES,,,,,,,OPEN,,SACK,GN,,,DB,,EVEN,4 DOWN,,,COVER 2,,MSST 02,MSST 02,24,08,00; 03; 11,1,11,P,3,R,3,-7,0,0,,,,,0,0,1,0,0,MSST 02,MSST 02,24,00; 03; 11,08,EVEN,2x2,0,R,,0,COVER 2
289,"2505 Mississippi State O vs Tennessee, PFF Play 006",6,1,0,10,'+20,P,,RA,2,1,2,R,R,11 (+Q),TREY Y OFF,,,,,,,OFF,,,GN,,,,,BENCH,4 DOWN,,,COVER 2,,MSST 03,MSST 01,24,08,00; 03,0,11 (+Q),R,1,R,-7,2,0,,,TRICK,,,1,1,0,0,0,MSST 03,MSST 01,24,00; 03,08,WIDE UNDER,3x1,0,P,,1,COVER 2
290,"2505 Mississippi State O vs Tennessee, PFF Play 007",7,1,2,8,'+18,2,,RA,2,2,3,R,L,11 (+Q),TRIPS - NIX,,,,,,,,,,GF,,,,,BENCH,4 DOWN,,,COVER 2,,MSST 01,MSST 02,24,08,00; 03,1,11 (+Q),R,2,L,2,3,0,,,TRICK,,,1,1,1,0,0,MSST 01,MSST 02,24,00; 03,08,WIDE UNDER,3x0,0,R,,0,COVER 2
291,"2505 Mississippi State O vs Tennessee, PFF Play 008",8,1,3,5,'+15,3,,RA,2,3,5,R,L,11,DOUBLES,,,,,,,OPEN,,,GN,QB DRAW,,DRAW,,ODD,4 DOWN,,,COVER 3,,MSST 02,MSST 02,06,08,00; 03; 04,0,11,R,3,L,3,5,0,,,DRAW,,,0,0,0,0,0,MSST 02,MSST 02,06,00; 03; 04,08,ODD,2x2,1,R,,0,COVER 3
292,"2505 Mississippi State O vs Tennessee, PFF Play 009",9,1,1,10,'+10,1,,RA,2,4,0,R,C,11,DUO Y OFF,,,,,,,OFF,,,PSTL,,,ZN,,WIDE OVER,4 DOWN,,,RED ZONE,,MSST 06,MSST 02,06,08,00; 03; 04,1,11,R,4,C,5,0,0,,,MAN,TNUN D19 UNRd,,0,0,1,0,0,MSST 06,MSST 02,06,00; 03; 04,08,WIDE OVER,2x2,0,R,,0,RED ZONE
293,"2505 Mississippi State O vs Tennessee, PFF Play 010",10,1,1,5,'+5,1,GL,RA,2,5,5,R,C,12,ACE YU OFF,,,,,,,OFF,,,GF,,,GAP,,BENCH,4 DOWN,,,,,MSST 24,MSST 02,24,08; 10,00; 03,0,12,R,5,C,0,5,0,,,COUNTER,,MSST 24,0,0,0,0,0,MSST 24,MSST 02,24,00; 03,08; 10,WIDE UNDER,2x2,0,R,,0,
294,"2505 Mississippi State O vs Tennessee, PFF Play 022",22,1,0,10,'-25,P,,,3,1,-1,R,R,12,ACE YU OFF,,,,,,,OFF,,,PSTL,,,ZN,,BENCH,4 DOWN,,,COVER 6,,MSST 06,MSST 02,06,08; 10,00; 03,0,12,R,1,R,5,-1,0,,,OUTSIDE ZONE,,,0,0,0,0,0,MSST 06,MSST 02,06,00; 03,08; 10,WIDE UNDER,2x2,0,R,,1,COVER 6
295,"2505 Mississippi State O vs Tennessee, PFF Play 023",23,1,2,11,'-24,2,,,3,2,2,R,L,12,ACE YU OFF,,Z MTR,,,,,OFF,,,GF,Q CTR OT RD,,GAP,,ODD,4 DOWN,,,COVER 3,,MSST 02,MSST 02,06,08; 10,00; 03,1,12,R,2,L,-1,2,0,,,COUNTER,,,0,0,1,0,0,MSST 02,MSST 02,06,00; 03,08; 10,ODD,2x2,0,R,,1,COVER 3
296,"2505 Mississippi State O vs Tennessee, PFF Play 024",24,1,3,9,'-26,3,,,3,3,6,P,R,11,TRIPS - OPEN,,,,,,,,,RUN,GF,,,DB,,UNDER,4 DOWN,,,COVER 2,,MSST 02,MSST 02,06,08,00; 03; 04,0,11,P,3,R,2,6,0,0,,,,,0,0,0,0,0,MSST 02,MSST 02,06,00; 03; 04,08,UNDER,1x3,0,R,,0,COVER 2
297,"2505 Mississippi State O vs Tennessee, PFF Play 032",32,1,0,10,'-10,P,,,4,1,5,P,R,11,TRIPS - OPEN,,,,,,,,,COMPLETE,GN,,,DB,,BENCH,4 DOWN,,,COVER 4,,MSST 04,MSST 02,24,87,00; 03; 04,0,11,P,1,R,6,5,1,0,,,,,0,0,0,0,0,MSST 04,MSST 02,24,00; 03; 04,87,WIDE UNDER,3x1,0,P,MSST 04,0,COVER 4
298,"2505 Mississippi State O vs Tennessee, PFF Play 033",33,1,2,5,'-15,2,,,4,2,0,P,R,11,DUO Y OFF,,,,,,,OFF,,INCOMPLETE,GN,,,PA,,BENCH,4 DOWN,,,COVER 6,,MSST 03,MSST 02,24,87,00; 03; 04,1,11,P,2,R,5,,1,0,,OUTSIDE ZONE,,,0,0,1,0,0,,MSST 02,24,00; 03; 04,87,WIDE UNDER,2x2,1,P,MSST 03,0,COVER 6
299,"2505 Mississippi State O vs Tennessee, PFF Play 034",34,1,3,5,'-15,3,,,4,3,0,P,R,11,TRIPS - OPEN,,BUZZ,,,,,,,INTERCEPTION,GN,,,DB,,BENCH,4 DOWN,,,COVER 6,,MSST 24,MSST 02,24,87,00; 04; 09,0,11,P,3,R,5,,0,0,,,,TNUN D08,0,0,0,0,0,,MSST 02,24,00; 04; 09,87,WIDE UNDER,3x1,0,P,MSST 24,0,COVER 6
300,"2505 Mississippi State O vs Tennessee, PFF Play 037",37,1,0,10,'-25,P,,,5,1,-4,P,C,11,DOUBLES,,,,,,,OPEN,,SACK,GF,,,PA,,UNDER,4 DOWN,,,COVER 2,,MSST 02,MSST 02,06,08,00; 03; 04,0,11,P,1,C,5,-4,0,0,,INSIDE ZONE,,,0,0,0,0,0,MSST 02,MSST 02,06,00; 03; 04,08,UNDER,2x2,1,P,,0,COVER 2
301,"2505 Mississippi State O vs Tennessee, PFF Play 038",38,1,2,14,'-21,2,,,5,2,6,P,C,11,DOUBLES,,,,,,,OPEN,,COMPLETE,GF,,,PA,,BENCH,4 DOWN,,,COVER 4,,MSST 00,MSST 02,06,08,00; 03; 04,1,11,P,2,C,-4,6,0,0,,UNDEFINED,,,0,0,1,0,0,MSST 00,MSST 02,06,00; 03; 04,08,WIDE UNDER,2x2,0,P,MSST 00,0,COVER 4
302,"2505 Mississippi State O vs Tennessee, PFF Play 039",39,1,3,8,'-27,3,,,5,3,11,P,L,11,DOUBLES,,,,,,,OPEN,,COMPLETE,GF,,,DB,,WIDE OVER,4 DOWN,,,COVER 4,,MSST 00,MSST 02,06,08,00; 03; 04,0,11,P,3,L,6,11,0,0,,,,,0,0,0,0,0,MSST 00,MSST 02,06,00; 03; 04,08,WIDE OVER,2x2,0,P,MSST 00,0,COVER 4
303,"2505 Mississippi State O vs Tennessee, PFF Play 040",40,1,1,10,'-38,1,,,5,4,0,P,L,11,DUO Y OFF,,,,,,,OFF,,INCOMPLETE,GF,,,DB,,BENCH,4 DOWN,,,COVER 2,,MSST 00,MSST 02,06,08,00; 03; 04,1,11,P,4,L,11,,0,0,,,,,0,0,1,0,0,,MSST 02,06,00; 03; 04,08,WIDE UNDER,2x2,0,P,MSST 00,0,COVER 2
304,"2505 Mississippi State O vs Tennessee, PFF Play 041",41,1,2,10,'-38,2,,,5,5,2,R,L,11,DOUBLES,,,,,,,OPEN,,,GF,,,ZN,,UNDER,4 DOWN,,,COVER 4,,MSST 06,MSST 02,06,08,04; 09; 18,0,11,R,5,L,11,2,0,,,OUTSIDE ZONE,MSST 08 OH,,0,0,0,0,0,MSST 06,MSST 02,06,04; 09; 18,08,UNDER,2x2,1,P,,0,COVER 4
305,"2505 Mississippi State O vs Tennessee, PFF Play 042",42,1,2,18,'-30,2,,,5,6,15,R,L,11,TRIPS - OPEN,,,,,,,,,,GN,,,ZN,,EVEN,4 DOWN,,,COVER 4,,MSST 24,MSST 02,24,10,03; 11; 18,0,11,R,6,L,2,15,0,,,OUTSIDE ZONE,,,0,0,0,0,0,MSST 24,MSST 02,24,03; 11; 18,10,EVEN,3x1,1,R,,0,COVER 4
306,"2505 Mississippi State O vs Tennessee, PFF Play 043",43,1,3,3,'-45,3,,,5,7,5,R,L,11,TRIPS,,,,,,,ON,,,GN,,,ZN,,BENCH,4 DOWN,,,COVER 2,,MSST 24,MSST 24,24,10,03; 11; 18,0,11,R,7,L,15,5,0,,,INSIDE ZONE,,,1,1,0,0,0,MSST 24,MSST 24,24,03; 11; 18,10,WIDE UNDER,3x1,0,R,,0,COVER 2
307,"2505 Mississippi State O vs Tennessee, PFF Play 044",44,1,1,10,'+50,1,,,5,8,0,P,L,11,TRIPS - OPEN,,,,,,,,,THROWN AWAY,GF,,,PA,,ODD,4 DOWN,,,COVER 2,,,MSST 02,24,10,03; 11; 18,1,11,P,8,L,5,,0,0,,UNDEFINED,,,0,0,1,0,0,,MSST 02,24,03; 11; 18,10,ODD,3x1,0,R,,0,COVER 2
308,"2505 Mississippi State O vs Tennessee, PFF Play 045",45,1,2,10,'+50,2,,,5,9,4,R,L,11,DOUBLES,,,,,,,OPEN,,,GF,,,ZN,,EVEN,4 DOWN,,,COVER 3,,MSST 06,MSST 02,06,10,00; 03; 04,0,11,R,9,L,5,4,0,,,OUTSIDE ZONE,,,0,0,0,0,0,MSST 06,MSST 02,06,00; 03; 04,10,EVEN,2x2,1,P,,0,COVER 3
309,"2505 Mississippi State O vs Tennessee, PFF Play 046",46,1,3,6,'+46,3,,,5,10,16,P,L,11,DUO Y OFF,,,,,,,OFF,,COMPLETE,GF,,,PA,,LOAD,,,,COVER 3,,MSST 00,MSST 02,06,10,00; 03; 04,0,11,P,10,L,4,16,0,0,,COUNTER,,,0,0,0,0,0,MSST 00,MSST 02,06,00; 03; 04,10,LOAD,2x2,1,R,MSST 00,1,COVER 3
310,"2505 Mississippi State O vs Tennessee, PFF Play 047",47,1,1,10,'+30,1,,,5,11,0,R,L,11,DOUBLES,,,,,,,OPEN,,,GF,Y INSERT,STR,ZN,,BENCH,4 DOWN,,,COVER 2,,MSST 06,MSST 02,06,10,00; 03; 04,1,11,R,11,L,16,0,0,,,INSIDE ZONE,,,0,0,1,0,0,MSST 06,MSST 02,06,00; 03; 04,10,WIDE UNDER,2x2,1,P,,0,COVER 2
311,"2505 Mississippi State O vs Tennessee, PFF Play 048",48,1,2,10,'+30,2,,,5,12,6,P,L,11,DOUBLES,,,,,,,OPEN,,COMPLETE,GF,,,PA,,BENCH,4 DOWN,,,COVER 4,,MSST 03,MSST 02,24,08,03; 04; 18,1,11,P,12,L,0,6,0,0,,UNDEFINED,,,0,0,1,0,0,MSST 03,MSST 02,24,03; 04; 18,08,WIDE UNDER,2x2,0,R,MSST 03,0,COVER 4
312,"2505 Mississippi State O vs Tennessee, PFF Play 049",49,2,3,4,'+24,3,,RA,5,13,5,R,R,12,EMPTY 3x2 Y OFF,,,,,,,OFF,,,GEMP,,,GAP,,EVEN,4 DOWN,,,COVER 4,,MSST 01,MSST 01,24,08; 87,03; 04,0,12,R,13,R,6,5,0,,,COUNTER,,,0,0,0,0,0,MSST 01,MSST 01,24,03; 04,08; 87,EVEN,2x3,1,P,,0,COVER 4
313,"2505 Mississippi State O vs Tennessee, PFF Play 050",50,2,1,10,'+19,1,,RA,5,14,14,R,R,11,SLOT - OPEN,,,,,,,OFF,,,GF,,,ZN,,OVER,4 DOWN,,,RED ZONE,,MSST 06,MSST 02,06,08,03; 04; 11,0,11,R,14,R,5,14,0,,,OUTSIDE ZONE,,,0,0,0,0,0,MSST 06,MSST 02,06,03; 04; 11,08,OVER,2x1,0,R,,0,RED ZONE
314,"2505 Mississippi State O vs Tennessee, PFF Play 051",51,2,1,5,'+5,1,GL,RA,5,15,5,R,R,11,ACE YU OFF,,,,,,,OFF,,,GF,,STR,ZN,,BENCH,4 DOWN,,,,,MSST 06,MSST 02,06,08,03; 04; 11,1,11,R,15,R,14,5,0,,,INSIDE ZONE,,MSST 06,0,0,1,0,0,MSST 06,MSST 02,06,03; 04; 11,08,WIDE UNDER,2x2,1,R,,0,
315,"2505 Mississippi State O vs Tennessee, PFF Play 061",61,2,0,10,'-16,P,,,6,1,8,R,C,11,DOUBLES,,,,,,,OPEN,,,GN,,STR,ZN,,ODD,4 DOWN,,,COVER 4,,MSST 24,MSST 02,24,08,00; 03; 04,0,11,R,1,C,5,8,0,,,INSIDE ZONE,,,0,0,0,0,0,MSST 24,MSST 02,24,00; 03; 04,08,ODD,2x2,1,R,,0,COVER 4
316,"2505 Mississippi State O vs Tennessee, PFF Play 062",62,2,2,2,'-24,2,,,6,2,3,R,R,11,DOUBLES,,,,,,,OPEN,,,GF,,,ZN,,BENCH,4 DOWN,,,COVER 6,,MSST 24,MSST 02,24,08,00; 03; 04,1,11,R,2,R,8,3,0,,,INSIDE ZONE,,,0,0,1,0,0,MSST 24,MSST 02,24,00; 03; 04,08,WIDE UNDER,2x2,1,R,,0,COVER 6
317,"2505 Mississippi State O vs Tennessee, PFF Play 063",63,2,1,10,'-27,1,,,6,3,20,R,R,11,DOUBLES,,,,,,,OPEN,,,GF,,STR,ZN,,UNDER,4 DOWN,,,COVER 3,,MSST 24,MSST 02,24,08,00; 03; 04,1,11,R,3,R,3,20,0,,,MAN,,,0,0,1,0,0,MSST 24,MSST 02,24,00; 03; 04,08,UNDER,2x2,1,R,,0,COVER 3
318,"2505 Mississippi State O vs Tennessee, PFF Play 064",64,2,1,10,'-47,1,,,6,4,17,P,R,11,DUO Y OFF,,,,,,,OFF,,COMPLETE,GF,,,PA,,ODD,4 DOWN,,,COVER 3,,MSST 04,MSST 02,06,10,00; 03; 04,0,11,P,4,R,20,17,0,0,,INSIDE ZONE,,,0,0,0,0,0,MSST 04,MSST 02,06,00; 03; 04,10,ODD,2x2,0,R,MSST 04,0,COVER 3
319,"2505 Mississippi State O vs Tennessee, PFF Play 065",65,2,1,10,'+36,1,,,6,5,0,P,R,11,DUO Y OFF,,,,,,,OFF,,THROWN AWAY,GF,,,PA,,WIDE OVER,4 DOWN,,,COVER 6,,,MSST 02,06,10,00; 03; 04,1,11,P,5,R,17,,0,0,,MAN,,,0,0,1,0,0,,MSST 02,06,00; 03; 04,10,WIDE OVER,2x2,0,P,,0,COVER 6
320,"2505 Mississippi State O vs Tennessee, PFF Play 066",66,2,2,10,'+36,2,,,6,6,3,P,R,11,TRIPS - OPEN,,,,,,,,,COMPLETE,GN,,,PA,,UNDER,4 DOWN,,,COVER 3,,MSST 10,MSST 02,06,10,00; 03; 11,0,11,P,6,R,17,3,0,0,,MAN,,,0,0,0,0,0,MSST 10,MSST 02,06,00; 03; 11,10,UNDER,1x3,1,P,MSST 10,1,COVER 3
321,"2505 Mississippi State O vs Tennessee, PFF Play 067",67,2,3,7,'+33,3,,,6,7,0,R,L,11,TREY Y OFF FIB,,,,,,,OFF,,,PSTL,,,ZN,,ODD,4 DOWN,,,COVER 1,,MSST 06,MSST 02,06,10,00; 03; 11,1,11,R,7,L,3,0,0,,,MAN,,,0,0,1,0,0,MSST 06,MSST 02,06,00; 03; 11,10,ODD,1x3,1,P,,0,COVER 1
322,"2505 Mississippi State O vs Tennessee, PFF Play 076",76,2,0,10,'-25,P,,,7,1,9,R,R,11,DOUBLES,,,,,,,OPEN,,,GF,,,ZN,,WIDE OVER,4 DOWN,,,COVER 6,,MSST 24,MSST 02,24,08,00; 03; 04,0,11,R,1,R,0,9,0,,,OUTSIDE ZONE,,,0,0,0,0,0,MSST 24,MSST 02,24,00; 03; 04,08,WIDE OVER,2x2,1,R,,0,COVER 6
323,"2505 Mississippi State O vs Tennessee, PFF Play 077",77,2,2,1,'-34,2,,,7,2,3,R,R,11,SLOT - OPEN,,,,,,,OFF,,,GF,,,ZN,,BENCH,4 DOWN,,,COVER 2,,MSST 24,MSST 02,24,08,00; 03; 04,1,11,R,2,R,9,3,0,,,MAN,,,0,0,1,0,0,MSST 24,MSST 02,24,00; 03; 04,08,WIDE UNDER,1x2,1,R,,0,COVER 2
324,"2505 Mississippi State O vs Tennessee, PFF Play 078",78,2,1,10,'-37,1,,,7,3,9,P,C,11,DUO Y OFF,,,,,,,OFF,,COMPLETE,GN,,,PA,,BENCH,4 DOWN,,,COVER 2,,MSST 08,MSST 02,24,08,00; 03; 04,1,11,P,3,C,3,9,0,0,,UNDEFINED,,,0,0,1,0,0,MSST 08,MSST 02,24,00; 03; 04,08,WIDE UNDER,2x2,0,R,MSST 08,0,COVER 2
325,"2505 Mississippi State O vs Tennessee, PFF Play 079",79,2,2,1,'-46,2,,,7,4,11,R,C,11,SLOT - OPEN,,,,,,,OFF,,,GF,,,ZN,,OVER,4 DOWN,,,COVER 3,,MSST 24,MSST 02,24,08,00; 03; 04,1,11,R,4,C,9,11,0,,,MAN,,,0,0,1,0,0,MSST 24,MSST 02,24,00; 03; 04,08,OVER,2x1,1,P,,1,COVER 3
326,"2505 Mississippi State O vs Tennessee, PFF Play 080",80,2,1,10,'+43,1,,,7,5,-7,P,R,11,DUO Y OFF,,,,,,,OFF,,SACK,GF,,,PA,,ODD,4 DOWN,,,COVER 6,,MSST 02,MSST 02,06,08,00; 03; 04,0,11,P,5,R,11,-7,0,0,,MAN,,,0,0,0,0,0,MSST 02,MSST 02,06,00; 03; 04,08,ODD,2x2,0,R,,0,COVER 6
327,"2505 Mississippi State O vs Tennessee, PFF Play 081",81,2,2,17,'+50,2,,,7,6,9,R,R,11,DOUBLES,,,,,,,OPEN,,,GF,,,ZN,,BENCH,4 DOWN,,,COVER 4,,MSST 06,MSST 02,06,08,00; 03; 04,0,11,R,6,R,-7,9,0,,,OUTSIDE ZONE,,,0,0,0,0,0,MSST 06,MSST 02,06,00; 03; 04,08,WIDE UNDER,2x2,1,P,,0,COVER 4
328,"2505 Mississippi State O vs Tennessee, PFF Play 082",82,2,3,8,'+41,3,,,7,7,-7,P,R,11,TREY Y OFF,,,,,,,OFF,,SACK,GF,,,DB,,WIDE OVER,4 DOWN,,,COVER 1,,MSST 02,MSST 02,06,08,00; 03; 04,1,11,P,7,R,9,-7,0,0,,,,,0,0,1,0,0,MSST 02,MSST 02,06,00; 03; 04,08,WIDE OVER,1x3,0,R,,1,COVER 1
329,"2505 Mississippi State O vs Tennessee, PFF Play 095",95,2,0,10,'-28,P,,,8,1,0,P,C,11,DUO Y OFF,,,,,,,OFF,,INCOMPLETE,GF,,,DB,,WIDE OVER,4 DOWN,,,COVER 4,,MSST 24,MSST 02,24,08,03; 04; 11,0,11,P,1,C,-7,,0,0,,,,,0,0,0,2,0,,MSST 02,24,03; 04; 11,08,WIDE OVER,2x2,0,P,MSST 24,0,COVER 4
330,"2505 Mississippi State O vs Tennessee, PFF Play 096",96,2,2,10,'-28,2,,,8,2,0,P,C,11,DOUBLES,,BUZZ,,,,,OPEN,,INCOMPLETE,GF,,,DB,,EVEN,4 DOWN,,,COVER 2,,MSST 11,MSST 02,24,08,03; 04; 11,1,11,P,2,C,-7,,0,0,,,,,0,0,1,2,0,,MSST 02,24,03; 04; 11,08,EVEN,2x2,0,P,MSST 11,1,COVER 2
331,"2505 Mississippi State O vs Tennessee, PFF Play 097",97,2,3,10,'-28,3,,,8,3,9,R,C,11,DOUBLES,,BUZZ,,,,,OPEN,,,GF,Y INSERT,STR,ZN,,ONE INTERIOR,,,,COVER 4,,MSST 24,MSST 02,24,08,03; 04; 11,0,11,R,3,C,-7,9,0,,,INSIDE ZONE,,,0,0,0,2,0,MSST 24,MSST 02,24,03; 04; 11,08,ONE INTERIOR,2x2,1,P,,0,COVER 4
332,"2505 Mississippi State O vs Tennessee, PFF Play 112",112,3,0,10,'-25,P,,,9,1,5,P,R,11,TRIPS - OPEN,,,,,,,,,COMPLETE,GN,,,DB,,ODD,4 DOWN,,,COVER 2,,MSST 03,MSST 02,24,08,03; 04; 11,0,11,P,1,R,9,5,1,0,,,,,0,0,0,0,0,MSST 03,MSST 02,24,03; 04; 11,08,ODD,1x3,0,R,MSST 03,1,COVER 2
333,"2505 Mississippi State O vs Tennessee, PFF Play 113",113,3,2,5,'-30,2,,,9,2,-5,P,L,11,TREY Y OFF,,,,,,,OFF,,SACK,GF,,,PA,,OVER,4 DOWN,,,COVER 3,,MSST 02,MSST 02,24,08,03; 04; 11,1,11,P,2,L,5,-5,0,0,,OUTSIDE ZONE,,,0,0,1,0,0,MSST 02,MSST 02,24,03; 04; 11,08,OVER,1x3,1,P,,1,COVER 3
334,"2505 Mississippi State O vs Tennessee, PFF Play 114",114,3,3,10,'-25,3,,,9,3,16,P,C,11,DOUBLES,,,,,,,OPEN,,COMPLETE,GF,,,DB,,BENCH,4 DOWN,,,COVER 6,,MSST 08,MSST 02,24,08,03; 04; 11,0,11,P,3,C,-5,16,0,0,,,,,0,0,0,0,0,MSST 08,MSST 02,24,03; 04; 11,08,WIDE UNDER,2x2,0,P,MSST 08,0,COVER 6
335,"2505 Mississippi State O vs Tennessee, PFF Play 115",115,3,1,10,'-41,1,,,9,4,3,R,L,11,SLOT - OPEN,,BUZZ,,,,,OFF,,,GF,,,GAP,,BENCH,4 DOWN,,,COVER 2,,MSST 24,MSST 02,24,08,03; 04; 11,1,11,R,4,L,16,3,0,,,COUNTER,,,0,0,1,0,0,MSST 24,MSST 02,24,03; 04; 11,08,WIDE UNDER,2x1,1,P,,0,COVER 2
336,"2505 Mississippi State O vs Tennessee, PFF Play 116",116,3,2,7,'-44,2,,,9,5,6,R,C,11,DOUBLES,,,,,,,OPEN,,,GN,,,ZN,,ODD,4 DOWN,,,COVER 2,,MSST 24,MSST 02,24,08,03; 04; 11,1,11,R,5,C,3,6,0,,,INSIDE ZONE,,,0,0,1,0,0,MSST 24,MSST 02,24,03; 04; 11,08,ODD,2x2,1,R,,0,COVER 2
337,"2505 Mississippi State O vs Tennessee, PFF Play 117",117,3,3,1,'+50,3,SY,,9,6,6,R,C,11,TREY Y OFF,,,,,,,OFF,,,GF,,,ZN,,WIDE OVER,4 DOWN,,,COVER 1,,MSST 24,MSST 02,24,08,03; 04; 11,0,11,R,6,C,6,6,0,,,INSIDE ZONE,,,0,0,0,0,0,MSST 24,MSST 02,24,03; 04; 11,08,WIDE OVER,3x1,0,R,,1,COVER 1
338,"2505 Mississippi State O vs Tennessee, PFF Play 118",118,3,1,10,'+44,1,,,9,7,5,R,C,11,DOUBLES,,,,,,,OPEN,,,GF,,,ZN,,WIDE OVER,4 DOWN,,,COVER 2,,MSST 24,MSST 02,24,08,03; 04; 11,1,11,R,7,C,6,5,0,,,OUTSIDE ZONE,,,0,0,1,0,0,MSST 24,MSST 02,24,03; 04; 11,08,WIDE OVER,2x2,1,R,,0,COVER 2
339,"2505 Mississippi State O vs Tennessee, PFF Play 119",119,3,2,5,'+39,2,,,9,8,15,P,L,11,DOUBLES,,,,,,,OPEN,,INCOMPLETE,GF,,,PA,,ODD,4 DOWN,,,COVER 4,,MSST 11,MSST 02,24,08,03; 04; 11,1,11,P,8,L,5,,0,0,,UNDEFINED,TNUN D08 DPI,,0,0,1,0,0,,MSST 02,24,03; 04; 11,08,ODD,2x2,0,R,MSST 11,1,COVER 4
340,"2505 Mississippi State O vs Tennessee, PFF Play 120",120,3,1,10,'+24,1,,RA,9,9,-1,R,L,11,DUO Y OFF,,,,,,,OFF,,,PSTL,,,ZN,,WIDE OVER,4 DOWN,,,COVER 4,,MSST 06,MSST 02,06,10,03; 04; 18,0,11,R,9,L,5,-1,0,,,MAN,ISH,,0,0,0,0,0,MSST 06,MSST 02,06,03; 04; 18,10,WIDE OVER,2x2,0,P,,0,COVER 4
341,"2505 Mississippi State O vs Tennessee, PFF Play 121",121,3,1,15,'+29,1,,,9,10,-5,P,L,11,TRIPS - OPEN,,,,,,,,,COMPLETE,GN,,,SCR,,EVEN,4 DOWN,,,COVER 4,,MSST 03,MSST 02,06,10,03; 04; 18,0,11,P,10,L,-1,-5,1,0,,OUTSIDE ZONE,,,0,0,0,0,0,MSST 03,MSST 02,06,03; 04; 18,10,EVEN,3x1,1,R,MSST 03,0,COVER 4
342,"2505 Mississippi State O vs Tennessee, PFF Play 122",122,3,2,20,'+34,2,,,9,11,-3,R,R,11,TREY Y OFF,,,,,,,OFF,,,GF,,,ZN,,ODD,4 DOWN,,,COVER 6,,MSST 06,MSST 02,06,10,03; 04; 11,0,11,R,11,R,-5,-3,0,,,OUTSIDE ZONE,,,0,0,0,0,0,MSST 06,MSST 02,06,03; 04; 11,10,ODD,3x1,1,P,,0,COVER 6
343,"2505 Mississippi State O vs Tennessee, PFF Play 123",123,3,3,23,'+37,3,,,9,12,13,P,L,11,DUO Y OFF,,,,,,,OFF,,COMPLETE,GF,,,DB,,WIDE OVER,4 DOWN,,,COVER 2,,MSST 08,MSST 02,24,08,03; 04; 11,0,11,P,12,L,-3,13,0,0,,,,,0,0,0,0,0,MSST 08,MSST 02,24,03; 04; 11,08,WIDE OVER,2x2,0,R,MSST 08,0,COVER 2
344,"2505 Mississippi State O vs Tennessee, PFF Play 128",128,3,0,10,'+26,P,,,10,1,15,R,L,11,TREY Y OFF,,,,,,,OFF,,,GN,,STR,GAP,,OVER,4 DOWN,,,COVER 3,,MSST 24,MSST 02,24,08,03; 04; 11,0,11,R,1,L,13,15,0,,,COUNTER,,,0,0,0,0,0,MSST 24,MSST 02,24,03; 04; 11,08,OVER,3x1,1,P,,0,COVER 3
345,"2505 Mississippi State O vs Tennessee, PFF Play 129",129,3,1,10,'+11,1,,RA,10,2,6,P,L,11,DUO Y OFF,,,,,,,OFF,,COMPLETE,GN,,,PA,,ODD,4 DOWN,,,RED ZONE,,MSST 03,MSST 02,24,08,03; 04; 11,1,11,P,2,L,15,6,0,0,,OUTSIDE ZONE,,,0,0,1,0,0,MSST 03,MSST 02,24,03; 04; 11,08,ODD,2x2,1,R,MSST 03,1,RED ZONE
346,"2505 Mississippi State O vs Tennessee, PFF Play 130",130,3,2,4,'+5,2,GL,RA,10,3,4,R,R,11,DUO Y OFF,,,,,,,OFF,,,GF,,,ZN,,ODD,4 DOWN,,,RED ZONE,,MSST 24,MSST 02,24,08,03; 04; 11,1,11,R,3,R,6,4,0,,,MAN,,,0,0,1,0,0,MSST 24,MSST 02,24,03; 04; 11,08,ODD,2x2,0,P,,0,RED ZONE
347,"2505 Mississippi State O vs Tennessee, PFF Play 131",131,3,1,1,'+1,1,GL,RA,10,4,1,R,R,12,TRIPS - OPEN,,,,,,,,,,GF,,,ZN,,DBL PLUG,4 DOWN,,,COVER 0,,MSST 24,MSST 02,24,08; 10,03; 09,0,12,R,4,R,4,1,0,,,MAN,,MSST 24,0,0,0,0,0,MSST 24,MSST 02,24,03; 09,08; 10,DOUBLE PLUG,1x3,0,R,,1,COVER 0
348,"2505 Mississippi State O vs Tennessee, PFF Play 141",141,3,0,10,'-17,P,,,11,1,7,R,R,12,ACE YU OFF,,,,,,,OFF,,,PSTL,,,,,BENCH,4 DOWN,,,COVER 3,,MSST 06,MSST 02,06,08; 10,03; 04,0,12,R,1,R,1,7,0,,,TRAP,,,0,0,0,0,0,MSST 06,MSST 02,06,03; 04,08; 10,WIDE UNDER,2x2,0,R,,0,COVER 3
349,"2505 Mississippi State O vs Tennessee, PFF Play 142",142,3,2,3,'-24,2,,,11,2,6,R,R,12,ACE YU OFF,,,,,,,OFF,,,PSTL,OUTSIDE ZN LD,,ZN,,BENCH,4 DOWN,,,COVER 3,,MSST 06,MSST 02,06,08; 10,03; 04,1,12,R,2,R,7,6,0,,,OUTSIDE ZONE,,,0,0,1,0,0,MSST 06,MSST 02,06,03; 04,08; 10,WIDE UNDER,2x2,0,R,,1,COVER 3
350,"2505 Mississippi State O vs Tennessee, PFF Play 143",143,3,1,10,'-30,1,,,11,3,3,R,L,12,ACE YU OFF,,,,,,,OFF,,,PSTL,,,ZN,,BENCH,4 DOWN,,,COVER 3,,MSST 06,MSST 02,06,08; 10,04; 09,0,12,R,3,L,6,3,0,,,OUTSIDE ZONE,,,0,0,0,0,0,MSST 06,MSST 02,06,04; 09,08; 10,WIDE UNDER,2x2,0,R,,0,COVER 3
351,"2505 Mississippi State O vs Tennessee, PFF Play 144",144,4,2,7,'-33,2,,,11,4,0,R,C,11,SLOT - OPEN,,,,,,,OFF,,,GS,,,GAP,,ODD,4 DOWN,,,COVER 3,,MSST 06,MSST 02,06,08,03; 04; 11,0,11,R,4,C,3,0,0,,,COUNTER,,,0,0,0,0,0,MSST 06,MSST 02,06,03; 04; 11,08,ODD,1x2,1,R,,1,COVER 3
352,"2505 Mississippi State O vs Tennessee, PFF Play 145",145,4,3,7,'-33,3,,,11,5,0,P,C,11,TRIPS - OPEN,,,,,,,,,BATTED PASS,GF,,,DB,,ODD,4 DOWN,,,COVER 1,,,MSST 02,06,08,03; 04; 11,0,11,P,5,C,0,,0,0,,,,,0,0,0,0,0,,MSST 02,06,03; 04; 11,08,ODD,3x1,0,R,,1,COVER 1
353,"2505 Mississippi State O vs Tennessee, PFF Play 146",146,4,4,7,'-33,4,,,11,6,15,R,C,Unknown,OTHER,,,,,,,,,,,,,,,NO INTERIOR FAMILY,,,,,,MSST 87,,22,87,,0,Unknown,R,6,C,0,15,0,,,TRICK,,,1,1,0,0,0,MSST 87,,22,,87,NO INTERIOR FAMILY,,0,P,,0,
354,"2505 Mississippi State O vs Tennessee, PFF Play 147",147,4,1,10,'-48,1,,,11,7,-7,P,L,11,TRIPS - OPEN,,,,,,,,,SACK,GN,,,PA,MAN,UNDER,4 DOWN,,,COVER 1,,MSST 02,MSST 02,24,08,03; 04; 11,0,11,P,7,L,15,-7,0,0,,MAN,,TNUN D19,0,0,0,0,0,MSST 02,MSST 02,24,03; 04; 11,08,UNDER,3x1,1,R,,0,COVER 1
355,"2505 Mississippi State O vs Tennessee, PFF Play 150",150,4,0,10,'-25,P,,,12,1,1,R,R,11,DUO Y OFF,,,,,,,OFF,,,GN,,ZN,ZN,,UNDER,4 DOWN,,,COVER 3,,MSST 24,MSST 02,24,87,03; 04; 11,0,11,R,1,R,-7,1,0,,,INSIDE ZONE,,,0,0,0,0,0,MSST 24,MSST 02,24,03; 04; 11,87,UNDER,2x2,1,P,,0,COVER 3
356,"2505 Mississippi State O vs Tennessee, PFF Play 151",151,4,2,9,'-26,2,,,12,2,49,P,C,11,TRIPS - PRO,,,,,,,,,COMPLETE,GEMP,,,DB,,WIDE OVER,4 DOWN,,,COVER 2,,MSST 11,MSST 02,24,87,03; 04; 11,1,11,P,2,C,1,49,0,0,,,,,0,0,1,0,0,MSST 11,MSST 02,24,03; 04; 11,87,WIDE OVER,2x3,0,R,MSST 11,0,COVER 2
357,"2505 Mississippi State O vs Tennessee, PFF Play 152",152,4,1,10,'+25,1,,RA,12,3,0,R,L,11,DUO Y OFF,,BUZZ,,,,,OFF,,,GN,CTR OY,,GAP,,WIDE OVER,4 DOWN,,,COVER 2,,MSST 24,MSST 02,24,87,03; 04; 11,0,11,R,3,L,49,0,0,,,COUNTER,,,0,0,0,0,0,MSST 24,MSST 02,24,03; 04; 11,87,WIDE OVER,2x2,1,P,,0,COVER 2
358,"2505 Mississippi State O vs Tennessee, PFF Play 153",153,4,2,10,'+25,2,,RA,12,4,2,R,L,12,DOUBLES,,,,,,,OPEN,,,GEMP,,STR,ZN,,ONE INTERIOR,,,,COVER 3,,MSST 01,MSST 01,22,08; 87,03; 04,0,12,R,4,L,0,2,0,,,INSIDE ZONE,,,0,0,0,0,0,MSST 01,MSST 01,22,03; 04,08; 87,ONE INTERIOR,2x2,1,R,,1,COVER 3
359,"2505 Mississippi State O vs Tennessee, PFF Play 154",154,4,3,8,'+23,3,,RA,12,5,2,R,L,11,DOUBLES,,,,,,,OPEN,,,GN,QB DRAW,,DRAW,,BENCH,4 DOWN,,,COVER 4,,MSST 02,MSST 02,24,08,03; 04; 11,0,11,R,5,L,2,2,0,,,DRAW,,,0,0,0,0,0,MSST 02,MSST 02,24,03; 04; 11,08,WIDE UNDER,2x2,1,R,,0,COVER 4
360,"2505 Mississippi State O vs Tennessee, PFF Play 160",160,4,0,10,'+17,P,,RA,13,1,2,R,L,11,DOUBLES,,,,,,,OPEN,,,GF,,,ZN,,WIDE OVER,4 DOWN,,,COVER 4,,MSST 06,MSST 02,06,08,03; 04; 11,0,11,R,1,L,2,2,0,,,OUTSIDE ZONE,,,0,0,0,0,0,MSST 06,MSST 02,06,03; 04; 11,08,WIDE OVER,2x2,1,R,,0,COVER 4
361,"2505 Mississippi State O vs Tennessee, PFF Play 161",161,4,2,8,'+15,2,,RA,13,2,7,R,L,11,DOUBLES,,,,,,,OPEN,,,GF,,,ZN,,WIDE OVER,4 DOWN,,,COVER 4,,MSST 06,MSST 02,06,08,03; 04; 11,1,11,R,2,L,2,7,0,,,OUTSIDE ZONE,,,0,0,1,0,0,MSST 06,MSST 02,06,03; 04; 11,08,WIDE OVER,2x2,1,R,,0,COVER 4
362,"2505 Mississippi State O vs Tennessee, PFF Play 162",162,4,3,1,'+8,3,SY,RA,13,3,3,R,L,11,ACE YU OFF,,,,,,,OFF,,,GF,,,ZN,,WIDE OVER,4 DOWN,,,RED ZONE,,MSST 06,MSST 02,06,08,03; 04; 11,1,11,R,3,L,7,3,0,,,MAN,,,0,0,1,0,0,MSST 06,MSST 02,06,03; 04; 11,08,WIDE OVER,2x2,1,R,,0,RED ZONE
363,"2505 Mississippi State O vs Tennessee, PFF Play 163",163,4,1,5,'+5,1,GL,RA,13,4,3,R,L,12,ACE YU OFF,,,,,,,OFF,,,GF,,,ZN,,BENCH,4 DOWN,,,RED ZONE,,MSST 24,MSST 02,24,08; 10,03; 04,0,12,R,4,L,3,3,0,,,MAN,,,0,0,0,0,0,MSST 24,MSST 02,24,03; 04,08; 10,WIDE UNDER,2x2,1,R,,0,RED ZONE
364,"2505 Mississippi State O vs Tennessee, PFF Play 164",164,4,2,2,'+2,2,GL,RA,13,5,2,P,L,12,ACE YU OFF,,,,,,,OFF,,COMPLETE,GF,,,PA,,DBL PLUG,4 DOWN,,,COVER 0,,MSST 08,MSST 02,24,08; 10,03; 04,1,12,P,5,L,3,2,1,0,,MAN,,MSST 08,0,0,1,0,0,MSST 08,MSST 02,24,03; 04,08; 10,DOUBLE PLUG,2x2,1,R,MSST 08,1,COVER 0
365,"2505 Mississippi State O vs Tennessee, PFF Play 183",183,4,0,10,'-25,P,,,14,1,2,P,L,11,TRIPS - PRO,,,,,,,,,COMPLETE,GEMP,,,DB,,WIDE OVER,4 DOWN,,,COVER 4,,MSST 24,MSST 02,24,08,03; 04; 11,0,11,P,1,L,2,2,0,0,,,,,0,0,0,2,0,MSST 24,MSST 02,24,03; 04; 11,08,WIDE OVER,3x2,0,P,MSST 24,0,COVER 4
366,"2505 Mississippi State O vs Tennessee, PFF Play 184",184,4,2,8,'-27,2,,,14,2,0,P,R,11,DOUBLES,,,,,,,OPEN,,INCOMPLETE,GN,,,DB,,BENCH,4 DOWN,,,COVER 4,,MSST 04,MSST 02,24,08,03; 04; 11,1,11,P,2,R,2,,0,0,,,,,0,0,1,2,0,,MSST 02,24,03; 04; 11,08,WIDE UNDER,2x2,0,P,MSST 04,0,COVER 4
367,"2505 Mississippi State O vs Tennessee, PFF Play 185",185,4,3,8,'-27,3,,,14,3,0,P,R,11,TRIPS - OPEN,,,,,,,,,INCOMPLETE,GF,,,DB,,EVEN,4 DOWN,,,COVER 4,,MSST 24,MSST 02,24,08,03; 04; 11,0,11,P,3,R,2,,0,0,,,,,0,0,0,2,0,,MSST 02,24,03; 04; 11,08,EVEN,1x3,0,P,MSST 24,0,COVER 4
368,"2505 Mississippi State O vs Tennessee, PFF Play 196",196,5,0,10,'+25,P,,RA,15,1,-1,R,L,11,DUO Y OFF,,,,,,,OFF,,,GN,,,ZN,,BENCH,4 DOWN,,,COVER 4,,MSST 24,MSST 02,24,08,03; 04; 11,0,11,R,1,L,2,-1,0,,,MAN,,,0,0,0,0,0,MSST 24,MSST 02,24,03; 04; 11,08,WIDE UNDER,2x2,1,P,,0,COVER 4
369,"2505 Mississippi State O vs Tennessee, PFF Play 197",197,5,2,11,'+26,2,,,15,2,21,P,L,11,DOUBLES,,,,,,,OPEN,,COMPLETE,GF,,,PA,MAN,BENCH,4 DOWN,,,COVER 4,,MSST 03,MSST 02,24,08,03; 04; 11,1,11,P,2,L,-1,21,0,0,,UNDEFINED,,,0,0,1,0,0,MSST 03,MSST 02,24,03; 04; 11,08,WIDE UNDER,2x2,0,R,MSST 03,0,COVER 4
370,"2505 Mississippi State O vs Tennessee, PFF Play 198",198,5,1,5,'+5,1,GL,RA,15,3,1,P,R,11,DUO Y OFF,,,,,,,OFF,,RUN,GF,,,SCR,MAN,WIDE OVER,4 DOWN,,,RED ZONE,,MSST 02,MSST 02,24,08,03; 04; 11,1,11,P,3,R,21,1,0,0,,MAN,,,0,0,1,0,0,MSST 02,MSST 02,24,03; 04; 11,08,WIDE OVER,2x2,1,P,,0,RED ZONE
371,"2505 Mississippi State O vs Tennessee, PFF Play 199",199,5,2,4,'+4,2,GL,RA,15,4,0,R,R,12,PRO - OPEN,,,,,,,OFF,,,GF,,,GAP,,WIDE OVER,4 DOWN,,,COVER 1,,MSST 24,MSST 02,24,08; 10,03; 04,0,12,R,4,R,1,0,0,,,COUNTER,,,0,0,0,0,0,MSST 24,MSST 02,24,03; 04,08; 10,WIDE OVER,2x1,0,P,,0,COVER 1
372,"2505 Mississippi State O vs Tennessee, PFF Play 200",200,5,3,4,'+4,3,GL,RA,15,5,0,P,R,11,PRO - OPEN,,,,,,,OFF,,RUN,GS,,,SCR,MAN,WIDE OVER,4 DOWN,,,RED ZONE,,MSST 02,MSST 02,24,08,03; 04; 11,0,11,P,5,R,0,0,0,0,,OUTSIDE ZONE,,,0,0,0,0,0,MSST 02,MSST 02,24,03; 04; 11,08,WIDE OVER,1x2,0,R,,0,RED ZONE
373,"2505 Mississippi State O vs Tennessee, PFF Play 201",201,5,4,4,'+4,4,GL,RA,15,6,0,P,L,11,DUO Y OFF,,,,,,,OFF,,INCOMPLETE,GF,,,DB,,BENCH,4 DOWN,,,RED ZONE,,MSST 03,MSST 02,24,08,03; 04; 11,0,11,P,6,L,0,,0,0,,,,,0,0,0,0,0,,MSST 02,24,03; 04; 11,08,WIDE UNDER,2x2,0,P,MSST 03,0,RED ZONE
374,"2506 Mississippi State O vs Texas A&M, PFF Play 002",2,1,0,10,'-25,P,,,1,1,13,R,R,12,PRO - OPEN,,,,,,,OFF,,,GN,,,ZN,,WIDE OVER,4 DOWN,,,COVER 3,,MSST 24,MSST 02,24,08; 10,00; 03,0,12,R,1,R,,13,0,,,OUTSIDE ZONE,,,0,0,0,0,0,MSST 24,MSST 02,24,00; 03,08; 10,WIDE OVER,1x2,0,,,0,COVER 3
375,"2506 Mississippi State O vs Texas A&M, PFF Play 003",3,1,1,10,'-38,1,,,1,2,-6,P,R,12,TRIPS - OPEN,,,,,,,,,SACK,GN,,,PA,,BENCH,4 DOWN,,,COVER 3,,MSST 02,MSST 02,24,08; 10,00; 03,1,12,P,2,R,13,-6,0,0,,UNDEFINED,,,0,0,1,0,0,MSST 02,MSST 02,24,00; 03,08; 10,WIDE UNDER,1x3,0,R,,1,COVER 3
376,"2506 Mississippi State O vs Texas A&M, PFF Play 004",4,1,2,16,'-32,2,,,1,3,3,R,R,12,DUO Y OFF,,,,,,,OFF,,,GN,,,ZN,,BENCH,4 DOWN,,,COVER 3 SEAM,,MSST 24,MSST 02,24,08; 10,00; 03,1,12,R,3,R,-6,3,0,,,INSIDE ZONE,,,0,0,1,0,0,MSST 24,MSST 02,24,00; 03,08; 10,WIDE UNDER,2x2,1,P,,0,COVER 3 SEAM
377,"2506 Mississippi State O vs Texas A&M, PFF Play 005",5,1,3,13,'-35,3,,,1,4,-7,P,R,11,TRIPS - OPEN,,,,,,,,,SACK,GF,,,DB,,ONE INTERIOR,3 DOWN,,,COVER 3 SEAM,,MSST 02,MSST 02,24,08,00; 03; 11,1,11,P,4,R,3,-7,0,0,,,,,0,0,1,0,0,MSST 02,MSST 02,24,00; 03; 11,08,ONE INTERIOR,1x3,0,R,,0,COVER 3 SEAM
378,"2506 Mississippi State O vs Texas A&M, PFF Play 017",17,1,0,10,'-11,P,,,2,1,3,P,R,11,DUO Y OFF,,Z IN,,,,,OFF,,COMPLETE,GF,,,PA,,WIDE OVER,4 DOWN,,,COVER 6,,MSST 11,MSST 02,06,08,00; 03; 11,0,11,P,1,R,-7,3,1,0,,OUTSIDE ZONE,,,0,0,0,0,0,MSST 11,MSST 02,06,00; 03; 11,08,WIDE OVER,2x2,1,P,MSST 11,0,COVER 6
379,"2506 Mississippi State O vs Texas A&M, PFF Play 018",18,1,2,7,'-14,2,,,2,2,10,P,L,11,ACE YU OFF,,,,,,,OFF,,COMPLETE,GN,,,DB,,EVEN,4 DOWN,,,COVER 1,,MSST 00,MSST 02,06,08,00; 03; 11,1,11,P,2,L,3,10,0,0,,,,,0,0,1,0,0,MSST 00,MSST 02,06,00; 03; 11,08,EVEN,2x2,0,P,MSST 00,0,COVER 1
380,"2506 Mississippi State O vs Texas A&M, PFF Play 019",19,1,1,10,'-24,1,,,2,3,2,R,L,11,TREY Y OFF,,,,,,,OFF,,,GN,,,GAP,,WIDE OVER,4 DOWN,,,COVER 1,,MSST 06,MSST 02,06,08,00; 03; 11,1,11,R,3,L,10,2,0,,,COUNTER,,,0,0,1,0,0,MSST 06,MSST 02,06,00; 03; 11,08,WIDE OVER,3x1,1,P,,0,COVER 1
381,"2506 Mississippi State O vs Texas A&M, PFF Play 020",20,1,2,8,'-26,2,,,2,4,7,P,L,11,TRIPS - OPEN,,,,,,,,,COMPLETE,GN,,,PA,,ODD,4 DOWN,,,COVER 4,,MSST 03,MSST 02,06,08,00; 03; 11,1,11,P,4,L,2,7,0,0,,MAN,,,0,0,1,0,0,MSST 03,MSST 02,06,00; 03; 11,08,ODD,3x1,0,R,MSST 03,0,COVER 4
382,"2506 Mississippi State O vs Texas A&M, PFF Play 021",21,1,3,1,'-33,3,SY,,2,5,22,R,R,11,PRO - OPEN,,,,,,,OFF,,,GF,,,ZN,,EVEN,4 DOWN,,,COVER 3,,MSST 06,MSST 02,06,08,00; 03; 11,1,11,R,5,R,7,22,0,,,INSIDE ZONE,,,0,0,1,0,0,MSST 06,MSST 02,06,00; 03; 11,08,EVEN,1x2,1,P,,0,COVER 3
383,"2506 Mississippi State O vs Texas A&M, PFF Play 022",22,1,1,10,'+45,1,,,2,6,7,P,C,11,DOUBLES,,,,,,,OPEN,,COMPLETE,GF,,,DB,,WIDE OVER,4 DOWN,,,COVER 3 SEAM,,MSST 03,MSST 02,06,08,00; 03; 11,1,11,P,6,C,22,7,0,0,,,,,0,0,1,0,0,MSST 03,MSST 02,06,00; 03; 11,08,WIDE OVER,2x2,0,R,MSST 03,0,COVER 3 SEAM
384,"2506 Mississippi State O vs Texas A&M, PFF Play 023",23,1,2,3,'+38,2,,,2,7,8,R,L,11,SLOT - OPEN,,,,,,,OFF,,,GF,,,GAP,,WIDE OVER,4 DOWN,,,COVER 3,,MSST 24,MSST 02,24,87,09; 11; 18,0,11,R,7,L,7,8,0,,,POWER,,,1,1,0,0,0,MSST 24,MSST 02,24,09; 11; 18,87,WIDE OVER,1x2,0,P,,1,COVER 3
385,"2506 Mississippi State O vs Texas A&M, PFF Play 024",24,1,1,10,'+30,1,,,2,8,6,R,L,11,DOUBLES,,,,,,,OPEN,,,GN,,,ZN,,BENCH,4 DOWN,,,COVER 3 SEAM,,MSST 24,MSST 02,24,87,09; 11; 18,1,11,R,8,L,8,6,0,,,MAN,,,0,0,1,0,0,MSST 24,MSST 02,24,09; 11; 18,87,WIDE UNDER,2x2,1,R,,0,COVER 3 SEAM
386,"2506 Mississippi State O vs Texas A&M, PFF Play 025",25,1,2,4,'+24,2,,RA,2,9,7,R,L,11,DOUBLES,,,,,,,OPEN,,,GN,,,ZN,,WIDE OVER,4 DOWN,,,COVER 4,,MSST 24,MSST 02,24,87,09; 11; 18,1,11,R,9,L,6,7,0,,,MAN,,,0,0,1,0,0,MSST 24,MSST 02,24,09; 11; 18,87,WIDE OVER,2x2,1,R,,0,COVER 4
387,"2506 Mississippi State O vs Texas A&M, PFF Play 026",26,1,1,10,'+17,1,,RA,2,10,9,P,R,11,DOUBLES,,,,,,,OPEN,,COMPLETE,GN,,,DB,,BENCH,4 DOWN,,,COVER 1,,MSST 06,MSST 02,06,08,00; 03; 04,0,11,P,10,R,7,9,1,0,,,,,0,0,0,0,0,MSST 06,MSST 02,06,00; 03; 04,08,WIDE UNDER,2x2,0,R,MSST 06,1,COVER 1
388,"2506 Mississippi State O vs Texas A&M, PFF Play 027",27,1,2,1,'+8,2,,RA,2,11,2,R,L,11,PRO - OPEN,,,,,,,OFF,,,GF,,,ZN,,BENCH,4 DOWN,,,RED ZONE,,MSST 06,MSST 02,06,08,00; 03; 04,1,11,R,11,L,9,2,0,,,INSIDE ZONE,,,0,0,1,0,0,MSST 06,MSST 02,06,00; 03; 04,08,WIDE UNDER,2x1,0,P,,0,RED ZONE
389,"2506 Mississippi State O vs Texas A&M, PFF Play 028",28,1,1,6,'+6,1,,RA,2,12,4,R,L,11,DUO Y OFF,,,,,,,OFF,,,GF,OUTSIDE ZN LD,,ZN,,EVEN,4 DOWN,,,RED ZONE,,MSST 06,MSST 02,06,08,00; 03; 04,0,11,R,12,L,2,4,0,,,OUTSIDE ZONE,,,0,0,0,0,0,MSST 06,MSST 02,06,00; 03; 04,08,EVEN,2x2,0,R,,0,RED ZONE
390,"2506 Mississippi State O vs Texas A&M, PFF Play 029",29,1,2,2,'+2,2,GL,RA,2,13,1,R,L,11,SLOT - OPEN,,,,,,,OFF,,,GF,,,GAP,,BENCH,4 DOWN,,,COVER 0,,MSST 24,MSST 24,24,08,00; 03; 11,0,11,R,13,L,4,1,0,,,POWER,,,1,1,0,0,0,MSST 24,MSST 24,24,00; 03; 11,08,WIDE UNDER,1x2,0,R,,1,COVER 0
391,"2506 Mississippi State O vs Texas A&M, PFF Play 030",30,1,3,1,'+1,3,SY/GL,RA,2,14,-5,X,L,11,TREY Y OFF,,,,,,,OFF,,,GF,,,,,WIDE OVER,4 DOWN,,,,,,MSST 01,24,08,00; 03; 11,0,11,X,14,L,1,,0,,,,MSST 51 FST,,0,0,0,0,0,,MSST 01,24,00; 03; 11,08,WIDE OVER,1x3,0,R,,0,
392,"2506 Mississippi State O vs Texas A&M, PFF Play 031",31,1,3,6,'+6,3,,RA,2,15,0,P,L,11,DOUBLES,,,,,,,OPEN,,THROWN AWAY,GF,,,DB,,WIDE OVER,4 DOWN,,,RED ZONE,,,MSST 02,24,08,00; 03; 11,0,11,P,15,L,1,,0,0,,,,,0,0,0,0,0,,MSST 02,24,00; 03; 11,08,WIDE OVER,2x2,0,R,,0,RED ZONE
393,"2506 Mississippi State O vs Texas A&M, PFF Play 038",38,1,0,10,'-24,P,,,3,1,1,P,L,11,DOUBLES,,,,,,,OPEN,,RUN,GN,,,SCR,,BENCH,4 DOWN,,,BRACKET,,MSST 02,MSST 02,24,08,00; 03; 11,0,11,P,1,L,1,1,0,0,,MAN,,,0,0,0,0,0,MSST 02,MSST 02,24,00; 03; 11,08,WIDE UNDER,2x2,0,P,,0,BRACKET
394,"2506 Mississippi State O vs Texas A&M, PFF Play 039",39,1,2,9,'-25,2,,,3,2,-7,R,L,11,DOUBLES,,,,,,,OPEN,,,GF,,STR,GAP,,BENCH,4 DOWN,,,COVER 1,,MSST 09,MSST 02,24,08,00; 09; 11,1,11,R,2,L,1,-7,0,,,COUNTER,,,0,0,1,0,0,MSST 09,MSST 02,24,00; 09; 11,08,WIDE UNDER,2x2,0,P,,1,COVER 1
395,"2506 Mississippi State O vs Texas A&M, PFF Play 040",40,1,3,16,'-18,3,,,3,3,5,R,L,11,TRIPS - OPEN,,,,,,,,,,GN,,,ZN,,LOAD,,,,COVER 6,,MSST 24,MSST 02,24,08,00; 03; 11,0,11,R,3,L,-7,5,0,,,MAN,,,0,0,0,0,0,MSST 24,MSST 02,24,00; 03; 11,08,LOAD,3x1,1,R,,0,COVER 6
396,"2506 Mississippi State O vs Texas A&M, PFF Play 059",59,2,0,10,'-2,P,,,4,1,1,R,L,12,KING U OFF,,,,,,,SLOT,,,GF,,,ZN,,WIDE OVER,4 DOWN,,,COVER 3,,MSST 24,MSST 02,24,08; 10,00; 03,0,12,R,1,L,5,1,0,,,MAN,,,0,0,0,0,0,MSST 24,MSST 02,24,00; 03,08; 10,WIDE OVER,3x1,0,R,,1,COVER 3
397,"2506 Mississippi State O vs Texas A&M, PFF Play 060",60,2,2,9,'-3,2,,,4,2,2,R,L,12,KING U OFF,,,,,,,SLOT,,,GF,,,ZN,,BENCH,4 DOWN,,,COVER 3,,MSST 24,MSST 02,24,08; 10,00; 03,0,12,R,2,L,1,2,0,,,MAN,,,0,0,0,0,0,MSST 24,MSST 02,24,00; 03,08; 10,WIDE UNDER,3x1,1,R,,1,COVER 3
398,"2506 Mississippi State O vs Texas A&M, PFF Play 061",61,2,3,7,'-5,3,,,4,3,0,P,L,11,SLOT - OPEN,,,,,,,OFF,,INCOMPLETE,GF,,,DB,,BENCH,4 DOWN,,,COVER 1,,MSST 03,MSST 02,24,08,00; 03; 11,0,11,P,3,L,2,,0,0,,,,,0,0,0,0,0,,MSST 02,24,00; 03; 11,08,WIDE UNDER,2x1,0,R,MSST 03,1,COVER 1
399,"2506 Mississippi State O vs Texas A&M, PFF Play 065",65,2,0,10,'-27,P,,,5,1,3,R,R,11,TRIPS,,Z ORB,,,,,ON,,,GF,,STR,ZN,,BENCH,4 DOWN,,,COVER 4,,MSST 06,MSST 02,06,08,00; 03; 11,0,11,R,1,R,2,3,0,,,OUTSIDE ZONE,,,0,0,0,0,0,MSST 06,MSST 02,06,00; 03; 11,08,WIDE UNDER,1x3,1,P,,0,COVER 4
400,"2506 Mississippi State O vs Texas A&M, PFF Play 066",66,2,2,7,'-30,2,,,5,2,1,R,R,11,TRIPS,,,,,,,ON,,,GF,,,ZN,,BENCH,4 DOWN,,,COVER 4,,MSST 06,MSST 02,06,08,00; 03; 11,1,11,R,2,R,3,1,0,,,OUTSIDE ZONE,,,0,0,1,0,0,MSST 06,MSST 02,06,00; 03; 11,08,WIDE UNDER,1x3,1,R,,0,COVER 4
401,"2506 Mississippi State O vs Texas A&M, PFF Play 067",67,2,3,6,'-31,3,,,5,3,15,P,R,11,DOUBLES,,,,,,,OPEN,,HIT AS THREW,GN,,,DB,,ONE INTERIOR,,,,COVER 3 SEAM,,,MSST 02,06,08,00; 03; 11,1,11,P,3,R,1,,0,0,,,TXAM D05 RPS,,0,0,1,0,0,,MSST 02,06,00; 03; 11,08,ONE INTERIOR,2x2,0,R,,0,COVER 3 SEAM
402,"2506 Mississippi State O vs Texas A&M, PFF Play 068",68,2,1,10,'-46,1,,,5,4,10,R,R,11,DOUBLES,,,,,,,OPEN,,,GF,,,ZN,,ODD,4 DOWN,,,COVER 4,,MSST 06,MSST 02,06,08,00; 03; 11,0,11,R,4,R,1,10,0,,,MAN,,,0,0,0,0,0,MSST 06,MSST 02,06,00; 03; 11,08,ODD,2x2,1,P,,0,COVER 4
403,"2506 Mississippi State O vs Texas A&M, PFF Play 069",69,2,1,10,'+44,1,,,5,5,0,P,C,11,DOUBLES,,,,,,,OPEN,,INTERCEPTION,GN,,,PA,,BENCH,4 DOWN,,,COVER 3 SEAM,,MSST 00,MSST 02,06,08,00; 03; 11,1,11,P,5,C,10,,0,0,,MAN,,,0,0,1,0,0,,MSST 02,06,00; 03; 11,08,WIDE UNDER,2x2,0,R,MSST 00,0,COVER 3 SEAM
404,"2506 Mississippi State O vs Texas A&M, PFF Play 079",79,2,0,10,'-25,P,,,6,1,-12,P,R,11,DUO Y OFF,,,,,,,OFF,,SACK,GF,,,DB,,WIDE OVER,4 DOWN,,,COVER 1,,MSST 02,MSST 02,06,08,00; 03; 11,0,11,P,1,R,10,-12,0,0,,,,,0,0,0,0,0,MSST 02,MSST 02,06,00; 03; 11,08,WIDE OVER,2x2,0,P,,0,COVER 1
405,"2506 Mississippi State O vs Texas A&M, PFF Play 080",80,2,2,22,'-13,2,,,6,2,3,R,C,11,DOUBLES,,,,,,,OPEN,,,GN,QB DRAW,,DRAW,,ODD,4 DOWN,,,COVER 4,,MSST 02,MSST 02,06,08,00; 03; 11,0,11,R,2,C,-12,3,0,,,DRAW,,,0,0,0,0,0,MSST 02,MSST 02,06,00; 03; 11,08,ODD,2x2,0,P,,0,COVER 4
406,"2506 Mississippi State O vs Texas A&M, PFF Play 081",81,2,3,19,'-16,3,,,6,3,9,P,C,11,TREY Y OFF,,,,,,,OFF,Y DELAY,COMPLETE,GF,,,DB,,ONE INTERIOR,,,,COVER 4,,MSST 08,MSST 02,06,08,00; 03; 11,0,11,P,3,C,3,9,0,0,,,,,0,0,0,0,0,MSST 08,MSST 02,06,00; 03; 11,08,ONE INTERIOR,3x1,0,R,MSST 08,0,COVER 4
407,"2506 Mississippi State O vs Texas A&M, PFF Play 091",91,3,0,10,'-35,P,,,7,1,8,R,R,11,DOUBLES,,,,,,,OPEN,,,GN,,,ZN,,OVER,4 DOWN,,,COVER 4,,MSST 24,MSST 02,24,08,00; 03; 11,0,11,R,1,R,9,8,0,,,MAN,,,0,0,0,0,0,MSST 24,MSST 02,24,00; 03; 11,08,OVER,2x2,1,P,,0,COVER 4
408,"2506 Mississippi State O vs Texas A&M, PFF Play 092",92,3,2,2,'-43,2,,,7,2,4,R,R,11,DOUBLES,,,,,,,OPEN,,,GN,,,ZN,,BENCH,4 DOWN,,,COVER 3 SEAM,,MSST 24,MSST 02,24,08,00; 03; 11,1,11,R,2,R,8,4,0,,,MAN,,,0,0,1,0,0,MSST 24,MSST 02,24,00; 03; 11,08,WIDE UNDER,2x2,1,R,,0,COVER 3 SEAM
409,"2506 Mississippi State O vs Texas A&M, PFF Play 093",93,3,1,10,'-47,1,,,7,3,-1,R,R,11,DOUBLES,,,,,,,OPEN,,,GF,,STR,ZN,,BENCH,4 DOWN,,,COVER 3,,MSST 24,MSST 02,24,08,00; 03; 11,1,11,R,3,R,4,-1,0,,,OUTSIDE ZONE,,,0,0,1,0,0,MSST 24,MSST 02,24,00; 03; 11,08,WIDE UNDER,2x2,0,R,,1,COVER 3
410,"2506 Mississippi State O vs Texas A&M, PFF Play 094",94,3,2,11,'-46,2,,,7,4,4,R,R,11,SLOT - OPEN,,,,,,,OFF,,,GF,,STR,ZN,,WIDE OVER,4 DOWN,,,COVER 4,,MSST 24,MSST 24,24,08,00; 03; 11,1,11,R,4,R,-1,4,0,,,INSIDE ZONE,,,1,1,1,0,0,MSST 24,MSST 24,24,00; 03; 11,08,WIDE OVER,1x2,0,R,,0,COVER 4
411,"2506 Mississippi State O vs Texas A&M, PFF Play 095",95,3,3,7,'+50,3,,,7,5,-2,P,R,11,DOUBLES,,,,,,,OPEN,,COMPLETE,GN,,,DB,,ODD,4 DOWN,,,COVER 0,,MSST 06,MSST 02,06,08,00; 03; 11,1,11,P,5,R,4,-2,0,0,,,,,0,0,1,0,0,MSST 06,MSST 02,06,00; 03; 11,08,ODD,2x2,0,R,MSST 06,1,COVER 0
412,"2506 Mississippi State O vs Texas A&M, PFF Play 106",106,3,0,10,'-8,P,,,8,1,7,P,R,11,TRIPS - OPEN,,,,,,,,,COMPLETE,GF,,,PA,,BENCH,4 DOWN,,,COVER 4,,MSST 11,MSST 02,06,87,00; 03; 11,0,11,P,1,R,-2,7,0,0,,COUNTER,,,0,0,0,0,0,MSST 11,MSST 02,06,00; 03; 11,87,WIDE UNDER,1x3,1,P,MSST 11,0,COVER 4
413,"2506 Mississippi State O vs Texas A&M, PFF Play 107",107,3,2,3,'-15,2,,,8,2,-8,R,R,11,DUO Y OFF,,,,,,,OFF,,,GN,,,ZN,,BENCH,4 DOWN,,,COVER 1,,MSST 02,MSST 02,06,87,00; 03; 11,1,11,R,2,R,7,-8,0,,,INSIDE ZONE,,,0,0,1,0,0,MSST 02,MSST 02,06,00; 03; 11,87,WIDE UNDER,2x2,1,P,,0,COVER 1
414,"2506 Mississippi State O vs Texas A&M, PFF Play 108",108,3,3,11,'-7,3,,,8,3,10,P,R,11,TRIPS - OPEN,,,,,,,,,COMPLETE,GF,,,DB,,EVEN,4 DOWN,,,COVER 6,,MSST 03,MSST 02,06,87,00; 03; 11,0,11,P,3,R,-8,10,0,0,,,,,0,0,0,0,0,MSST 03,MSST 02,06,00; 03; 11,87,EVEN,1x3,0,R,MSST 03,0,COVER 6
415,"2506 Mississippi State O vs Texas A&M, PFF Play 117",117,3,0,10,'-25,P,,,9,1,-1,R,R,11,TRIPS - OPEN,,,,,,,,,,GF,OUTSIDE ZN LD,,ZN,,WIDE OVER,4 DOWN,,,COVER 1,,MSST 24,MSST 02,24,08,00; 03; 04,0,11,R,1,R,10,-1,0,,,OUTSIDE ZONE,,,0,0,0,0,0,MSST 24,MSST 02,24,00; 03; 04,08,WIDE OVER,1x3,0,P,,0,COVER 1
416,"2506 Mississippi State O vs Texas A&M, PFF Play 118",118,3,2,11,'-24,2,,,9,2,0,P,C,11,SLOT - OPEN,,,,,,,OFF,,INCOMPLETE,GF,,,PA,,WIDE OVER,4 DOWN,,,COVER 1,,MSST 00,MSST 02,24,08,00; 03; 04,0,11,P,2,C,-1,,0,0,,MAN,,,0,0,0,0,0,,MSST 02,24,00; 03; 04,08,WIDE OVER,2x1,1,R,MSST 00,0,COVER 1
417,"2506 Mississippi State O vs Texas A&M, PFF Play 119",119,3,3,11,'-24,3,,,9,3,6,P,C,11,DOUBLES,,,,,,,OPEN,,COMPLETE,GF,,,DB,,LOAD,,,,COVER 4,,MSST 03,MSST 02,24,08,00; 03; 04,0,11,P,3,C,-1,6,0,0,,,,,0,0,0,0,0,MSST 03,MSST 02,24,00; 03; 04,08,LOAD,2x2,0,P,MSST 03,0,COVER 4
418,"2506 Mississippi State O vs Texas A&M, PFF Play 133",133,4,0,10,'-25,P,,,10,1,9,P,R,11,DUO Y OFF,,,,,,,OFF,,COMPLETE,GF,,,PA,,WIDE OVER,4 DOWN,,,COVER 1,,MSST 03,MSST 02,06,08,00; 03; 11,0,11,P,1,R,6,9,0,0,,COUNTER,,,0,0,0,0,0,MSST 03,MSST 02,06,00; 03; 11,08,WIDE OVER,2x2,1,P,MSST 03,1,COVER 1
419,"2506 Mississippi State O vs Texas A&M, PFF Play 140",140,4,0,10,'-25,P,,,11,1,1,R,L,11,DOUBLES,,,,,,,OPEN,,,GF,,,,,ONE INTERIOR,,,,COVER 4,,MSST 00,MSST 02,06,08,00; 03; 11,0,11,R,1,L,9,1,0,,,TRICK,,,0,0,0,0,0,MSST 00,MSST 02,06,00; 03; 11,08,ONE INTERIOR,2x2,0,P,,0,COVER 4
420,"2506 Mississippi State O vs Texas A&M, PFF Play 141",141,4,2,9,'-26,2,,,11,2,15,R,R,11,DOUBLES,,,,,,,OPEN,,,GF,,,ZN,,WIDE OVER,4 DOWN,,,COVER 3 SEAM,,MSST 06,MSST 02,06,08,00; 03; 11,1,11,R,2,R,1,15,0,,,OUTSIDE ZONE,,,0,0,1,0,0,MSST 06,MSST 02,06,00; 03; 11,08,WIDE OVER,2x2,1,R,,0,COVER 3 SEAM
421,"2506 Mississippi State O vs Texas A&M, PFF Play 142",142,4,1,10,'-41,1,,,11,3,15,P,L,11,SLOT - OPEN,,,,,,,OFF,,COMPLETE,GS,,,DB,,WIDE OVER,4 DOWN,,,COVER 3,,MSST 11,MSST 02,06,08,00; 03; 11,1,11,P,3,L,15,15,0,0,,,,,0,0,1,0,0,MSST 11,MSST 02,06,00; 03; 11,08,WIDE OVER,1x2,0,R,MSST 11,1,COVER 3
422,"2506 Mississippi State O vs Texas A&M, PFF Play 143",143,4,1,10,'+44,1,,,11,4,44,P,C,11,TREY Y OFF,,,,,,,OFF,,COMPLETE,GF,,,DB,,WIDE OVER,4 DOWN,,,COVER 4,,MSST 00,MSST 02,06,08,00; 03; 11,0,11,P,4,C,15,44,0,0,,,,MSST 00,0,0,0,0,0,MSST 00,MSST 02,06,00; 03; 11,08,WIDE OVER,1x3,0,P,MSST 00,0,COVER 4
423,"2506 Mississippi State O vs Texas A&M, PFF Play 154",154,4,0,10,'-21,P,,,12,1,4,P,L,11,DUO Y OFF,,,,,,,OFF,,INCOMPLETE,GF,,,DB,,WIDE OVER,4 DOWN,,,COVER 3 SEAM,,MSST 87,MSST 02,24,87,00; 03; 11,0,11,P,1,L,44,,0,0,,,TXAM D27 DPI,,0,0,0,0,1,,MSST 02,24,00; 03; 11,87,WIDE OVER,2x2,0,P,MSST 87,0,COVER 3 SEAM
424,"2506 Mississippi State O vs Texas A&M, PFF Play 155",155,4,1,10,'-25,1,,,12,2,12,P,L,11,DUO Y OFF,,,,,,,OFF,,COMPLETE,GF,,,DB,,WIDE OVER,4 DOWN,,,COVER 4,,MSST 24,MSST 02,24,87,00; 03; 11,0,11,P,2,L,44,12,0,0,,,,,0,0,0,0,1,MSST 24,MSST 02,24,00; 03; 11,87,WIDE OVER,2x2,0,P,MSST 24,0,COVER 4
425,"2506 Mississippi State O vs Texas A&M, PFF Play 156",156,4,1,10,'-37,1,,,12,3,-6,P,R,11,DUO Y OFF,,,,,,,OFF,,COMPLETE,GF,,,DB,,WIDE OVER,4 DOWN,,,COVER 3 SEAM,,MSST 24,MSST 02,24,87,00; 03; 11,0,11,P,3,R,12,-6,0,0,,,,,0,0,0,0,1,MSST 24,MSST 02,24,00; 03; 11,87,WIDE OVER,2x2,0,P,MSST 24,0,COVER 3 SEAM
426,"2506 Mississippi State O vs Texas A&M, PFF Play 157",157,4,2,16,'-31,2,,,12,4,-7,P,L,11,DUO Y OFF,,,,,,,OFF,,SACK,GF,,,DB,,ODD,4 DOWN,,,COVER 6,,MSST 02,MSST 02,06,87,00; 03; 11,0,11,P,4,L,-6,-7,0,0,,,,,0,0,0,0,1,MSST 02,MSST 02,06,00; 03; 11,87,ODD,2x2,0,P,,0,COVER 6
427,"2506 Mississippi State O vs Texas A&M, PFF Play 158",158,4,3,23,'-24,3,,,12,5,0,P,L,11,TREY Y OFF,,,,X,,,OFF,,INCOMPLETE,GF,,,DB,,ODD,4 DOWN,,,COVER 4,,MSST 09,MSST 02,06,87,00; 09; 11,0,11,P,5,L,-7,,0,0,,,,,0,0,0,0,1,,MSST 02,06,00; 09; 11,87,ODD,1x3,0,P,MSST 09,0,COVER 4
428,"2507 Mississippi State O vs Florida, PFF Play 002",2,1,0,10,'-25,P,,,1,1,6,R,R,12,ACE YU OFF,,,,,,,OFF,,,GF,,STR,GAP,,WIDE OVER,4 DOWN,,,COVER 4,,MSST 06,MSST 02,06,08; 10,00; 03,0,12,R,1,R,,6,0,,,COUNTER,,,0,0,0,0,0,MSST 06,MSST 02,06,00; 03,08; 10,WIDE OVER,2x2,1,,,0,COVER 4
429,"2507 Mississippi State O vs Florida, PFF Play 003",3,1,2,4,'-31,2,,,1,2,48,P,L,12,ACE YU OFF,,,,,,,OFF,,COMPLETE,GN,,,PA,,EVEN,4 DOWN,,,COVER 4,,MSST 03,MSST 02,06,08; 10,00; 03,1,12,P,2,L,6,48,0,0,,INSIDE ZONE,,,0,0,1,0,0,MSST 03,MSST 02,06,00; 03,08; 10,EVEN,2x2,0,R,MSST 03,0,COVER 4
430,"2507 Mississippi State O vs Florida, PFF Play 004",4,1,1,10,'+21,1,,RA,1,3,6,R,R,12,ACE YU OFF,,,,,,,OFF,,,GF,,,GAP,,WIDE OVER,4 DOWN,,,COVER 4,,MSST 02,MSST 02,06,08; 10,00; 03,0,12,R,3,R,48,6,0,,,PULL LEAD,,,0,0,0,0,0,MSST 02,MSST 02,06,00; 03,08; 10,WIDE OVER,2x2,0,P,,0,COVER 4
431,"2507 Mississippi State O vs Florida, PFF Play 005",5,1,2,4,'+15,2,,RA,1,4,2,R,R,12,PRO,,,,,,,ON,,,GF,,,ZN,,OVER,4 DOWN,,,COVER 4,,MSST 02,MSST 02,06,08; 10,00; 03,1,12,R,4,R,6,2,0,,,MAN,,,0,0,1,0,0,MSST 02,MSST 02,06,00; 03,08; 10,OVER,1x2,1,R,,0,COVER 4
432,"2507 Mississippi State O vs Florida, PFF Play 006",6,1,3,2,'+13,3,SY,RA,1,5,7,R,R,12,KING U OFF,,,,,,,SLOT,,,GN,,,ZN,,ODD,4 DOWN,,,COVER 4,,MSST 06,MSST 02,06,08; 10,00; 03,1,12,R,5,R,2,7,0,,,MAN,,,0,0,1,0,0,MSST 06,MSST 02,06,00; 03,08; 10,ODD,1x3,1,R,,0,COVER 4
433,"2507 Mississippi State O vs Florida, PFF Play 007",7,1,1,6,'+6,1,,RA,1,6,4,R,R,12,PRO,,,,,,,ON,,,GF,,,ZN,,WIDE OVER,4 DOWN,,,RED ZONE,,MSST 06,MSST 02,06,08; 10,00; 03,0,12,R,6,R,7,4,0,,,INSIDE ZONE,,,0,0,0,0,0,MSST 06,MSST 02,06,00; 03,08; 10,WIDE OVER,1x2,0,R,,0,RED ZONE
434,"2507 Mississippi State O vs Florida, PFF Play 008",8,1,2,2,'+2,2,GL,RA,1,7,0,P,C,12,ACE YU OFF,,,,,,,OFF,,INCOMPLETE,GN,,,RPO,MAN,OVER,4 DOWN,,,COVER 0,,MSST 00,MSST 02,06,08; 10,00; 03,1,12,P,7,C,4,,0,0,,COUNTER,,,0,0,1,0,0,,MSST 02,06,00; 03,08; 10,OVER,2x2,1,R,MSST 00,1,COVER 0
435,"2507 Mississippi State O vs Florida, PFF Play 009",9,1,3,2,'+2,3,SY/GL,RA,1,8,2,R,C,13,ACE YU OFF,,,,,,,OFF,,,GF,Q POWER G LD,STR,GAP,,WIDE OVER,4 DOWN,,,RED ZONE,,MSST 01,MSST 01,06,08; 10; 87,00,0,13,R,8,C,4,2,0,,,PULL LEAD,,MSST 01,0,0,0,0,0,MSST 01,MSST 01,06,00,08; 10; 87,WIDE OVER,2x2,0,P,,0,RED ZONE
436,"2507 Mississippi State O vs Florida, PFF Play 024",24,1,0,10,'-25,P,,,2,1,3,R,R,11,DOUBLES,,,,,,,OPEN,,,GF,,STR,ZN,,UNDER,4 DOWN,,,COVER 4,,MSST 22,MSST 02,22,08,00; 03; 11,0,11,R,1,R,2,3,0,,,INSIDE ZONE,,,0,0,0,0,0,MSST 22,MSST 02,22,00; 03; 11,08,UNDER,2x2,1,R,,0,COVER 4
437,"2507 Mississippi State O vs Florida, PFF Play 025",25,1,2,7,'-28,2,,,2,2,10,R,R,11,TRIPS - OPEN,,,,,,,,,,GN,,,ZN,,UNDER,4 DOWN,,,COVER 4,,MSST 22,MSST 02,22,08,00; 03; 11,1,11,R,2,R,3,10,0,,,OUTSIDE ZONE,,,0,0,1,0,0,MSST 22,MSST 02,22,00; 03; 11,08,UNDER,1x3,1,R,,0,COVER 4
438,"2507 Mississippi State O vs Florida, PFF Play 026",26,1,1,10,'-38,1,,,2,3,0,P,R,11,TRIPS - OPEN,,,,,,,,,INCOMPLETE,GF,,,PA,,EVEN,4 DOWN,,,COVER 4,,MSST 08,MSST 02,22,08,00; 03; 11,1,11,P,3,R,10,,0,0,,UNDEFINED,,,0,0,1,0,0,,MSST 02,22,00; 03; 11,08,EVEN,1x3,0,R,MSST 08,0,COVER 4
439,"2507 Mississippi State O vs Florida, PFF Play 027",27,1,2,10,'-38,2,,,2,4,7,P,R,11,DOUBLES,,,,,,,OPEN,,COMPLETE,GN,,,PA,MAN,BENCH,4 DOWN,,,COVER 3,,MSST 08,MSST 02,06,08,00; 03; 11,0,11,P,4,R,10,7,1,0,,POWER,,,0,0,0,0,0,MSST 08,MSST 02,06,00; 03; 11,08,WIDE UNDER,2x2,1,P,MSST 08,1,COVER 3
440,"2507 Mississippi State O vs Florida, PFF Play 028",28,1,3,3,'-45,3,,,2,5,14,P,R,11,DUO Y OFF,,,,,,,OFF,,COMPLETE,GF,,,DB,,OVER,4 DOWN,,,COVER 4,,MSST 00,MSST 02,06,08,00; 03; 11,1,11,P,5,R,7,14,0,0,,,,,0,0,1,0,0,MSST 00,MSST 02,06,00; 03; 11,08,OVER,2x2,0,P,MSST 00,0,COVER 4
441,"2507 Mississippi State O vs Florida, PFF Play 029",29,1,1,10,'+41,1,,,2,6,0,P,L,11,DOUBLES,,,,,,,OPEN,,INCOMPLETE,GN,,,PA,MAN,BENCH,4 DOWN,,,COVER 4,,MSST 00,MSST 02,06,08,00; 03; 11,0,11,P,6,L,14,,0,0,,UNDEFINED,,,0,0,0,0,0,,MSST 02,06,00; 03; 11,08,WIDE UNDER,2x2,0,P,MSST 00,0,COVER 4
442,"2507 Mississippi State O vs Florida, PFF Play 030",30,1,2,10,'+41,2,,,2,7,2,R,L,11,TRIPS - OPEN,,Y MTR,,,,,,,,GF,,STR,ZN,,BENCH,4 DOWN,,,COVER 3,,MSST 22,MSST 02,22,08,03; 11; 18,0,11,R,7,L,14,2,0,,,OUTSIDE ZONE,,,0,0,0,0,0,MSST 22,MSST 02,22,03; 11; 18,08,WIDE UNDER,3x1,1,P,,0,COVER 3
443,"2507 Mississippi State O vs Florida, PFF Play 031",31,1,3,8,'+39,3,,,2,8,-6,P,R,11,DOUBLES,,,,,,,OPEN,,SACK,GF,,,DB,,LOAD,,,,COVER 6,,MSST 02,MSST 02,22,08,03; 11; 18,1,11,P,8,R,2,-6,0,0,,,,,0,0,1,0,0,MSST 02,MSST 02,22,03; 11; 18,08,LOAD,2x2,0,R,,0,COVER 6
444,"2507 Mississippi State O vs Florida, PFF Play 038",38,1,0,10,'-40,P,,,3,1,1,R,R,11,DOUBLES,,,,,,,OPEN,,,GF,,,ZN,,UNDER,4 DOWN,,,COVER 4,,MSST 06,MSST 02,06,08,00; 03; 04,0,11,R,1,R,-6,1,0,,,OUTSIDE ZONE,,,0,0,0,0,0,MSST 06,MSST 02,06,00; 03; 04,08,UNDER,2x2,1,P,,0,COVER 4
445,"2507 Mississippi State O vs Florida, PFF Play 039",39,1,2,9,'-41,2,,,3,2,9,P,L,11,DOUBLES,,,,,,,OPEN,,COMPLETE,GF,,,PA,,ODD,4 DOWN,,,COVER 2,,MSST 04,MSST 02,06,08,00; 03; 04,1,11,P,2,L,1,9,0,0,,UNDEFINED,,,0,0,1,0,0,MSST 04,MSST 02,06,00; 03; 04,08,ODD,2x2,0,R,MSST 04,1,COVER 2
446,"2507 Mississippi State O vs Florida, PFF Play 040",40,1,1,10,'+50,1,,,3,3,8,R,R,11,DOUBLES,,,,,,,OPEN,,,GN,,,GAP,,OVER,4 DOWN,,,COVER 4,,MSST 06,MSST 02,06,08,00; 03; 04,1,11,R,3,R,9,8,0,,,POWER,,,0,0,1,0,0,MSST 06,MSST 02,06,00; 03; 04,08,OVER,2x2,1,P,,0,COVER 4
447,"2507 Mississippi State O vs Florida, PFF Play 041",41,1,2,2,'+42,2,,,3,4,0,P,L,11,DOUBLES,,,,,,,OPEN,,INCOMPLETE,GN,,,PA,,SPLIT,,,,COVER 3,,MSST 00,MSST 02,06,08,00; 03; 04,1,11,P,4,L,8,,0,0,,UNDEFINED,,,0,0,1,0,0,,MSST 02,06,00; 03; 04,08,NO INTERIOR,2x2,0,R,MSST 00,1,COVER 3
448,"2507 Mississippi State O vs Florida, PFF Play 042",42,1,3,2,'+42,3,SY,,3,5,3,R,L,11,EMPTY 3x2 Y OFF,,,,,,,OFF,,,GEMP,,STR,GAP,,WIDE OVER,4 DOWN,,,COVER 3,,MSST 01,MSST 01,22,08,03; 04; 18,0,11,R,5,L,8,3,0,,,COUNTER,(O) FLUN D08 UNRd; (O) MSST 76 UNR,,0,0,0,0,0,MSST 01,MSST 01,22,03; 04; 18,08,WIDE OVER,3x2,0,P,,0,COVER 3
449,"2507 Mississippi State O vs Florida, PFF Play 043",43,1,1,10,'+39,1,,,3,6,6,R,L,11,TRIPS - SLOT,,,,,,,OPEN,,,GEMP,,,GAP,,ODD,4 DOWN,,,COVER 3,,MSST 01,MSST 01,22,08,03; 04; 18,0,11,R,6,L,3,6,0,,,POWER,,,0,0,0,0,0,MSST 01,MSST 01,22,03; 04; 18,08,ODD,2x3,0,R,,0,COVER 3
450,"2507 Mississippi State O vs Florida, PFF Play 044",44,1,2,4,'+33,2,,,3,7,2,R,L,11,DOUBLES,,,,,,,OPEN,,,GEMP,,,GAP,,ODD,4 DOWN,,,COVER 3,,MSST 01,MSST 01,22,08,03; 04; 18,1,11,R,7,L,6,2,0,,,COUNTER,,,0,0,1,0,0,MSST 01,MSST 01,22,03; 04; 18,08,ODD,2x2,1,R,,0,COVER 3
451,"2507 Mississippi State O vs Florida, PFF Play 045",45,1,3,2,'+31,3,SY,,3,8,0,R,L,11,EMPTY 3x2 Y OFF,,,,,,,OFF,,,GEMP,,,ZN,,JACK,4 DOWN,,,COVER 1,,MSST 01,MSST 01,22,08,03; 04; 18,1,11,R,8,L,2,0,0,,,INSIDE ZONE,,,0,0,1,0,0,MSST 01,MSST 01,22,03; 04; 18,08,OTHER,3x2,0,R,,0,COVER 1
452,"2507 Mississippi State O vs Florida, PFF Play 046",46,1,4,2,'+31,4,SY,,3,9,0,R,L,11,EMPTY 3x2 Y OFF,,,,,,,OFF,,,GEMP,,,ZN,,ODD,4 DOWN,,,COVER 2,,MSST 02,MSST 02,22,08,03; 04; 18,0,11,R,9,L,0,0,0,,,INSIDE ZONE,,,0,0,0,0,0,MSST 02,MSST 02,22,03; 04; 18,08,ODD,3x2,0,R,,0,COVER 2
453,"2507 Mississippi State O vs Florida, PFF Play 055",55,2,0,10,'-25,P,,,4,1,3,P,R,11,DUO Y OFF,,,,,,,OFF,,COMPLETE,GN,,,DB,,BENCH,4 DOWN,,,COVER 4,,MSST 03,MSST 02,06,08,00; 03; 11,0,11,P,1,R,0,3,0,0,,,,,0,0,0,0,0,MSST 03,MSST 02,06,00; 03; 11,08,WIDE UNDER,2x2,0,R,MSST 03,0,COVER 4
454,"2507 Mississippi State O vs Florida, PFF Play 056",56,2,2,7,'-28,2,,,4,2,2,P,L,11,TREY Y OFF,,,,,,,OFF,,COMPLETE,GN,,,DB,,WIDE OVER,4 DOWN,,,COVER 4,,MSST 03,MSST 02,06,08,00; 03; 11,1,11,P,2,L,3,2,1,0,,COUNTER,,,0,0,1,0,0,MSST 03,MSST 02,06,00; 03; 11,08,WIDE OVER,1x3,1,P,MSST 03,0,COVER 4
455,"2507 Mississippi State O vs Florida, PFF Play 057",57,2,3,5,'-30,3,,,4,3,-6,P,L,11,TRIPS - OPEN,,,,,,,,,SACK,GN,,,DB,,WIDE OVER,4 DOWN,,,COVER 6,,MSST 02,MSST 02,06,08,00; 03; 11,1,11,P,3,L,2,-6,0,0,,,,,0,0,1,0,0,MSST 02,MSST 02,06,00; 03; 11,08,WIDE OVER,3x1,0,P,,0,COVER 6
456,"2507 Mississippi State O vs Florida, PFF Play 061",61,2,0,10,'-34,P,,,5,1,-2,R,L,11,DUO Y OFF,,,,,,,OFF,,,GF,,,,,WIDE OVER,4 DOWN,,,COVER 3,,MSST 00,MSST 02,06,08,00; 03; 04,0,11,R,1,L,-6,-2,0,,,TRICK,,,0,1,0,0,0,MSST 00,MSST 02,06,00; 03; 04,08,WIDE OVER,2x2,0,P,,0,COVER 3
457,"2507 Mississippi State O vs Florida, PFF Play 062",62,2,2,12,'-32,2,,,5,2,15,P,R,11,TRIPS - OPEN,,,,,,,,,COMPLETE,GF,,,PA,,WIDE OVER,4 DOWN,,,COVER 4,,MSST 00,MSST 02,06,08,00; 03; 04,1,11,P,2,R,-2,15,0,0,,INSIDE ZONE,,,0,0,1,0,0,MSST 00,MSST 02,06,00; 03; 04,08,WIDE OVER,1x3,0,R,MSST 00,0,COVER 4
458,"2507 Mississippi State O vs Florida, PFF Play 063",63,2,1,10,'-47,1,,,5,3,3,R,R,11,DOUBLES,,,,,,,OPEN,,,GN,,,ZN,,UNDER,4 DOWN,,,COVER 4,,MSST 02,MSST 02,06,08,00; 03; 04,1,11,R,3,R,15,3,0,,,INSIDE ZONE,,,0,0,1,0,0,MSST 02,MSST 02,06,00; 03; 04,08,UNDER,2x2,1,P,,0,COVER 4
459,"2507 Mississippi State O vs Florida, PFF Play 064",64,2,2,7,'+50,2,,,5,4,16,R,R,11,DOUBLES,,,,,,,OPEN,,,GN,QB DRAW,,DRAW,,BENCH,4 DOWN,,,COVER 4,,MSST 06,MSST 02,06,08,00; 03; 04,1,11,R,4,R,3,16,0,,,DRAW,,,0,0,1,0,0,MSST 06,MSST 02,06,00; 03; 04,08,WIDE UNDER,2x2,1,R,,0,COVER 4
460,"2507 Mississippi State O vs Florida, PFF Play 065",65,2,1,10,'+34,1,,,5,5,15,P,L,11,DOUBLES,,,,,,,OPEN,,COMPLETE,GF,,,PA,,BENCH,4 DOWN,,,COVER 3,,MSST 03,MSST 02,06,08,00; 03; 04,1,11,P,5,L,16,15,1,0,,POWER,,,0,0,1,0,0,MSST 03,MSST 02,06,00; 03; 04,08,WIDE UNDER,2x2,1,R,MSST 03,0,COVER 3
461,"2507 Mississippi State O vs Florida, PFF Play 066",66,2,1,10,'+19,1,,RA,5,6,4,R,L,11,DOUBLES,,,,,,,OPEN,,,GF,,STR,ZN,,WIDE OVER,4 DOWN,,,COVER 2,,MSST 06,MSST 02,06,08,00; 03; 04,1,11,R,6,L,15,4,0,,,INSIDE ZONE,,,0,0,1,0,0,MSST 06,MSST 02,06,00; 03; 04,08,WIDE OVER,2x2,1,P,,0,COVER 2
462,"2507 Mississippi State O vs Florida, PFF Play 067",67,2,2,6,'+15,2,,RA,5,7,-1,R,L,11,DUO Y OFF,,,,,,,OFF,,,GN,OUTSIDE ZN LD,,ZN,,ODD,4 DOWN,,,COVER 4,,MSST 22,MSST 02,22,87,03; 04; 18,0,11,R,7,L,4,-1,0,,,OUTSIDE ZONE,,,0,0,0,0,0,MSST 22,MSST 02,22,03; 04; 18,87,ODD,2x2,0,R,,0,COVER 4
463,"2507 Mississippi State O vs Florida, PFF Play 082",82,2,0,10,'-25,P,,,6,1,6,R,L,11,TREY Y OFF FIB,,,,,,,OFF,,,PSTL,,,ZN,,WIDE OVER,4 DOWN,,,COVER 4,,MSST 06,MSST 02,06,08,00; 03; 11,0,11,R,1,L,-1,6,0,,,OUTSIDE ZONE,,,0,0,0,0,0,MSST 06,MSST 02,06,00; 03; 11,08,WIDE OVER,1x3,1,R,,0,COVER 4
464,"2507 Mississippi State O vs Florida, PFF Play 083",83,2,2,4,'-31,2,,,6,2,5,R,L,11,DOUBLES,,,,,,,OPEN,,,GF,QB DRAW,,DRAW,,EVEN,4 DOWN,,,COVER 4,,MSST 06,MSST 02,06,08,00; 03; 11,1,11,R,2,L,6,5,0,,,DRAW,,,0,0,1,0,0,MSST 06,MSST 02,06,00; 03; 11,08,EVEN,2x2,1,R,,0,COVER 4
465,"2507 Mississippi State O vs Florida, PFF Play 084",84,2,1,10,'-36,1,,,6,3,47,P,L,11,DOUBLES,,,,,,,OPEN,,COMPLETE,GN,,,PA,MAN,BENCH,4 DOWN,,,COVER 4,,MSST 00,MSST 02,06,08,00; 03; 11,1,11,P,3,L,5,47,0,0,,UNDEFINED,,,0,0,1,0,0,MSST 00,MSST 02,06,00; 03; 11,08,WIDE UNDER,2x2,0,R,MSST 00,0,COVER 4
466,"2507 Mississippi State O vs Florida, PFF Play 085",85,2,1,10,'+17,1,,RA,6,4,0,R,L,12,KING U OFF,,,,,,,SLOT,,,GF,,,ZN,,BEAR,,,,COVER 1,,MSST 06,MSST 02,06,08; 10,03; 09,0,12,R,4,L,47,0,0,,,INSIDE ZONE,,,0,0,0,0,0,MSST 06,MSST 02,06,03; 09,08; 10,BEAR,3x1,0,P,,1,COVER 1
467,"2507 Mississippi State O vs Florida, PFF Play 086",86,2,2,10,'+17,2,,RA,6,5,-1,R,L,11,TREY Y OFF,,,,,,,OFF,,,GN,CTR OY,,GAP,,JACK,4 DOWN,,,COVER 4,,MSST 06,MSST 02,06,08,03; 11; 18,0,11,R,5,L,0,-1,0,,,COUNTER,,,0,0,0,0,0,MSST 06,MSST 02,06,03; 11; 18,08,OTHER,1x3,1,R,,0,COVER 4
468,"2507 Mississippi State O vs Florida, PFF Play 087",87,2,3,11,'+18,3,,RA,6,6,-5,X,L,11,TRIPS - OPEN,,,,,,,,,,GF,,,,,LOAD,,,,,,,MSST 02,06,08,03; 11; 18,0,11,X,6,L,-1,,0,,,,MSST 52 FST,,0,0,0,0,0,,MSST 02,06,03; 11; 18,08,LOAD,3x1,0,R,,0,
469,"2507 Mississippi State O vs Florida, PFF Play 088",88,2,3,16,'+23,3,,RA,6,7,0,P,L,11,TRIPS - OPEN,,,,,,,,,INCOMPLETE,GF,,,DB,,LOAD,,,,COVER 6,,MSST 18,MSST 02,06,08,03; 11; 18,0,11,P,7,L,-1,,0,0,,,,,0,0,0,0,0,,MSST 02,06,03; 11; 18,08,LOAD,3x1,0,R,MSST 18,1,COVER 6
470,"2507 Mississippi State O vs Florida, PFF Play 097",97,2,0,10,'-43,P,,,7,1,0,P,C,11,TRIPS - OPEN,,,,,,,,,INCOMPLETE,GN,,,DB,,BENCH,4 DOWN,,,COVER 2 MAN,,MSST 08,MSST 02,06,08,00; 03; 04,0,11,P,1,C,-1,,0,0,,,,,0,0,0,2,0,,MSST 02,06,00; 03; 04,08,WIDE UNDER,1x3,0,P,MSST 08,1,COVER 2 MAN
471,"2507 Mississippi State O vs Florida, PFF Play 098",98,2,2,10,'-43,2,,,7,2,-9,P,C,11,DUO Y OFF,,,,,,,OFF,,SACK,GF,,,DB,,LOAD,,,,COVER 6,,MSST 02,MSST 02,06,08,00; 03; 04,0,11,P,2,C,-1,-9,0,0,,,,,0,0,0,2,0,MSST 02,MSST 02,06,00; 03; 04,08,LOAD,2x2,0,P,,0,COVER 6
472,"2507 Mississippi State O vs Florida, PFF Play 104",104,3,0,10,'-25,P,,,8,1,5,P,R,11,TRIPS - OPEN,,,,,,,,,COMPLETE,GN,,,DB,,UNDER,4 DOWN,,,COVER 3 SEAM,,MSST 08,MSST 02,06,08,00; 03; 11,0,11,P,1,R,-9,5,1,0,,,MSST 00 ISH,,0,0,0,0,0,MSST 08,MSST 02,06,00; 03; 11,08,UNDER,1x3,0,P,MSST 08,0,COVER 3 SEAM
473,"2507 Mississippi State O vs Florida, PFF Play 105",105,3,1,15,'-20,1,,,8,2,3,P,R,11,SLOT - OPEN,,Z ORB,,,,,OFF,,COMPLETE,,,,SCR,,ODD,4 DOWN,,,COVER 4,,MSST 11,MSST 02,06,08,00; 03; 11,0,11,P,2,R,5,3,1,0,,OUTSIDE ZONE,,,0,0,0,0,0,MSST 11,MSST 02,06,00; 03; 11,08,ODD,1x2,1,P,MSST 11,0,COVER 4
474,"2507 Mississippi State O vs Florida, PFF Play 106",106,3,2,12,'-23,2,,,8,3,-3,P,L,11,DUO Y OFF,,,,,,,OFF,,COMPLETE,GN,,,DB,,BENCH,4 DOWN,,,COVER 4,,MSST 03,MSST 02,06,08,00; 03; 04,1,11,P,3,L,3,-3,1,0,,,,,0,0,1,0,0,MSST 03,MSST 02,06,00; 03; 04,08,WIDE UNDER,2x2,0,P,MSST 03,0,COVER 4
475,"2507 Mississippi State O vs Florida, PFF Play 107",107,3,3,15,'-20,3,,,8,4,8,P,R,11,TRIPS - OPEN,,,,,,,,,COMPLETE,GF,,,DB,,LOAD,,,,COVER 4,,MSST 00,MSST 02,06,08,00; 03; 04,0,11,P,4,R,-3,8,0,0,,,,,0,0,0,0,0,MSST 00,MSST 02,06,00; 03; 04,08,LOAD,1x3,0,P,MSST 00,0,COVER 4
476,"2507 Mississippi State O vs Florida, PFF Play 116",116,3,0,10,'-13,P,,,9,1,-1,R,R,11,DUO Y OFF,,,,,,,OFF,,,PSTL,,,ZN,,BENCH,4 DOWN,,,COVER 4,,MSST 06,MSST 02,06,08,00; 03; 04,0,11,R,1,R,8,-1,0,,,OUTSIDE ZONE,,,0,0,0,0,0,MSST 06,MSST 02,06,00; 03; 04,08,WIDE UNDER,2x2,0,P,,0,COVER 4
477,"2507 Mississippi State O vs Florida, PFF Play 117",117,3,2,11,'-12,2,,,9,2,6,R,R,11,TRIPS,,,,,,,ON,,,GF,,,ZN,,WIDE OVER,4 DOWN,,,COVER 4,,MSST 06,MSST 02,06,08,00; 03; 04,1,11,R,2,R,-1,6,0,,,INSIDE ZONE,,,0,0,1,0,0,MSST 06,MSST 02,06,00; 03; 04,08,WIDE OVER,1x3,1,R,,0,COVER 4
478,"2507 Mississippi State O vs Florida, PFF Play 118",118,3,3,5,'-18,3,,,9,3,13,P,R,11,TRIPS - OPEN,,,,,,,,,COMPLETE,GF,,,DB,,LOAD,,,,COVER 6,,MSST 03,MSST 02,06,08,00; 03; 04,1,11,P,3,R,6,13,0,0,,,,,0,0,1,0,0,MSST 03,MSST 02,06,00; 03; 04,08,LOAD,1x3,0,R,MSST 03,0,COVER 6
479,"2507 Mississippi State O vs Florida, PFF Play 119",119,3,1,10,'-31,1,,,9,4,7,R,L,11,DUO Y OFF,,,,,,,OFF,,,GF,,,ZN,,ODD,4 DOWN,,,COVER 3 CLOUD,,MSST 06,MSST 02,06,08,00; 03; 04,1,11,R,4,L,13,7,0,,,OUTSIDE ZONE,,,0,0,1,0,0,MSST 06,MSST 02,06,00; 03; 04,08,ODD,2x2,1,P,,0,COVER 3 CLOUD
480,"2507 Mississippi State O vs Florida, PFF Play 120",120,3,2,3,'-38,2,,,9,5,9,P,C,11,DOUBLES,,,,,,,OPEN,,COMPLETE,GF,,,PA,,ODD,4 DOWN,,,COVER 4,,MSST 00,MSST 02,06,08,00; 03; 04,1,11,P,5,C,7,9,0,0,,INSIDE ZONE,,,0,0,1,0,0,MSST 00,MSST 02,06,00; 03; 04,08,ODD,2x2,0,R,MSST 00,0,COVER 4
481,"2507 Mississippi State O vs Florida, PFF Play 121",121,3,1,10,'-47,1,,,9,6,-4,R,L,11,DOUBLES,,,,,,,OPEN,,,GF,QB DRAW,,DRAW,,EVEN,4 DOWN,,,COVER 2,,MSST 06,MSST 02,06,08,00; 03; 04,0,11,R,6,L,9,-4,0,,,DRAW,,,0,0,0,0,0,MSST 06,MSST 02,06,00; 03; 04,08,EVEN,2x2,1,P,,1,COVER 2
482,"2507 Mississippi State O vs Florida, PFF Play 122",122,3,2,14,'-43,2,,,9,7,-7,P,L,11,TRIPS - OPEN,,,,,,,,,SACK,GN,,,PA,MAN,EVEN,4 DOWN,,,COVER 6,,MSST 02,MSST 02,06,08,00; 03; 04,0,11,P,7,L,-4,-7,0,0,,UNDEFINED,,,0,0,0,0,0,MSST 02,MSST 02,06,00; 03; 04,08,EVEN,3x1,0,R,,0,COVER 6
483,"2507 Mississippi State O vs Florida, PFF Play 123",123,3,3,21,'-36,3,,,9,8,14,R,L,11,TRIPS - OPEN,,,,,,,,,,GN,,WK,ZN,,ONE INTERIOR,,,,COVER 2,,MSST 06,MSST 02,06,10,00; 03; 04,0,11,R,8,L,-7,14,0,,,OUTSIDE ZONE,,,0,0,0,0,0,MSST 06,MSST 02,06,00; 03; 04,10,ONE INTERIOR,1x3,0,P,,0,COVER 2
484,"2507 Mississippi State O vs Florida, PFF Play 139",139,4,0,10,'-35,P,,,10,1,12,R,L,11,DUO Y OFF,,,,,,,OFF,,,GF,,,ZN,,WIDE OVER,4 DOWN,,,COVER 4,,MSST 22,MSST 02,22,08,00; 03; 11,0,11,R,1,L,14,12,0,,,OUTSIDE ZONE,,,0,0,0,0,0,MSST 22,MSST 02,22,00; 03; 11,08,WIDE OVER,2x2,0,R,,0,COVER 4
485,"2507 Mississippi State O vs Florida, PFF Play 140",140,4,1,10,'-47,1,,,10,2,46,P,R,11,TREY Y OFF,,,,,,,OFF,,COMPLETE,GN,,,PA,,BENCH,4 DOWN,,,COVER 1,,MSST 00,MSST 02,22,08,00; 03; 11,1,11,P,2,R,12,46,0,0,,POWER,,,0,0,1,0,0,MSST 00,MSST 02,22,00; 03; 11,08,WIDE UNDER,3x1,0,R,MSST 00,0,COVER 1
486,"2507 Mississippi State O vs Florida, PFF Play 141",141,4,1,7,'+7,1,,RA,10,3,1,R,C,11,TREY Y OFF,,,,,,,OFF,,,GN,,STR,ZN,,WIDE OVER,4 DOWN,,,COVER 0,,MSST 22,MSST 02,22,08,00; 03; 11,1,11,R,3,C,46,1,0,,,INSIDE ZONE,,,0,0,1,0,0,MSST 22,MSST 02,22,00; 03; 11,08,WIDE OVER,1x3,1,P,,0,COVER 0
487,"2507 Mississippi State O vs Florida, PFF Play 142",142,4,2,6,'+6,2,,RA,10,4,4,P,C,11,TREY Y OFF,,,,,,,OFF,,COMPLETE,GF,,,PA,,WIDE OVER,4 DOWN,,,RED ZONE,,MSST 06,MSST 02,06,08,00; 03; 11,0,11,P,4,C,1,4,0,0,,OUTSIDE ZONE,,,0,0,0,0,0,MSST 06,MSST 02,06,00; 03; 11,08,WIDE OVER,1x3,0,R,MSST 06,0,RED ZONE
488,"2507 Mississippi State O vs Florida, PFF Play 143",143,4,3,2,'+2,3,SY/GL,RA,10,5,2,R,L,11,SLOT - OPEN,,,,,,,OFF,,,GN,,,ZN,,BENCH,4 DOWN,,,COVER 0,,MSST 06,MSST 02,06,08,00; 03; 11,1,11,R,5,L,4,2,0,,,INSIDE ZONE,,MSST 06,0,0,1,0,0,MSST 06,MSST 02,06,00; 03; 11,08,WIDE UNDER,2x1,0,P,,0,COVER 0
489,"2507 Mississippi State O vs Florida, PFF Play 158",158,4,0,10,'-25,P,,,11,1,20,P,R,11,TRIPS,,,,,,,ON,,COMPLETE,GF,,,PA,,BENCH,4 DOWN,,,COVER 4,,MSST 03,MSST 02,06,08,00; 03; 04,0,11,P,1,R,2,20,0,0,,INSIDE ZONE,,,0,0,0,2,0,MSST 03,MSST 02,06,00; 03; 04,08,WIDE UNDER,1x3,0,R,MSST 03,0,COVER 4
490,"2507 Mississippi State O vs Florida, PFF Play 159",159,4,1,10,'-45,1,,,11,2,0,P,C,11,TRIPS - OPEN,,,,,,,,,INCOMPLETE,GF,,,DB,,BENCH,4 DOWN,,,COVER 6,,MSST 00,MSST 02,06,08,00; 03; 04,1,11,P,2,C,20,,0,0,,,,,0,0,1,2,0,,MSST 02,06,00; 03; 04,08,WIDE UNDER,1x3,0,P,MSST 00,0,COVER 6
491,"2507 Mississippi State O vs Florida, PFF Play 160",160,4,2,10,'-45,2,,,11,3,3,R,C,11,TRIPS - OPEN,,Y MTR,,,,,,,,GF,,,GAP,,BENCH,4 DOWN,,,COVER 6,,MSST 06,MSST 02,06,08,00; 03; 04,1,11,R,3,C,20,3,0,,,COUNTER,,,0,0,1,2,0,MSST 06,MSST 02,06,00; 03; 04,08,WIDE UNDER,1x3,1,P,,0,COVER 6
492,"2507 Mississippi State O vs Florida, PFF Play 161",161,4,3,7,'-48,3,,,11,4,8,R,C,11,TRIPS,,,,,,,ON,,,GF,,,ZN,,LOAD,,,,COVER 6,,MSST 06,MSST 02,06,08,00; 03; 04,1,11,R,4,C,3,8,0,,,INSIDE ZONE,MSST 08 OH,,0,0,1,2,0,MSST 06,MSST 02,06,00; 03; 04,08,LOAD,1x3,1,R,,0,COVER 6
493,"2507 Mississippi State O vs Florida, PFF Play 162",162,4,3,9,'-46,3,,,11,5,-6,P,R,11,DOUBLES,,,,,,,OPEN,BUBBLE SCR,COMPLETE,GN,,,DB,,EVEN,4 DOWN,,,COVER 6,,MSST 03,MSST 02,22,08,00; 03; 04,0,11,P,5,R,8,-6,1,0,,,,,0,0,0,2,0,MSST 03,MSST 02,22,00; 03; 04,08,EVEN,2x2,0,R,MSST 03,0,COVER 6
494,"2507 Mississippi State O vs Florida, PFF Play 163",163,4,4,15,'-40,4,,,11,6,16,P,L,11,TRIPS - OPEN,,,,,,,,,COMPLETE,GF,,,DB,,LOAD,,,,COVER 4,,MSST 00,MSST 02,22,08,00; 03; 04,0,11,P,6,L,-6,16,0,0,,,,,0,0,0,2,0,MSST 00,MSST 02,22,00; 03; 04,08,LOAD,3x1,0,P,MSST 00,0,COVER 4
495,"2507 Mississippi State O vs Florida, PFF Play 164",164,4,1,10,'+44,1,,,11,7,-5,X,R,11,DOUBLES,,,,,,,OPEN,,,GN,,,,,BENCH,4 DOWN,,,,,,MSST 02,22,08,00; 03; 04,1,11,X,7,R,16,,0,,,,MSST 03 FST,,0,0,1,2,0,,MSST 02,22,00; 03; 04,08,WIDE UNDER,2x2,0,P,,0,
496,"2507 Mississippi State O vs Florida, PFF Play 165",165,4,1,15,'+49,1,,,11,8,11,R,R,11,TRIPS - OPEN,,,,,,,,,,GN,,ZN,ZN,,BENCH,4 DOWN,,,COVER 6,,MSST 06,MSST 02,06,08,00; 03; 04,0,11,R,8,R,16,11,0,,,INSIDE ZONE,,,0,0,0,2,0,MSST 06,MSST 02,06,00; 03; 04,08,WIDE UNDER,1x3,0,P,,0,COVER 6
497,"2507 Mississippi State O vs Florida, PFF Play 166",166,4,2,4,'+38,2,,,11,9,0,P,C,11,TRIPS - OPEN,,,,,,,,,INCOMPLETE,GN,,,DB,,BENCH,4 DOWN,,,COVER 6,,MSST 04,MSST 02,06,08,00; 03; 04,1,11,P,9,C,11,,0,0,,,,,0,0,1,2,0,,MSST 02,06,00; 03; 04,08,WIDE UNDER,1x3,0,R,MSST 04,0,COVER 6
498,"2507 Mississippi State O vs Florida, PFF Play 167",167,4,3,4,'+38,3,,,11,10,29,P,C,11,EMPTY 3x2 Y OFF,,,,,,,OFF,,COMPLETE,GEMP,,,DB,,WIDE OVER,4 DOWN,,,COVER 2 MAN,,MSST 08,MSST 02,06,08,03; 11; 18,0,11,P,10,C,11,29,0,0,,,,,0,0,0,2,0,MSST 08,MSST 02,06,03; 11; 18,08,WIDE OVER,2x3,0,P,MSST 08,0,COVER 2 MAN
499,"2507 Mississippi State O vs Florida, PFF Play 168",168,4,1,9,'+9,1,,RA,11,11,1,R,R,11,DOUBLES,,,,,,,OPEN,,,GF,,,GAP,,BENCH,4 DOWN,,,RED ZONE,,MSST 06,MSST 02,06,08,03; 11; 18,1,11,R,11,R,29,1,0,,,COUNTER,,,0,0,1,2,0,MSST 06,MSST 02,06,03; 11; 18,08,WIDE UNDER,2x2,1,P,,0,RED ZONE
500,"2507 Mississippi State O vs Florida, PFF Play 169",169,4,2,8,'+8,2,,RA,11,12,0,P,R,11,TREY Y OFF,,,,,,,OFF,,INCOMPLETE,GF,,,DB,,BENCH,4 DOWN,,,RED ZONE,,MSST 11,MSST 02,06,08,03; 11; 18,0,11,P,12,R,1,,0,0,,,,,0,0,0,2,0,,MSST 02,06,03; 11; 18,08,WIDE UNDER,1x3,0,R,MSST 11,0,RED ZONE
501,"2507 Mississippi State O vs Florida, PFF Play 170",170,4,3,8,'+8,3,,RA,11,13,6,P,R,11,DOUBLES,,Z IN,,,,,OPEN,,INCOMPLETE,GN,,,DB,,WIDE OVER,4 DOWN,,,RED ZONE,,MSST 11,MSST 02,06,08,00; 03; 11,0,11,P,13,R,1,,0,0,,,FLUN D29 DPI,,0,0,0,2,0,,MSST 02,06,00; 03; 11,08,WIDE OVER,2x2,0,P,MSST 11,0,RED ZONE
502,"2507 Mississippi State O vs Florida, PFF Play 171",171,4,1,2,'+2,1,GL,RA,11,14,0,P,R,11,DOUBLES,,,,,,,OPEN,,INCOMPLETE,GN,,,DB,,WIDE OVER,4 DOWN,,,COVER 0,,MSST 11,MSST 02,06,08,00; 03; 11,0,11,P,14,R,1,,0,0,,,,,0,0,0,2,0,,MSST 02,06,00; 03; 11,08,WIDE OVER,2x2,0,P,MSST 11,1,COVER 0
503,"2507 Mississippi State O vs Florida, PFF Play 172",172,4,2,2,'+2,2,GL,RA,11,15,2,R,R,11,ACE YU OFF,,,,,,,OFF,,,GN,,STR,ZN,,WIDE OVER,4 DOWN,,,COVER 0,,MSST 06,MSST 02,06,08,00; 03; 11,0,11,R,15,R,1,2,0,,,INSIDE ZONE,,MSST 06,0,0,0,2,0,MSST 06,MSST 02,06,00; 03; 11,08,WIDE OVER,2x2,1,P,,0,COVER 0
504,"2507 Mississippi State O vs Florida, PFF Play 179",179,4,0,10,'-28,P,,,12,1,18,R,R,11,TRIPS - SLOT,,,,,,,OPEN,,,GEMP,QB DRAW,,DRAW,,BENCH,4 DOWN,,,COVER 2 MAN,,MSST 02,MSST 02,06,08,00; 03; 11,0,11,R,1,R,2,18,0,,,DRAW,,,0,0,0,2,0,MSST 02,MSST 02,06,00; 03; 11,08,WIDE UNDER,2x3,1,R,,0,COVER 2 MAN
505,"2507 Mississippi State O vs Florida, PFF Play 180",180,4,1,10,'-46,1,,,12,2,1,P,R,11,TRIPS - OPEN,,,,,,,,,COMPLETE,GN,,,DB,,BENCH,4 DOWN,,,COVER 2 MAN,,MSST 03,MSST 02,06,08,00; 03; 11,1,11,P,2,R,18,1,0,0,,,,,0,0,1,2,0,MSST 03,MSST 02,06,00; 03; 11,08,WIDE UNDER,1x3,0,R,MSST 03,0,COVER 2 MAN
506,"2507 Mississippi State O vs Florida, PFF Play 181",181,4,2,9,'-47,2,,,12,3,0,P,L,11,DOUBLES,,,,,,,OPEN,,INCOMPLETE,GN,,,DB,,EVEN,4 DOWN,,,COVER 2,,MSST 00,MSST 02,06,08,00; 03; 11,0,11,P,3,L,1,,0,0,,,,,0,0,0,2,0,,MSST 02,06,00; 03; 11,08,EVEN,2x2,0,P,MSST 00,1,COVER 2
507,"2507 Mississippi State O vs Florida, PFF Play 182",182,4,3,9,'-47,3,,,12,4,10,P,L,11,DOUBLES,,,,,,,OPEN,,COMPLETE,GF,,,DB,,EVEN,4 DOWN,,,COVER 2,,MSST 06,MSST 02,06,08,00; 03; 11,0,11,P,4,L,1,10,1,0,,,,,0,0,0,2,0,MSST 06,MSST 02,06,00; 03; 11,08,EVEN,2x2,0,P,MSST 06,0,COVER 2
508,"2507 Mississippi State O vs Florida, PFF Play 183",183,4,1,10,'+43,1,,,12,5,6,P,R,11,TRIPS - OPEN,,,,,,,,,COMPLETE,GN,,,DB,,WIDE OVER,4 DOWN,,,COVER 6,,MSST 03,MSST 02,06,08,00; 03; 11,1,11,P,5,R,10,6,0,0,,,,,0,0,1,2,0,MSST 03,MSST 02,06,00; 03; 11,08,WIDE OVER,1x3,0,P,MSST 03,1,COVER 6
509,"2507 Mississippi State O vs Florida, PFF Play 184",184,4,2,4,'+37,2,,,12,6,8,P,L,11,TRIPS - SLOT,,,,,,,OPEN,,COMPLETE,GEMP,,,DB,,EVEN,4 DOWN,,,COVER 6,,MSST 03,MSST 02,06,08,00; 03; 11,1,11,P,6,L,6,8,0,0,,,,,0,0,1,2,0,MSST 03,MSST 02,06,00; 03; 11,08,EVEN,3x2,0,P,MSST 03,0,COVER 6
510,"2507 Mississippi State O vs Florida, PFF Play 185",185,4,1,10,'+29,1,,,12,7,0,P,L,11,TRIPS - SLOT,,TOZ,,,,,OPEN,,RUN,GEMP,,,SCR,,LOAD,,,,COVER 4,,MSST 02,MSST 02,06,08,00; 09; 11,0,11,P,7,L,8,0,0,0,,DRAW,,,0,0,0,2,0,MSST 02,MSST 02,06,00; 09; 11,08,LOAD,3x2,1,P,,1,COVER 4
511,"2507 Mississippi State O vs Florida, PFF Play 186",186,4,2,10,'+29,2,,,12,8,0,P,L,11,DOUBLES,,,,,,,OPEN,,INTERCEPTION,GN,,,DB,,LOAD,,,,COVER 0,,MSST 08,MSST 02,06,08,00; 09; 11,0,11,P,8,L,0,,0,0,,,,,0,0,0,2,0,,MSST 02,06,00; 09; 11,08,LOAD,2x2,0,P,MSST 08,1,COVER 0
512,"2508 Mississippi State O vs Texas, PFF Play 002",2,1,0,10,'-25,P,,,1,1,-1,R,R,10,QUADS - NIX,,,,,,,,,,GN,,,ZN,,BENCH,4 DOWN,,,COVER 1,,MSST 06,MSST 02,06,,00; 03; 09; 11,0,10,R,1,R,,-1,0,,,OUTSIDE ZONE,,,0,0,0,0,0,MSST 06,MSST 02,06,00; 03; 09; 11,,WIDE UNDER,0x4,1,,,1,COVER 1
513,"2508 Mississippi State O vs Texas, PFF Play 003",3,1,2,11,'-24,2,,,1,2,8,R,R,10,TRIPS - OPEN,,,,,,,,,,GN,,WK,ZN,,WIDE OVER,4 DOWN,,,COVER 3 SEAM,,MSST 06,MSST 02,06,,00; 03; 09; 11,1,10,R,2,R,-1,8,0,,,OUTSIDE ZONE,,,0,0,1,0,0,MSST 06,MSST 02,06,00; 03; 09; 11,,WIDE OVER,1x3,1,R,,0,COVER 3 SEAM
514,"2508 Mississippi State O vs Texas, PFF Play 004",4,1,3,3,'-32,3,,,1,3,0,P,R,10,DOUBLES,,,,,,,OPEN,,INCOMPLETE,GN,,,DB,,ODD,4 DOWN,,,COVER 3,,MSST 06,MSST 02,06,,00; 03; 09; 11,1,10,P,3,R,8,,0,0,,,,,0,0,1,0,0,,MSST 02,06,00; 03; 09; 11,,ODD,2x2,0,R,MSST 06,0,COVER 3
515,"2508 Mississippi State O vs Texas, PFF Play 010",10,1,0,10,'-25,P,,,2,1,5,R,L,12,SLOT - WING,,,,,,,,,,GN,,STR,GAP,,WIDE OVER,4 DOWN,,,COVER 3 SEAM,,MSST 06,MSST 02,06,08; 10,00; 03,0,12,R,1,L,8,5,0,,,COUNTER,,,0,0,0,0,0,MSST 06,MSST 02,06,00; 03,08; 10,WIDE OVER,2x2,0,P,,0,COVER 3 SEAM
516,"2508 Mississippi State O vs Texas, PFF Play 011",11,1,2,5,'-30,2,,,2,2,2,R,L,12,TREY U HIP,,,,,,,PRO,,,PSTL,,,ZN,,ODD,5 DOWN,,,COVER 3,,MSST 06,MSST 02,06,08; 10,00; 03,1,12,R,2,L,5,2,0,,,MAN,,,0,0,1,0,0,MSST 06,MSST 02,06,00; 03,08; 10,ODD,3x1,0,R,,1,COVER 3
517,"2508 Mississippi State O vs Texas, PFF Play 012",12,1,3,3,'-32,3,,,2,3,0,P,L,12,QUADS WING - NIX,,,,,,,,,INCOMPLETE,GN,,,PA,,EVEN,4 DOWN,,,COVER 1,,MSST 08,MSST 02,06,08; 10,00; 03,1,12,P,3,L,2,,0,0,,INSIDE ZONE,,,0,0,1,0,0,,MSST 02,06,00; 03,08; 10,EVEN,4x0,1,R,MSST 08,1,COVER 1
518,"2508 Mississippi State O vs Texas, PFF Play 018",18,1,0,10,'-40,P,,,3,1,0,P,R,11 (+Q),TREY Y OFF,,,,,,,OFF,,INCOMPLETE,GN,,,PA,,BENCH,4 DOWN,,,COVER 3,,MSST 87,MSST 02,22,87,00; 09,0,11 (+Q),P,1,R,2,,0,0,,TRICK,,,0,0,0,0,0,,MSST 02,22,00; 09,87,WIDE UNDER,0x4,0,P,MSST 87,0,COVER 3
519,"2508 Mississippi State O vs Texas, PFF Play 019",19,1,2,10,'-40,2,,,3,2,15,P,R,11,DOUBLES,,,,,,,OPEN,,INCOMPLETE,GF,,,PA,,BENCH,4 DOWN,,,COVER 1,,MSST 03,MSST 02,22,08,03; 04; 18,0,11,P,2,R,2,,0,0,,MAN,TXUN D29 DPI,,0,0,0,0,0,,MSST 02,22,03; 04; 18,08,WIDE UNDER,2x2,1,P,MSST 03,1,COVER 1
520,"2508 Mississippi State O vs Texas, PFF Play 020",20,1,1,10,'+45,1,,,3,3,1,R,R,11,TRIPS - OPEN,,,,,,,,,,GN,,,ZN,,OVER,4 DOWN,,,COVER 3 SEAM,,MSST 22,MSST 02,22,08,03; 04; 18,0,11,R,3,R,2,1,0,,,OUTSIDE ZONE,,,0,0,0,0,0,MSST 22,MSST 02,22,03; 04; 18,08,OVER,1x3,1,P,,0,COVER 3 SEAM
521,"2508 Mississippi State O vs Texas, PFF Play 021",21,1,2,9,'+44,2,,,3,4,15,P,R,11,DOUBLES,,,,,,,OPEN,,COMPLETE,GN,,,DB,,BENCH,4 DOWN,,,COVER 2,,MSST 08,MSST 02,22,08,00; 03; 04,1,11,P,4,R,1,15,0,0,,,,,0,0,1,0,0,MSST 08,MSST 02,22,00; 03; 04,08,WIDE UNDER,2x2,0,R,MSST 08,1,COVER 2
522,"2508 Mississippi State O vs Texas, PFF Play 022",22,1,1,10,'+29,1,,,3,5,0,R,L,11,DUO Y OFF,,,,,,,OFF,,,GF,,,ZN,,WIDE OVER,4 DOWN,,,COVER 3 SEAM,,MSST 22,MSST 02,22,08,00; 03; 04,1,11,R,5,L,15,0,0,,,OUTSIDE ZONE,,,0,0,1,0,0,MSST 22,MSST 02,22,00; 03; 04,08,WIDE OVER,2x2,0,P,,0,COVER 3 SEAM
523,"2508 Mississippi State O vs Texas, PFF Play 023",23,1,2,10,'+29,2,,,3,6,0,P,L,11,DOUBLES,,,,,,,OPEN,,INCOMPLETE,GF,,,DB,,BENCH,4 DOWN,,,COVER 3,,MSST 03,MSST 02,06,08,00; 03; 04,1,11,P,6,L,0,,0,0,,,,,0,0,1,0,0,,MSST 02,06,00; 03; 04,08,WIDE UNDER,2x2,0,R,MSST 03,1,COVER 3
524,"2508 Mississippi State O vs Texas, PFF Play 024",24,1,3,10,'+29,3,,,3,7,0,P,L,11,DOUBLES,,,,,,,OPEN,,BATTED PASS,GF,,,DB,,ONE INTERIOR,,,,COVER 2,,,MSST 02,06,08,00; 03; 11,0,11,P,7,L,0,,0,0,,,,,0,0,0,0,0,,MSST 02,06,00; 03; 11,08,ONE INTERIOR,2x2,0,P,,0,COVER 2
525,"2508 Mississippi State O vs Texas, PFF Play 030",30,1,0,10,'-47,P,,,4,1,10,P,R,11,DUO Y OFF,,,,,,,OFF,BUBBLE SCR,COMPLETE,GN,,,PA,MAN,ODD,4 DOWN,,,COVER 3 SEAM,,MSST 08,MSST 02,06,08,00; 03; 11,0,11,P,1,R,0,10,1,0,,INSIDE ZONE,,,0,0,0,0,0,MSST 08,MSST 02,06,00; 03; 11,08,ODD,2x2,1,P,MSST 08,0,COVER 3 SEAM
526,"2508 Mississippi State O vs Texas, PFF Play 031",31,1,1,10,'+43,1,,,4,2,10,R,R,11,DUO Y OFF,,,,,,,OFF,,,GN,,,ZN,,WIDE OVER,4 DOWN,,,COVER 3,,MSST 06,MSST 02,06,08,00; 03; 11,1,11,R,2,R,10,10,0,,,OUTSIDE ZONE,,,0,0,1,0,0,MSST 06,MSST 02,06,00; 03; 11,08,WIDE OVER,2x2,1,P,,0,COVER 3
527,"2508 Mississippi State O vs Texas, PFF Play 032",32,1,1,10,'+33,1,,,4,3,20,P,L,11,DOUBLES,,,,,,,OPEN,,COMPLETE,GN,,,PA,MAN,UNDER,4 DOWN,,,COVER 3,,MSST 03,MSST 02,06,08,00; 03; 11,1,11,P,3,L,10,20,0,0,,MAN,,,0,0,1,0,0,MSST 03,MSST 02,06,00; 03; 11,08,UNDER,2x2,1,R,MSST 03,0,COVER 3
528,"2508 Mississippi State O vs Texas, PFF Play 033",33,1,1,10,'+13,1,,RA,4,4,0,R,L,11,DUO Y OFF,,,,,,,OFF,,,GF,,,GAP,,WIDE OVER,4 DOWN,,,COVER 1,,MSST 06,MSST 02,06,08,00; 03; 11,1,11,R,4,L,20,0,0,,,POWER,,,0,0,1,0,0,MSST 06,MSST 02,06,00; 03; 11,08,WIDE OVER,2x2,1,P,,0,COVER 1
529,"2508 Mississippi State O vs Texas, PFF Play 034",34,1,2,10,'+13,2,,RA,4,5,0,R,L,11,DOUBLES,,Y MTR,,,,,OPEN,,,GF,,STR,ZN,,BENCH,4 DOWN,,,COVER 1,,MSST 06,MSST 02,06,87,00; 03; 11,0,11,R,5,L,0,0,0,,,INSIDE ZONE,,,0,0,0,0,0,MSST 06,MSST 02,06,00; 03; 11,87,WIDE UNDER,2x2,1,R,,0,COVER 1
530,"2508 Mississippi State O vs Texas, PFF Play 035",35,1,3,10,'+13,3,,RA,4,6,13,P,L,11,PRO - OPEN,,,,,,,OFF,,COMPLETE,GS,,,DB,,WIDE OVER,4 DOWN,,,COVER 3,,MSST 87,MSST 02,06,87,00; 03; 11,0,11,P,6,L,0,13,0,0,,,,MSST 87,0,0,0,0,0,MSST 87,MSST 02,06,00; 03; 11,87,WIDE OVER,2x1,0,R,MSST 87,0,COVER 3
531,"2508 Mississippi State O vs Texas, PFF Play 044",44,1,0,10,'-28,P,,,5,1,3,R,L,11,DOUBLES,,,,,,,OPEN,,,GN,,STR,GAP,,BENCH,4 DOWN,,,COVER 1,,MSST 02,MSST 02,06,08,00; 03; 11,0,11,R,1,L,13,3,0,,,POWER,,,0,0,0,0,0,MSST 02,MSST 02,06,00; 03; 11,08,WIDE UNDER,2x2,0,P,,0,COVER 1
532,"2508 Mississippi State O vs Texas, PFF Play 045",45,1,2,7,'-31,2,,,5,2,6,R,L,11,TRIPS - OPEN,,,,,,,,,,GN,,,ZN,,BENCH,4 DOWN,,,COVER 3,,MSST 06,MSST 02,06,08,00; 03; 11,1,11,R,2,L,3,6,0,,,INSIDE ZONE,,,0,0,1,0,0,MSST 06,MSST 02,06,00; 03; 11,08,WIDE UNDER,3x1,1,R,,0,COVER 3
533,"2508 Mississippi State O vs Texas, PFF Play 046",46,1,3,1,'-37,3,SY,,5,3,0,R,L,11,PRO - OPEN,,,,,,,OFF,,,GF,,,ZN,,BENCH,4 DOWN,,,COVER 1,,MSST 06,MSST 02,06,08,03; 11; 18,1,11,R,3,L,6,0,0,,,INSIDE ZONE,,,0,0,1,0,0,MSST 06,MSST 02,06,03; 11; 18,08,WIDE UNDER,2x1,1,R,,1,COVER 1
534,"2508 Mississippi State O vs Texas, PFF Play 047",47,1,4,1,'-37,4,SY,,5,4,0,R,L,11,PRO - OPEN,,,,,,,OFF,,,GF,,STR,ZN,,BENCH,4 DOWN,,,COVER 0,,MSST 06,MSST 02,06,08,03; 11; 18,1,11,R,4,L,0,0,0,,,INSIDE ZONE,,,0,0,1,0,0,MSST 06,MSST 02,06,03; 11; 18,08,WIDE UNDER,2x1,1,R,,1,COVER 0
535,"2508 Mississippi State O vs Texas, PFF Play 062",62,2,0,10,'-17,P,,,6,1,2,R,L,10,DOUBLES,,,,,,,OPEN,,,GN,,,ZN,,ODD,4 DOWN,,,COVER 3,,MSST 22,MSST 02,22,,00; 03; 09; 11,0,10,R,1,L,0,2,0,,,OUTSIDE ZONE,,,0,0,0,0,0,MSST 22,MSST 02,22,00; 03; 09; 11,,ODD,2x2,1,R,,0,COVER 3
536,"2508 Mississippi State O vs Texas, PFF Play 063",63,2,2,8,'-19,2,,,6,2,26,P,L,10,TRIPS - OPEN,,H IN,,,,,,,COMPLETE,GF,,,PA,,BENCH,4 DOWN,,,COVER 3,,MSST 03,MSST 02,22,,00; 03; 09; 11,1,10,P,2,L,2,26,0,0,,UNDEFINED,,,0,0,1,0,0,MSST 03,MSST 02,22,00; 03; 09; 11,,WIDE UNDER,3x1,0,R,MSST 03,0,COVER 3
537,"2508 Mississippi State O vs Texas, PFF Play 064",64,2,1,10,'-45,1,,,6,3,12,R,L,10,DOUBLES,,,,,,,OPEN,,,GN,,,ZN,,BENCH,4 DOWN,,,COVER 1,,MSST 02,MSST 02,22,,00; 03; 09; 11,1,10,R,3,L,26,12,0,,,INSIDE ZONE,,,0,0,1,0,0,MSST 02,MSST 02,22,00; 03; 09; 11,,WIDE UNDER,2x2,0,P,,1,COVER 1
538,"2508 Mississippi State O vs Texas, PFF Play 065",65,2,1,10,'+43,1,,,6,4,2,R,R,11,DUO Y OFF,,,,,,,OFF,,,GN,,,GAP,,BENCH,4 DOWN,,,COVER 1,,MSST 06,MSST 02,06,08,00; 03; 11,0,11,R,4,R,12,2,0,,,POWER,,,0,0,0,0,0,MSST 06,MSST 02,06,00; 03; 11,08,WIDE UNDER,2x2,1,R,,1,COVER 1
539,"2508 Mississippi State O vs Texas, PFF Play 066",66,2,2,8,'+41,2,,,6,5,5,P,R,11,DUO Y OFF,,,,,,,OFF,,COMPLETE,GN,,,PA,,EVEN,4 DOWN,,,COVER 2,,MSST 03,MSST 02,06,08,00; 03; 11,1,11,P,5,R,2,5,0,0,,POWER,,,0,0,1,0,0,MSST 03,MSST 02,06,00; 03; 11,08,EVEN,2x2,0,R,MSST 03,0,COVER 2
540,"2508 Mississippi State O vs Texas, PFF Play 067",67,2,3,3,'+36,3,,,6,6,5,R,L,11,SLOT - OPEN,,,,,,,OFF,,,GF,,STR,ZN,,BENCH,4 DOWN,,,COVER 1,,MSST 06,MSST 02,06,08,00; 03; 11,1,11,R,6,L,5,5,0,,,INSIDE ZONE,,,0,0,1,0,0,MSST 06,MSST 02,06,00; 03; 11,08,WIDE UNDER,2x1,0,P,,1,COVER 1
541,"2508 Mississippi State O vs Texas, PFF Play 068",68,2,1,10,'+31,1,,,6,7,24,P,L,11,SLOT - OPEN,,,,,,,OFF,,COMPLETE,GF,,,PA,,ODD,4 DOWN,,,COVER 3,,MSST 00,MSST 02,06,08,00; 03; 11,1,11,P,7,L,5,24,0,0,,MAN,,,0,0,1,0,0,MSST 00,MSST 02,06,00; 03; 11,08,ODD,2x1,0,R,MSST 00,0,COVER 3
542,"2508 Mississippi State O vs Texas, PFF Play 069",69,2,1,7,'+7,1,,RA,6,8,0,P,L,11,DOUBLES,,,,,,,OPEN,,INCOMPLETE,GF,,,PA,,BENCH,4 DOWN,,,COVER 1,,MSST 00,MSST 02,06,08,00; 03; 11,1,11,P,8,L,24,,0,0,,MAN,,,0,0,1,0,0,,MSST 02,06,00; 03; 11,08,WIDE UNDER,2x2,1,P,MSST 00,1,COVER 1
543,"2508 Mississippi State O vs Texas, PFF Play 070",70,2,2,7,'+7,2,,RA,6,9,6,R,L,11,TREY Y OFF,,,,,,,OFF,,,GF,,,ZN,,WIDE OVER,4 DOWN,,,COVER 1,,MSST 06,MSST 02,06,08,03; 11; 18,0,11,R,9,L,24,6,0,,,OUTSIDE ZONE,,,0,0,0,0,0,MSST 06,MSST 02,06,03; 11; 18,08,WIDE OVER,3x1,1,P,,0,COVER 1
544,"2508 Mississippi State O vs Texas, PFF Play 071",71,2,3,1,'+1,3,SY/GL,RA,6,10,0,P,L,11,PRO - OPEN,,,,,,,OFF,,THROWN AWAY,GF,,,PA,,DBL PLUG,4 DOWN,,,COVER 0,,,MSST 02,06,08,03; 11; 18,1,11,P,10,L,6,,1,0,,MAN,,,0,0,1,0,0,,MSST 02,06,03; 11; 18,08,DOUBLE PLUG,1x2,1,R,,1,COVER 0
545,"2508 Mississippi State O vs Texas, PFF Play 072",72,2,4,1,'+1,4,SY/GL,RA,6,11,1,P,C,13,KING U OFF B HIP,,,,,,,,,COMPLETE,GN,,,PA,,BENCH,4 DOWN,,,COVER 0,,MSST 08,MSST 01,06,08; 10; 87,00,0,13,P,11,C,6,1,0,0,,MAN,,MSST 08,0,0,0,0,0,MSST 08,MSST 01,06,00,08; 10; 87,WIDE UNDER,2x1,0,P,MSST 08,1,COVER 0
546,"2508 Mississippi State O vs Texas, PFF Play 082",82,2,0,10,'-8,P,,,7,1,12,P,R,11,DOUBLES,,,,,,,OPEN,,COMPLETE,GN,,,PA,,BENCH,4 DOWN,,,COVER 3 SEAM,,MSST 00,MSST 02,06,08,00; 03; 04,0,11,P,1,R,1,12,0,0,,INSIDE ZONE,,,0,0,0,0,0,MSST 00,MSST 02,06,00; 03; 04,08,WIDE UNDER,2x2,1,P,MSST 00,0,COVER 3 SEAM
547,"2508 Mississippi State O vs Texas, PFF Play 083",83,2,1,10,'-20,1,,,7,2,0,P,L,11,DOUBLES,,,,,,,OPEN,,INCOMPLETE,GF,,,PA,,WIDE OVER,4 DOWN,,,COVER 3 SEAM,,MSST 06,MSST 02,06,08,00; 03; 04,1,11,P,2,L,12,,0,0,,UNDEFINED,,,0,0,1,0,0,,MSST 02,06,00; 03; 04,08,WIDE OVER,2x2,0,P,MSST 06,0,COVER 3 SEAM
548,"2508 Mississippi State O vs Texas, PFF Play 084",84,2,2,10,'-20,2,,,7,3,0,P,L,11,TRIPS - SLOT,,TOZ,,,,,OPEN,,THROWN AWAY,GEMP,,,DB,,EVEN,4 DOWN,,,COVER 3,,,MSST 02,06,08,00; 03; 04,0,11,P,3,L,12,,0,0,,,,,0,0,0,0,0,,MSST 02,06,00; 03; 04,08,EVEN,3x2,0,P,,1,COVER 3
549,"2508 Mississippi State O vs Texas, PFF Play 085",85,2,3,10,'-20,3,,,7,4,0,P,L,11,TRIPS - OPEN,,,,,,,,,INCOMPLETE,GF,,,DB,,ONE INTERIOR,,,,COVER 3,,MSST 06,MSST 02,06,08,00; 03; 04,0,11,P,4,L,12,,0,0,,,,,0,0,0,0,0,,MSST 02,06,00; 03; 04,08,ONE INTERIOR,3x1,0,P,MSST 06,0,COVER 3
550,"2508 Mississippi State O vs Texas, PFF Play 088",88,2,0,10,'+40,P,,,8,1,8,R,R,12,TREY Y OFF,,,,,,,,,,GN,,,ZN,,EVEN,4 DOWN,,,COVER 4,,MSST 06,MSST 02,06,08; 10,00; 03,0,12,R,1,R,12,8,0,,,OUTSIDE ZONE,,,0,0,0,0,0,MSST 06,MSST 02,06,00; 03,08; 10,EVEN,0x3,1,P,,0,COVER 4
551,"2508 Mississippi State O vs Texas, PFF Play 089",89,2,2,2,'+32,2,,,8,2,1,R,R,12,TREY Y OFF,,,,,,,,,,GN,,,ZN,,WIDE OVER,4 DOWN,,,COVER 3,,MSST 06,MSST 02,06,08; 10,00; 03,1,12,R,2,R,8,1,0,,,OUTSIDE ZONE,,,0,0,1,0,0,MSST 06,MSST 02,06,00; 03,08; 10,WIDE OVER,0x3,1,R,,0,COVER 3
552,"2508 Mississippi State O vs Texas, PFF Play 090",90,2,3,1,'+31,3,SY,,8,3,22,R,R,12,PRO - OPEN,,,,,,,OFF,,,GF,Q SPL ZN,,ZN,,UNDER,5 DOWN,,,COVER 2,,MSST 06,MSST 02,06,08; 10,00; 03,0,12,R,3,R,1,22,0,,,INSIDE ZONE,,,0,0,0,0,0,MSST 06,MSST 02,06,00; 03,08; 10,UNDER,1x2,0,R,,0,COVER 2
553,"2508 Mississippi State O vs Texas, PFF Play 091",91,2,1,9,'+9,1,,RA,8,4,4,R,C,12,PRO - OPEN,,,,,,,OFF,,,GF,,,ZN,,WIDE OVER,4 DOWN,,,COVER 0,,MSST 06,MSST 02,06,08; 10,00; 03,1,12,R,4,C,22,4,0,,,INSIDE ZONE,,,0,0,1,0,0,MSST 06,MSST 02,06,00; 03,08; 10,WIDE OVER,1x2,0,R,,0,COVER 0
554,"2508 Mississippi State O vs Texas, PFF Play 092",92,2,2,5,'+5,2,GL,RA,8,5,-6,R,C,12,PRO - OPEN,,,,,,,OFF,,,PSTL,,,ZN,,WIDE OVER,4 DOWN,,,COVER 0,,MSST 02,MSST 02,06,08; 10,00; 03,0,12,R,5,C,4,-6,0,,,MAN,,,0,0,0,0,0,MSST 02,MSST 02,06,00; 03,08; 10,WIDE OVER,1x2,0,R,,0,COVER 0
555,"2508 Mississippi State O vs Texas, PFF Play 093",93,2,3,11,'+11,3,,RA,8,6,5,P,R,11,DOUBLES,,,,,,,OPEN,,COMPLETE,GF,,,DB,,BENCH,4 DOWN,,,RED ZONE,,MSST 22,MSST 02,22,08,00; 03; 11,0,11,P,6,R,-6,5,0,0,,,,,0,0,0,0,0,MSST 22,MSST 02,22,00; 03; 11,08,WIDE UNDER,2x2,0,R,MSST 22,0,RED ZONE
556,"2508 Mississippi State O vs Texas, PFF Play 100",100,2,0,10,'-40,P,,,9,1,3,R,L,11,TRIPS - OPEN,,,,,,,,,,GF,,STR,ZN,,EVEN,4 DOWN,,,COVER 3,,MSST 02,MSST 02,22,08,00; 03; 11,0,11,R,1,L,5,3,0,,,INSIDE ZONE,,,0,0,0,2,0,MSST 02,MSST 02,22,00; 03; 11,08,EVEN,3x1,1,P,,0,COVER 3
557,"2508 Mississippi State O vs Texas, PFF Play 101",101,2,2,7,'-43,2,,,9,2,11,P,C,11,DOUBLES,,,,,,,OPEN,,COMPLETE,GN,,,DB,,ONE INTERIOR,,,,COVER 3 SEAM,,MSST 11,MSST 02,22,08,00; 03; 11,1,11,P,2,C,3,11,0,0,,,,,0,0,1,2,0,MSST 11,MSST 02,22,00; 03; 11,08,ONE INTERIOR,2x2,0,R,MSST 11,0,COVER 3 SEAM
558,"2508 Mississippi State O vs Texas, PFF Play 102",102,2,1,10,'+46,1,,,9,3,7,P,R,11,DOUBLES,,,,,,,OPEN,,COMPLETE,GN,,,DB,,BENCH,4 DOWN,,,COVER 3 SEAM,,MSST 11,MSST 02,22,08,00; 03; 11,1,11,P,3,R,11,7,0,0,,,,,0,0,1,2,0,MSST 11,MSST 02,22,00; 03; 11,08,WIDE UNDER,2x2,0,P,MSST 11,0,COVER 3 SEAM
559,"2508 Mississippi State O vs Texas, PFF Play 103",103,2,2,3,'+39,2,,,9,4,15,P,R,11,DOUBLES,,,,,,,OPEN,,COMPLETE,GN,,,DB,,BENCH,4 DOWN,,,COVER 2,,MSST 08,MSST 02,22,08,00; 03; 11,1,11,P,4,R,7,15,0,0,,,,,0,0,1,2,0,MSST 08,MSST 02,22,00; 03; 11,08,WIDE UNDER,2x2,0,P,MSST 08,0,COVER 2
560,"2508 Mississippi State O vs Texas, PFF Play 104",104,2,1,10,'+24,1,,RA,9,5,1,P,L,11,DOUBLES,,,,,,,OPEN,,RUN,GF,,,DB,,BENCH,4 DOWN,,,COVER 1,,MSST 02,MSST 02,22,08,00; 03; 11,1,11,P,5,L,15,1,0,0,,,,,0,0,1,2,0,MSST 02,MSST 02,22,00; 03; 11,08,WIDE UNDER,2x2,0,P,,0,COVER 1
561,"2508 Mississippi State O vs Texas, PFF Play 105",105,2,2,9,'+23,2,,RA,9,6,23,P,L,11,TRIPS - OPEN,,Y MTR,,,,,,,COMPLETE,GN,,,DB,,EVEN,4 DOWN,,,COVER 3 SEAM,,MSST 00,MSST 02,06,08,00; 03; 11,0,11,P,6,L,1,23,0,0,,,,MSST 00,0,0,0,2,0,MSST 00,MSST 02,06,00; 03; 11,08,EVEN,3x1,0,P,MSST 00,0,COVER 3 SEAM
562,"2508 Mississippi State O vs Texas, PFF Play 123",123,3,0,10,'-20,P,,,10,1,11,R,R,11,DOUBLES,,,,,,,OPEN,,,GN,,,ZN,,WIDE OVER,4 DOWN,,,COVER 1,,MSST 06,MSST 02,06,08,00; 03; 11,0,11,R,1,R,23,11,0,,,OUTSIDE ZONE,,,0,0,0,0,0,MSST 06,MSST 02,06,00; 03; 11,08,WIDE OVER,2x2,1,P,,1,COVER 1
563,"2508 Mississippi State O vs Texas, PFF Play 124",124,3,1,10,'-31,1,,,10,2,0,P,R,11,DUO Y OFF,,,,,,,OFF,,INCOMPLETE,GN,,,PA,,EVEN,4 DOWN,,,COVER 3,,MSST 11,MSST 02,06,08,00; 03; 11,1,11,P,2,R,11,,1,0,,POWER,,,0,0,1,0,0,,MSST 02,06,00; 03; 11,08,EVEN,2x2,1,R,MSST 11,1,COVER 3
564,"2508 Mississippi State O vs Texas, PFF Play 125",125,3,2,10,'-31,2,,,10,3,5,X,R,11,TREY Y OFF,,,,,,,OFF,,,GN,,,,,BENCH,4 DOWN,,,,,,MSST 02,06,08,00; 03; 11,0,11,X,3,R,11,,0,,,,TXUN D01 NZI,,0,0,0,0,0,,MSST 02,06,00; 03; 11,08,WIDE UNDER,1x3,0,P,,0,
565,"2508 Mississippi State O vs Texas, PFF Play 126",126,3,2,5,'-36,2,,,10,4,0,R,R,11,TRIPS - OPEN,,,,,,,,,,GN,,,ZN,,BENCH,4 DOWN,,,COVER 1,,MSST 06,MSST 02,06,08,00; 03; 11,0,11,R,4,R,11,0,0,,,INSIDE ZONE,,,0,0,0,0,0,MSST 06,MSST 02,06,00; 03; 11,08,WIDE UNDER,1x3,1,P,,1,COVER 1
566,"2508 Mississippi State O vs Texas, PFF Play 127",127,3,3,5,'-36,3,,,10,5,4,P,R,11,DOUBLES,,,,,,,OPEN,,RUN,GF,,,DB,,BENCH,4 DOWN,,,COVER 2,,MSST 02,MSST 02,06,08,00; 03; 04,1,11,P,5,R,0,4,0,0,,,,,0,0,1,0,0,MSST 02,MSST 02,06,00; 03; 04,08,WIDE UNDER,2x2,0,R,,1,COVER 2
567,"2508 Mississippi State O vs Texas, PFF Play 133",133,3,0,10,'-32,P,,,11,1,-5,P,C,10,DOUBLES,,,,,,,OPEN,,HIT AS THREW,GF,,,PA,,WIDE OVER,4 DOWN,,,COVER 3,,,MSST 02,22,,00; 03; 09; 11,0,10,P,1,C,4,,0,0,,INSIDE ZONE,MSST 72 IDP,,0,0,0,0,0,,MSST 02,22,00; 03; 09; 11,,WIDE OVER,2x2,1,P,,1,COVER 3
568,"2508 Mississippi State O vs Texas, PFF Play 134",134,3,1,15,'-27,1,,,11,2,18,P,C,10,DOUBLES,,,,,,,OPEN,,COMPLETE,GF,,,DB,,WIDE OVER,4 DOWN,,,COVER 3 SEAM,,MSST 11,MSST 02,22,,00; 03; 09; 11,0,10,P,2,C,4,18,0,0,,MAN,,,0,0,0,0,0,MSST 11,MSST 02,22,00; 03; 09; 11,,WIDE OVER,2x2,1,P,MSST 11,0,COVER 3 SEAM
569,"2508 Mississippi State O vs Texas, PFF Play 135",135,3,1,10,'-45,1,,,11,3,0,P,R,10,TRIPS - OPEN,,,,,,,,,INCOMPLETE,GF,,,DB,,BENCH,4 DOWN,,,COVER 3,,MSST 03,MSST 02,22,,00; 03; 09; 11,1,10,P,3,R,18,,0,0,,,,,0,0,1,0,0,,MSST 02,22,00; 03; 09; 11,,WIDE UNDER,1x3,0,P,MSST 03,0,COVER 3
570,"2508 Mississippi State O vs Texas, PFF Play 136",136,3,2,10,'-45,2,,,11,4,3,P,R,11,TRIPS - OPEN,,,,,,,,,COMPLETE,GN,,,PA,,EVEN,4 DOWN,,,COVER 3,,MSST 09,MSST 02,06,87,04; 09; 18,0,11,P,4,R,18,3,0,0,,OUTSIDE ZONE,,,0,0,0,0,0,MSST 09,MSST 02,06,04; 09; 18,87,EVEN,1x3,0,P,MSST 09,1,COVER 3
571,"2508 Mississippi State O vs Texas, PFF Play 137",137,3,3,7,'-48,3,,,11,5,5,R,L,11,TRIPS - OPEN,,,,,,,,,,GF,,,ZN,,BENCH,4 DOWN,,,COVER 2,,MSST 02,MSST 02,06,87,04; 09; 18,0,11,R,5,L,3,5,0,,,INSIDE ZONE,,,0,0,0,0,0,MSST 02,MSST 02,06,04; 09; 18,87,WIDE UNDER,3x1,1,P,,0,COVER 2
572,"2508 Mississippi State O vs Texas, PFF Play 138",138,3,4,2,'+47,4,SY,,11,6,-10,P,L,11,DOUBLES,,,,,,,OPEN,,SACK,GN,,,DB,,BEAR,,,,COVER 1,,MSST 02,MSST 02,06,08,00; 03; 11,0,11,P,6,L,5,-10,0,0,,,,,0,0,0,0,0,MSST 02,MSST 02,06,00; 03; 11,08,BEAR,2x2,0,R,,0,COVER 1
573,"2508 Mississippi State O vs Texas, PFF Play 143",143,3,0,10,'-20,P,,,12,1,3,R,R,11,DUO Y OFF,,,,,,,OFF,,,GN,,,ZN,,WIDE OVER,4 DOWN,,,COVER 1,,MSST 06,MSST 02,06,08,00; 03; 11,0,11,R,1,R,-10,3,0,,,OUTSIDE ZONE,,,0,0,0,0,0,MSST 06,MSST 02,06,00; 03; 11,08,WIDE OVER,2x2,1,P,,1,COVER 1
574,"2508 Mississippi State O vs Texas, PFF Play 144",144,3,2,7,'-23,2,,,12,2,-6,P,C,11,DOUBLES,,,,,,,OPEN,,SACK,GN,,,PA,,EVEN,4 DOWN,,,COVER 3,,MSST 02,MSST 02,06,08,00; 03; 11,0,11,P,2,C,3,-6,0,0,,OUTSIDE ZONE,,,0,0,0,0,0,MSST 02,MSST 02,06,00; 03; 11,08,EVEN,2x2,1,R,,1,COVER 3
575,"2508 Mississippi State O vs Texas, PFF Play 145",145,3,3,13,'-17,3,,,12,3,21,P,C,11,TRIPS - OPEN,,,,,,,,,COMPLETE,GN,,,DB,,ONE INTERIOR,,,,COVER 2,,MSST 06,MSST 02,06,08,00; 03; 11,0,11,P,3,C,-6,21,1,0,,,,,0,0,0,0,0,MSST 06,MSST 02,06,00; 03; 11,08,ONE INTERIOR,1x3,0,P,MSST 06,0,COVER 2
576,"2508 Mississippi State O vs Texas, PFF Play 146",146,3,1,10,'-38,1,,,12,4,33,P,R,11,TRIPS - OPEN,,,,,,,,,COMPLETE,GN,,,PA,,ONE INTERIOR,,,,COVER 3,,MSST 11,MSST 02,06,08,00; 03; 11,1,11,P,4,R,21,33,0,0,,MAN,TXUN D04 UNRd,,0,0,1,0,0,MSST 11,MSST 02,06,00; 03; 11,08,ONE INTERIOR,1x3,1,P,MSST 11,0,COVER 3
577,"2508 Mississippi State O vs Texas, PFF Play 147",147,3,1,10,'+15,1,,RA,12,5,11,P,R,11,DOUBLES,,,,,,,OPEN,,COMPLETE,GF,,,DB,,BENCH,4 DOWN,,,COVER 1,,MSST 08,MSST 02,06,08,00; 03; 11,0,11,P,5,R,33,11,0,0,,,,,0,0,0,0,0,MSST 08,MSST 02,06,00; 03; 11,08,WIDE UNDER,2x2,0,P,MSST 08,1,COVER 1
578,"2508 Mississippi State O vs Texas, PFF Play 148",148,3,1,4,'+4,1,GL,RA,12,6,0,R,R,11,TREY Y OFF,,,,,,,OFF,,,GN,,,ZN,,DBL PLUG,4 DOWN,,,COVER 0,,MSST 02,MSST 02,06,08,00; 03; 11,1,11,R,6,R,11,0,0,,,OUTSIDE ZONE,,,0,0,1,0,0,MSST 02,MSST 02,06,00; 03; 11,08,DOUBLE PLUG,1x3,0,P,,1,COVER 0
579,"2508 Mississippi State O vs Texas, PFF Play 149",149,3,2,4,'+4,2,GL,RA,12,7,2,X,L,11,DUO Y OFF,,,,,,,OFF,,,GN,,,,,DBL PLUG,4 DOWN,,,,,,MSST 02,06,08,00; 03; 11,0,11,X,7,L,0,,0,,,,TXUN D98 ENC,,0,0,0,0,0,,MSST 02,06,00; 03; 11,08,DOUBLE PLUG,2x2,0,R,,0,
580,"2508 Mississippi State O vs Texas, PFF Play 150",150,3,2,2,'+2,2,GL,RA,12,8,-2,R,L,11,TREY Y OFF,,,,,,,OFF,,,GN,,,ZN,,DBL PLUG,4 DOWN,,,COVER 0,,MSST 06,MSST 02,06,08,00; 03; 04,0,11,R,8,L,0,-2,0,,,MAN,,,0,0,0,0,0,MSST 06,MSST 02,06,00; 03; 04,08,DOUBLE PLUG,3x1,0,R,,1,COVER 0
581,"2508 Mississippi State O vs Texas, PFF Play 151",151,3,3,4,'+4,3,GL,RA,12,9,4,P,R,11,SLOT - OPEN,,,,,,,OFF,,COMPLETE,GF,,,DB,,BENCH,4 DOWN,,,RED ZONE,,MSST 00,MSST 02,06,08,00; 03; 04,0,11,P,9,R,-2,4,0,0,,,,MSST 00,0,0,0,0,0,MSST 00,MSST 02,06,00; 03; 04,08,WIDE UNDER,2x1,0,R,MSST 00,0,RED ZONE
582,"2508 Mississippi State O vs Texas, PFF Play 164",164,4,0,10,'-25,P,,,13,1,8,P,R,11,DOUBLES,,,,,,,OPEN,BUBBLE SCR,COMPLETE,GN,,,DB,,WIDE OVER,4 DOWN,,,COVER 1,,MSST 08,MSST 02,06,08,00; 03; 11,0,11,P,1,R,4,8,1,0,,PULL LEAD,,,0,0,0,0,0,MSST 08,MSST 02,06,00; 03; 11,08,WIDE OVER,2x2,1,P,MSST 08,1,COVER 1
583,"2508 Mississippi State O vs Texas, PFF Play 165",165,4,2,2,'-33,2,,,13,2,5,P,R,11,DOUBLES,,,,,,,OPEN,,COMPLETE,GF,,,PA,,EVEN,4 DOWN,,,COVER 3,,MSST 03,MSST 02,06,08,00; 03; 11,1,11,P,2,R,8,5,0,0,,INSIDE ZONE,,,0,0,1,0,0,MSST 03,MSST 02,06,00; 03; 11,08,EVEN,2x2,1,P,MSST 03,1,COVER 3
584,"2508 Mississippi State O vs Texas, PFF Play 166",166,4,1,10,'-38,1,,,13,3,62,P,L,11,DOUBLES,,,,,,,OPEN,,COMPLETE,GN,,,PA,,WIDE OVER,4 DOWN,,,COVER 2,,MSST 06,MSST 02,06,08,00; 03; 11,1,11,P,3,L,5,62,0,0,,UNDEFINED,,MSST 06,0,0,1,0,0,MSST 06,MSST 02,06,00; 03; 11,08,WIDE OVER,2x2,0,P,MSST 06,0,COVER 2
585,"2508 Mississippi State O vs Texas, PFF Play 181",181,4,0,10,'-25,P,,,14,1,1,R,R,11,DOUBLES,,,,,,,OPEN,,,GF,,,ZN,,ODD,4 DOWN,,,COVER 3,,MSST 06,MSST 02,06,08,00; 03; 11,0,11,R,1,R,62,1,0,,,OUTSIDE ZONE,,,0,0,0,0,0,MSST 06,MSST 02,06,00; 03; 11,08,ODD,2x2,1,P,,0,COVER 3
586,"2508 Mississippi State O vs Texas, PFF Play 182",182,4,2,9,'-26,2,,,14,2,-3,P,R,11,DUO Y OFF,,,,,,,OFF,,SACK,GF,,,PA,,WIDE OVER,4 DOWN,,,COVER 3,,MSST 02,MSST 02,06,08,00; 03; 11,1,11,P,2,R,1,-3,0,0,,UNDEFINED,(D) MSST 06 OH,,0,0,1,0,0,MSST 02,MSST 02,06,00; 03; 11,08,WIDE OVER,2x2,0,R,,1,COVER 3
587,"2508 Mississippi State O vs Texas, PFF Play 183",183,4,3,12,'-23,3,,,14,3,-7,P,R,11,DUO Y OFF,,,,,,,OFF,,SACK,GF,,,DB,,EVEN,4 DOWN,,,COVER 3,,MSST 02,MSST 02,06,08,00; 03; 11,0,11,P,3,R,-3,-7,0,0,,,,,0,0,0,0,0,MSST 02,MSST 02,06,00; 03; 11,08,EVEN,2x2,0,P,,1,COVER 3
588,"2508 Mississippi State O vs Texas, PFF Play 199",199,4,0,10,'-13,P,,,15,1,4,R,L,11,TRIPS - OPEN,,,,,,,,,,GN,,STR,ZN,,ODD,4 DOWN,,,COVER 3,,MSST 06,MSST 02,06,08,00; 03; 11,0,11,R,1,L,-7,4,0,,,INSIDE ZONE,,,0,0,0,0,0,MSST 06,MSST 02,06,00; 03; 11,08,ODD,3x1,1,P,,0,COVER 3
589,"2508 Mississippi State O vs Texas, PFF Play 200",200,4,2,6,'-17,2,,,15,2,5,P,L,11,TRIPS - OPEN,,,,,,,,,COMPLETE,GF,,,QK,,WIDE OVER,4 DOWN,,,COVER 3,,MSST 00,MSST 02,06,08,00; 03; 11,0,11,P,2,L,4,5,0,1,,INSIDE ZONE,,,0,0,0,0,0,MSST 00,MSST 02,06,00; 03; 11,08,WIDE OVER,3x1,1,R,MSST 00,1,COVER 3
590,"2508 Mississippi State O vs Texas, PFF Play 201",201,4,3,1,'-22,3,SY,,15,3,0,R,L,11,TRIPS - OPEN,,Y MTR,,,,,,,,GN,,,ZN,,BEAR,,,,COVER 3,,MSST 01,MSST 01,06,08,00; 03; 11,0,11,R,3,L,5,0,0,,,OUTSIDE ZONE,,,0,0,0,0,0,MSST 01,MSST 01,06,00; 03; 11,08,BEAR,3x1,0,P,,1,COVER 3
591,"2508 Mississippi State O vs Texas, PFF Play 205",205,4,0,10,'-25,P,,,16,1,4,R,L,11,TRIPS - OPEN,,,,,,,,,,GN,,STR,ZN,,BENCH,4 DOWN,,,COVER 3,,MSST 06,MSST 02,06,08,00; 03; 11,0,11,R,1,L,0,4,0,,,INSIDE ZONE,,,0,0,0,2,0,MSST 06,MSST 02,06,00; 03; 11,08,WIDE UNDER,3x1,1,R,,0,COVER 3
592,"2508 Mississippi State O vs Texas, PFF Play 206",206,4,2,6,'-29,2,,,16,2,2,P,L,11,DUO Y OFF,,,,,,,OFF,,COMPLETE,GF,,,DB,,ODD,4 DOWN,,,COVER 2,,MSST 06,MSST 02,06,08,00; 03; 11,1,11,P,2,L,4,2,0,0,,,,,0,0,1,2,0,MSST 06,MSST 02,06,00; 03; 11,08,ODD,2x2,0,R,MSST 06,0,COVER 2
593,"2508 Mississippi State O vs Texas, PFF Play 207",207,4,3,4,'-31,3,,,16,3,8,P,R,11,DOUBLES,,,,,,,OPEN,,COMPLETE,GF,,,DB,,EVEN,4 DOWN,,,COVER 3,,MSST 00,MSST 02,06,08,00; 03; 11,0,11,P,3,R,2,8,0,0,,,,,0,0,0,2,0,MSST 00,MSST 02,06,00; 03; 11,08,EVEN,2x2,0,P,MSST 00,1,COVER 3
594,"2508 Mississippi State O vs Texas, PFF Play 208",208,4,1,10,'-39,1,,,16,4,15,P,L,11,DOUBLES,,,,,,,OPEN,,COMPLETE,GN,,,DB,,BENCH,4 DOWN,,,COVER 1,,MSST 03,MSST 02,06,08,00; 03; 11,1,11,P,4,L,8,15,0,0,,,,,0,0,1,2,0,MSST 03,MSST 02,06,00; 03; 11,08,WIDE UNDER,2x2,0,P,MSST 03,0,COVER 1
595,"2508 Mississippi State O vs Texas, PFF Play 209",209,4,1,10,'+46,1,,,16,5,0,P,L,11,DOUBLES,,,,,,,OPEN,,THROWN AWAY,GN,,,DB,,BENCH,4 DOWN,,,COVER 1,,,MSST 02,06,08,00; 03; 11,1,11,P,5,L,15,,0,0,,,,,0,0,1,2,0,,MSST 02,06,00; 03; 11,08,WIDE UNDER,2x2,0,P,,1,COVER 1
596,"2508 Mississippi State O vs Texas, PFF Play 210",210,4,2,10,'+46,2,,,16,6,4,R,L,11,TRIPS - OPEN,,,,,,,,,,GF,,STR,ZN,,LOAD,,,,COVER 2,,MSST 02,MSST 02,06,08,03; 09; 11,0,11,R,6,L,15,4,0,,,INSIDE ZONE,,,0,0,0,2,0,MSST 02,MSST 02,06,03; 09; 11,08,LOAD,3x1,1,P,,1,COVER 2
597,"2508 Mississippi State O vs Texas, PFF Play 211",211,4,3,6,'+42,3,,,16,7,-8,P,L,11,PRO - OPEN,,,,,,,OFF,,SACK,GS,,,DB,,WIDE OVER,4 DOWN,,,COVER 1,,MSST 02,MSST 02,06,08,00; 03; 11,0,11,P,7,L,4,-8,0,0,,,,,0,0,0,2,0,MSST 02,MSST 02,06,00; 03; 11,08,WIDE OVER,2x1,0,R,,1,COVER 1
598,"2508 Mississippi State O vs Texas, PFF Play 212",212,4,4,14,'+50,4,,,16,8,-5,X,L,11,SLOT - OPEN,,,,,,,OFF,,,GF,,,,,BENCH,4 DOWN,,,,,,MSST 02,06,08,03; 09; 11,0,11,X,8,L,-8,,0,,,,MSST 02 DOG,,0,0,0,2,0,,MSST 02,06,03; 09; 11,08,WIDE UNDER,1x2,0,P,,0,
599,"2508 Mississippi State O vs Texas, PFF Play 220",220,5,0,10,'+25,P,,RA,17,1,0,P,C,11,DOUBLES,,,,,,,OPEN,,INCOMPLETE,GF,,,PA,,BENCH,4 DOWN,,,COVER 1,,MSST 00,MSST 02,06,08,00; 03; 11,0,11,P,1,C,-8,,0,0,,MAN,,,0,0,0,0,0,,MSST 02,06,00; 03; 11,08,WIDE UNDER,2x2,1,P,MSST 00,1,COVER 1
600,"2508 Mississippi State O vs Texas, PFF Play 221",221,5,2,10,'+25,2,,RA,17,2,0,P,C,11,DOUBLES,,,,,,,OPEN,,INCOMPLETE,GF,,,PA,,WIDE OVER,4 DOWN,,,COVER 1,,MSST 00,MSST 02,06,08,00; 03; 11,0,11,P,2,C,-8,,0,0,,MAN,,,0,0,0,0,0,,MSST 02,06,00; 03; 11,08,WIDE OVER,2x2,1,P,MSST 00,0,COVER 1
601,"2508 Mississippi State O vs Texas, PFF Play 222",222,5,3,10,'+25,3,,RA,17,3,0,P,C,11,DOUBLES,,,,,,,OPEN,,HIT AS THREW,GF,,,PA,,BENCH,4 DOWN,,,COVER 1,,,MSST 02,06,08,00; 03; 11,0,11,P,3,C,-8,,0,0,,MAN,,,0,0,0,0,0,,MSST 02,06,00; 03; 11,08,WIDE UNDER,2x2,1,P,,0,COVER 1
602,"2508 Mississippi State O vs Texas, PFF Play 223",223,5,4,10,'+25,4,,RA,17,4,-5,X,C,11,DOUBLES,,Z OUT,,,,,OPEN,,,GN,,,,,EVEN,4 DOWN,,,,,,MSST 02,06,08,00; 03; 11,0,11,X,4,C,-8,,0,,,,MSST 77 FST,,0,0,0,0,0,,MSST 02,06,00; 03; 11,08,EVEN,2x2,0,P,,0,
603,"2508 Mississippi State O vs Texas, PFF Play 224",224,5,4,15,'+30,4,,,17,5,-5,X,C,11,TRIPS - OPEN,,,,,,,,,,GN,,,,,BENCH,4 DOWN,,,,,,MSST 02,06,08,00; 03; 11,0,11,X,5,C,-8,,0,,,,MSST 72 FST,,0,0,0,0,0,,MSST 02,06,00; 03; 11,08,WIDE UNDER,1x3,0,P,,0,
604,"2508 Mississippi State O vs Texas, PFF Play 225",225,5,4,20,'+35,4,,,17,6,-31,P,C,11,DUO Y OFF,,H RETURN,,,,,OFF,,SACK,GF,,,DB,,ONE INTERIOR,,,,COVER 3,,MSST 02,MSST 02,06,08,00; 03; 11,0,11,P,6,C,-8,-31,0,0,,,,,0,0,0,0,0,MSST 02,MSST 02,06,00; 03; 11,08,ONE INTERIOR,2x2,0,P,,1,COVER 3
605,"2509 Mississippi State O @ Arkansas, Play 001",1,1,0,10,'-20,P,,,1,1,1,R,R,12,ACE YU OFF,,,,,,,OFF,,,GN,CTR OY,WK,GAP,GAP,BEAR,5 DOWN,,,COVER 1,,MSST 06,MSST 02,6,08; 10,00; 03,0,12,R,,R,43,1,0,,,COUNTER,,,0,0,0,0,0,MSST 06,MSST 02,06,00; 03,08; 10,BEAR,2x2,1,,,0,COVER 1
606,"2509 Mississippi State O @ Arkansas, Play 002",2,1,2,9,'-21,2,,,1,2,0,P,R,12,ACE YU OFF,,,,,,,OFF,VERT X,INCOMPLETE,GN,,,PA,QK SET,BEAR,5 DOWN,,,COVER 1,,,MSST 02,6,08; 10,00; 03,1,12,P,,R,1,0,0,0,,UNDEFINED,,,0,0,1,0,0,,MSST 02,06,00; 03,08; 10,BEAR,2x2,0,R,MSST 03,1,COVER 1
607,"2509 Mississippi State O @ Arkansas, Play 003",3,1,3,9,'-21,3,,,1,3,0,P,RM,11,TREY Y OFF,,Y FR,,,,,OFF,SW VERTS RD,INCOMPLETE,GN,,,DB,MAN,OVER,4 DOWN,,,COVER 6,,,MSST 02,6,8,00; 09; 11,0,11,P,,R,,0,0,0,,,ARUN D04 DPI,,0,0,0,0,0,,MSST 02,06,00; 09; 11,08,WIDE OVER,1x3,0,P,MSST 00,0,COVER 6
608,"2509 Mississippi State O @ Arkansas, Play 004",4,1,1,10,'-36,1,,,1,4,0,P,RM,11,DUO Y HIP,,,,,,,OFF,HITCHES,INCOMPLETE,GF,,,RPO,GAP,JACK,4 DOWN,,,COVER 1,,,MSST 02,24,8,00; 03; 11,0,11,P,,C,,0,0,0,,COUNTER,,,0,0,0,0,0,,MSST 02,24,00; 03; 11,08,WIDE UNDER,2x2,1,P,MSST 11,0,COVER 1
609,"2509 Mississippi State O @ Arkansas, Play 005",5,1,2,10,'-36,2,,,1,5,2,R,RM,11,TREY Y OFF,,Y MO,,,,,OFF,,,GF,OUTSIDE ZN RD,STR,ZN,,OVER,4 DOWN,,,COVER 4,,MSST 02,MSST 02,24,8,00; 03; 11,1,11,R,,C,,2,0,,,PULL LEAD,,,0,0,1,0,0,MSST 02,MSST 02,24,00; 03; 11,08,WIDE OVER,1x2,1,P,,0,COVER 4
610,"2509 Mississippi State O @ Arkansas, Play 006",6,1,3,8,'-38,3,,,1,6,11,P,R,11,DOUBLES,,Y RETURN,,,,,OPEN,SW CURLS,COMPLETE,GF,,,DB,32,SPLIT,4 DOWN,,ARROW,COVER 1,,MSST 00,MSST 02,24,8,00; 03; 11,1,11,P,,R,2,11,0,0,,,,,0,0,1,0,0,MSST 00,MSST 02,24,00; 03; 11,08,EVEN,2x2,0,R,MSST 00,1,COVER 1
611,"2509 Mississippi State O @ Arkansas, Play 007",7,1,1,10,'-49,1,,,1,7,1,R,LM,11,DUO Y OFF,,Y MTR,,,,,OFF,,,,ZONE RD ARC,,ZN,,JACK,3 DOWN,,STORM,COVER 3,,MSST 02,MSST 02,24,8,00; 03; 11,0,11,R,,C,11,1,0,,,INSIDE ZONE,,,0,0,0,0,0,MSST 02,MSST 02,24,00; 03; 11,08,OVER,2x2,1,P,,1,COVER 3
612,"2509 Mississippi State O @ Arkansas, Play 008",8,1,2,9,'+50,2,,,1,8,'-1,P,R,11,TRIPS OPEN V BUNCH FIB,Y POINT,,,X,,,OPEN,TUNNEL SCR,COMPLETE,GF,,,SCR,SPR O RT,OVER,4 DOWN,,,COVER 6,,MSST 11,MSST 02,24,8,00; 03; 11,1,11,P,,R,1,'-1,1,0,,OUTSIDE ZONE,,,0,0,1,0,0,MSST 11,MSST 02,24,00; 03; 11,08,WIDE UNDER,3x1,1,R,MSST 11,0,COVER 6
613,"2509 Mississippi State O @ Arkansas, Play 009",9,1,3,10,'-49,3,,,1,9,4,P,R,11,DOUBLES,,TOZ,,,,,OPEN,SPACING,COMPLETE,GF,,,DB,MAN,SPLIT,4 DOWN,,,COVER 2,,MSST 08,MSST 02,24,8,00; 03; 11,0,11,P,,R,'-1,4,0,0,,,,,0,0,0,0,0,MSST 08,MSST 02,24,00; 03; 11,08,EVEN,3x2,0,P,MSST 08,0,COVER 2
614,"2509 Mississippi State O @ Arkansas, Play 010",10,1,4,6,'+47,4,,,1,10,39,P,R,11,DOUBLES,,Y IN,,,,,OPEN,VERT RD,COMPLETE,GN,,,DB,32,BENCH,4 DOWN,,,COVER 1,,MSST 24,MSST 02,24,8,00; 03; 11,1,11,P,,R,4,39,0,0,,,,,0,0,1,0,0,MSST 24,MSST 02,24,00; 03; 11,08,WIDE OVER,2x2,0,P,MSST 24,0,COVER 1
615,"2509 Mississippi State O @ Arkansas, Play 011",11,1,1,8,'+8,1,,RA,1,11,0,R,R,11,DUO,,Z ORB,,,,,ON,,,GN,INSIDE ZN RD,WK,ZN,,JACK,4 DOWN,,,COVER 1,,MSST 24,MSST 02,24,8,00; 09; 11,0,11,R,,R,39,0,0,,,MAN,,,0,0,0,0,0,MSST 24,MSST 02,24,00; 09; 11,08,OVER,2x2,1,P,,0,COVER 1
616,"2509 Mississippi State O @ Arkansas, Play 012",12,1,2,8,'+8,2,,RA,1,12,0,P,R,11,DUO,,Z MTR,,,,,ON,OUT N' UP,INCOMPLETE,GN,,,SPR,SPR O RT,BEAR,5 DOWN,,,COVER 1,,,MSST 02,6,87,00; 03; 04,0,11,P,,R,0,0,0,0,,,,,0,0,0,0,0,,MSST 02,06,00; 03; 04,87,BEAR,2x2,0,R,MSST 00,1,COVER 1
617,"2509 Mississippi State O @ Arkansas, Play 013",13,1,3,8,'+8,3,,RA,1,13,8,P,R,11,DOUBLES,STK,,,,,,OPEN,DIGS,COMPLETE,GF,,,DB,HS,BENCH,4 DOWN,,,RED ZONE,,MSST 06,MSST 02,6,8,00; 03; 04,0,11,P,,R,,8,0,0,,,,MSST 06,0,0,0,0,0,MSST 06,MSST 02,06,00; 03; 04,08,UNDER,2x2,0,P,MSST 06,0,RED ZONE
618,"2509 Mississippi State O @ Arkansas, Play 014",14,1,0,10,'-11,P,,,2,1,'-2,R,L,11,DOUBLES,,,,,,,OPEN,,,GF,OUTSIDE ZN RD,STR,ZN,,JACK,3 DOWN,,STORM,COVER 3,,MSST 24,MSST 02,24,8,00; 03; 11,0,11,R,,L,54,'-2,0,,,OUTSIDE ZONE,,,0,0,0,0,0,MSST 24,MSST 02,24,00; 03; 11,08,WIDE OVER,2x2,1,,,1,COVER 3
619,"2509 Mississippi State O @ Arkansas, Play 015",15,1,2,12,'-9,2,,,2,2,0,P,L,11,DOUBLES,,,,,,,OPEN,VERT Y,INCOMPLETE,GF,,,PA,FS RT,JACK,3 DOWN,,,COVER 1,,,MSST 02,24,8,00; 03; 11,1,11,P,,L,'-2,0,0,0,,INSIDE ZONE,,,0,0,1,0,0,,MSST 02,24,00; 03; 11,08,WIDE OVER,2x2,0,R,MSST 08,0,COVER 1
620,"2509 Mississippi State O @ Arkansas, Play 016",16,1,3,12,'-9,3,,,2,3,0,P,L,11,SLOT,,HOZ,,,,,OPEN,SW DIGS,INCOMPLETE,GS,,,DB,MAN,SPLIT,4 DOWN,,,COVER 2,,,MSST 02,24,8,00; 03; 11,0,11,P,,L,,0,0,0,,,,,0,0,0,0,0,,MSST 02,24,00; 03; 11,08,EVEN,3x1,0,P,MSST 03,0,COVER 2
621,"2509 Mississippi State O @ Arkansas, Play 017",17,2,0,10,'-25,P,,,3,1,12,R,L,11,DUO YH OFF,,,,,,,OFF,,COMPLETE,GN,JET SWEEP,STR,JET,,BENCH,4 DOWN,,,COVER 6,,MSST 03,MSST 02,24,8,00; 03; 04,0,11,P,,L,65,12,1,0,,,,,0,0,0,0,0,MSST 03,MSST 02,24,00; 03; 04,08,UNDER,2x2,0,,MSST 03,0,COVER 6
622,"2509 Mississippi State O @ Arkansas, Play 018",18,2,1,10,'-45,1,,,3,2,'-1,R,R,11,TREY Y OFF BUNCH,,,,,,,,,,GN,CTR OY,WK,GAP,,BENCH,4 DOWN,,,COVER 6,,MSST 24,MSST 02,24,8,00; 03; 04,1,11,R,,R,12,'-1,0,,,COUNTER,,,0,0,1,0,0,MSST 24,MSST 02,24,00; 03; 04,08,UNDER,1x2,1,P,,0,COVER 6
623,"2509 Mississippi State O @ Arkansas, Play 019",19,2,2,11,'-44,2,,,3,3,5,R,R,11,DOUBLES,,,,,,,OPEN,,,GF,INSIDE ZN,STR,ZN,,BENCH,4 DOWN,,,COVER 6,,MSST 24,MSST 02,24,8,00; 03; 04,1,11,R,,R,'-1,5,0,,,MAN,,,0,0,1,0,0,MSST 24,MSST 02,24,00; 03; 04,08,UNDER,2x2,1,R,,0,COVER 6
624,"2509 Mississippi State O @ Arkansas, Play 020",20,2,3,6,'-49,3,,,3,4,0,P,R,11,DOUBLES,,,,,,,OPEN,HITCH FADE,INCOMPLETE,GF,,,PA,QK SET,JACK,4 DOWN,,,COVER 1,,,MSST 02,24,8,00; 03; 04,1,11,P,,R,5,0,0,0,,MAN,,,0,0,1,0,0,,MSST 02,24,00; 03; 04,08,OTHER,2x2,1,R,MSST 03,0,COVER 1
625,"2509 Mississippi State O @ Arkansas, Play 021",21,2,0,10,'-25,P,,,4,1,'-2,R,R,12,ACE YU OFF,,,,,,,OFF,,,GF,ZONE RD ARC,STR,ZN,,SOLID,5 DOWN,,,COVER 3,,MSST 06,MSST 02,6,08; 10,00; 03,0,12,R,,R,68,'-2,0,,,MAN,,,0,0,0,0,0,MSST 06,MSST 02,06,00; 03,08; 10,ODD,2x2,1,,,0,COVER 3
626,"2509 Mississippi State O @ Arkansas, Play 022",22,2,2,12,'-23,2,,,4,2,15,P,R,12,ACE YU OFF,,,,,,,OFF,DIGS,RUN,GN,,,PA,MAN,OVER,5 DOWN,,,COVER 3 CLOUD,,MSST 02,MSST 02,6,08; 10,00; 03,1,12,P,,R,'-2,15,0,0,,UNDEFINED,,,0,0,1,0,0,MSST 02,MSST 02,06,00; 03,08; 10,WIDE OVER,2x2,0,R,,0,COVER 3 CLOUD
627,"2509 Mississippi State O @ Arkansas, Play 023",23,2,1,10,'-38,1,,,4,3,9,P,R,12,DOUBLES,,,,,,,OPEN,HITCH FADE,COMPLETE,GF,,,PA,MAN,BEAR,5 DOWN,,,COVER 0,,MSST 10,MSST 02,6,08; 10,00; 03,1,12,P,,R,15,9,0,0,,UNDEFINED,,,0,0,1,0,0,MSST 10,MSST 02,06,00; 03,08; 10,BEAR,2x2,0,P,MSST 10,1,COVER 0
628,"2509 Mississippi State O @ Arkansas, Play 024",24,2,2,1,'-47,2,,,4,4,'-3,R,L,12,ACE YU OFF,,,,,,,OFF,,,GF,ZONE RD ARC,STR,ZN,,SOLID,5 DOWN,,,COVER 3,,MSST 06,MSST 02,6,08; 10,00; 03,0,12,R,,L,9,'-3,0,,,MAN,,,0,0,0,0,0,MSST 06,MSST 02,06,00; 03,08; 10,UNDER,1x2,1,P,,0,COVER 3
629,"2509 Mississippi State O @ Arkansas, Play 025",25,2,3,4,'-44,3,,,4,5,20,P,L,12,DOUBLES,,,,,,,OPEN,CURLS,COMPLETE,GF,,,PA,32,JOKER,4 DOWN,,ARROW,COVER 3,,MSST 00,MSST 02,24,08; 10,00; 03,0,12,P,,L,'-3,20,0,0,,UNDEFINED,,,0,0,0,0,0,MSST 00,MSST 02,24,00; 03,08; 10,OVER,2x2,0,R,MSST 00,1,COVER 3
630,"2509 Mississippi State O @ Arkansas, Play 026",26,2,1,10,'+36,1,,,4,6,0,P,L,12,DOUBLES,,,,,,,OPEN,VERTS,INCOMPLETE,GF,,,PA,MAN,,4 DOWN,,,COVER 4,,,MSST 02,24,08; 10,00; 03,1,12,P,,L,20,0,0,0,,UNDEFINED,,,0,0,1,0,0,,MSST 02,24,00; 03,08; 10,WIDE UNDER,2x2,0,P,MSST 00,0,COVER 4
631,"2509 Mississippi State O @ Arkansas, Play 027",27,2,2,10,'+36,2,,,4,7,2,R,L,11,TREY Y OFF,,,,,,,OFF,,,GF,PIN PULL RD,STR,GAP,,BENCH,4 DOWN,,,COVER 3 SEAM,,MSST 24,MSST 02,24,87,03; 09; 11,0,11,R,,L,,2,0,,,PULL LEAD,,,0,0,0,0,0,MSST 24,MSST 02,24,03; 09; 11,87,WIDE UNDER,3x1,0,P,,0,COVER 3 SEAM
632,"2509 Mississippi State O @ Arkansas, Play 028",28,2,3,8,'+34,3,,,4,8,'-6,R,L,11,DOUBLES,,,,,,,OPEN,,,GF,OUTSIDE ZN,STR,ZN,,BENCH,4 DOWN,,,COVER 6,,MSST 02,MSST 02,24,87,03; 09; 11,0,11,R,,L,2,'-6,0,,,OUTSIDE ZONE,,,0,0,0,0,0,MSST 02,MSST 02,24,03; 09; 11,87,UNDER,2x2,1,R,,0,COVER 6
633,"2509 Mississippi State O @ Arkansas, Play 029",29,3,0,10,'-25,P,,,5,1,0,P,R,12,ACE YU OFF,,,,,,,OFF,OVERS,INCOMPLETE,GN,,,PA,MAN,SOLID,5 DOWN,,FLAME,COVER 3,,,MSST 02,24,08; 10,00; 03,0,12,P,,R,64,0,0,0,,UNDEFINED,ARUN D97 RPS,,0,0,0,0,0,,MSST 02,24,00; 03,08; 10,ODD,2x2,0,,MSST 03,1,COVER 3
634,"2509 Mississippi State O @ Arkansas, Play 030",30,3,1,10,'-40,1,,,5,2,7,R,R,11,DUO,,Z ORB,,,,,ON,,,GN,INSIDE ZONE RD,STR,ZN,,UNDER,4 DOWN,,STREAK,COVER 3,,MSST 01,MSST 01,24,8,00; 03; 11,0,11,R,,R,,7,0,,,MAN,,,0,0,0,0,0,MSST 01,MSST 01,24,00; 03; 11,08,OTHER,1x3,1,P,,1,COVER 3
635,"2509 Mississippi State O @ Arkansas, Play 031",31,3,2,3,'-47,2,,,5,3,6,R,R,11,TRIPS,,,,,,,ON,,,GN,Q OUTSIDE ZN LD,STR,ZN,,BENCH,4 DOWN,,,COVER 4,,MSST 01,MSST 01,24,8,00; 03; 11,1,11,R,,R,7,6,0,,,OUTSIDE ZONE,,,0,0,1,0,0,MSST 01,MSST 01,24,00; 03; 11,08,UNDER,1x3,1,R,,0,COVER 4
636,"2509 Mississippi State O @ Arkansas, Play 032",32,3,1,10,'+47,1,,,5,4,2,R,L,11,DUO,,Z ORB,,,,,ON,,,GN,INSIDE ZN RD,WK,ZN,,JACK,4 DOWN,,,COVER 6,,MSST 24,MSST 01,24,8,00; 03; 11,1,11,R,,L,6,2,0,,,MAN,,,0,0,1,0,0,MSST 24,MSST 01,24,00; 03; 11,08,OVER,3x1,1,R,,0,COVER 6
637,"2509 Mississippi State O @ Arkansas, Play 033",33,3,2,8,'+45,2,,,5,5,45,P,L,11,TRIPS,,,,,,,ON,DAGGER,COMPLETE,GN,,,PA,FS RT,JACK,4 DOWN,,,COVER 6,,MSST 03,MSST 01,24,8,00; 03; 11,1,11,P,,L,2,45,0,0,,UNDEFINED,,MSST 03,0,0,1,0,0,MSST 03,MSST 01,24,00; 03; 11,08,BEAR,3x1,0,R,MSST 03,0,COVER 6
638,"2509 Mississippi State O @ Arkansas, Play 034",34,3,0,10,'-25,P,,,6,1,16,R,R,11,DOUBLES,,H MTR,,,,,OPEN,,,GN,POWER O RD,STR,GAP,,BENCH,4 DOWN,,,COVER 2,,MSST 03,MSST 01,6,8,00; 03; 11,0,11,R,,R,75,16,0,,,POWER,,,0,0,0,0,0,MSST 03,MSST 01,06,00; 03; 11,08,UNDER,2x2,0,,,0,COVER 2
639,"2509 Mississippi State O @ Arkansas, Play 035",35,3,1,10,'-41,1,,,6,2,0,P,L,11,DOUBLES,,,,,,,OPEN,DIGS,INCOMPLETE,GF,,,PA,HS,BENCH,4 DOWN,,,COVER 6,,,MSST 01,6,8,00; 03; 11,1,11,P,,L,16,0,0,0,,UNDEFINED,,,0,0,1,0,0,,MSST 01,06,00; 03; 11,08,WIDE UNDER,2x2,0,R,MSST 06,0,COVER 6
640,"2509 Mississippi State O @ Arkansas, Play 036",36,3,2,10,'-41,2,,,6,3,6,R,L,11,DOUBLES,,H MTR,,,,,OPEN,,,GF,OUTSIDE ZN RD,STR,ZN,,OVER,4 DOWN,,,COVER 6,,MSST 01,MSST 01,6,8,00; 03; 11,0,11,R,,L,,6,0,,,OUTSIDE ZONE,,,0,0,0,0,0,MSST 01,MSST 01,06,00; 03; 11,08,WIDE UNDER,2x2,0,P,,0,COVER 6
641,"2509 Mississippi State O @ Arkansas, Play 037",37,3,3,4,'-47,3,,,6,4,11,R,L,11,TRIPS OPEN,,,,,,,OPEN,,,GF,Q CTR OTAIL,WK,GAP,,SPLIT,4 DOWN,,,COVER 6,,MSST 01,MSST 01,6,8,00; 03; 11,1,11,R,,L,6,11,0,,,COUNTER,,,0,0,1,0,0,MSST 01,MSST 01,06,00; 03; 11,08,EVEN,3x1,1,R,,0,COVER 6
642,"2509 Mississippi State O @ Arkansas, Play 038",38,3,1,10,'+42,1,,,6,5,0,P,LM,11,TRIPS OPEN,,,,,,,OPEN,VERTS RD,INCOMPLETE,GN,,,PA,MAN,BENCH,4 DOWN,,,COVER 2,,,MSST 01,6,8,00; 03; 11,1,11,P,,C,11,0,0,0,,UNDEFINED,,,0,0,1,0,0,,MSST 01,06,00; 03; 11,08,WIDE UNDER,3x1,0,R,MSST 08,0,COVER 2
643,"2509 Mississippi State O @ Arkansas, Play 039",39,3,2,10,'+42,2,,,6,6,3,R,M,11,DUO Y OFF,,Y MTR,,,,,OFF,,,GF,MIDLINE RD,STR,ZN,,JACK,4 DOWN,,,COVER 3,,MSST 24,MSST 01,24,87,00; 03; 11,0,11,R,,C,,3,0,,,MAN,,,0,0,0,0,0,MSST 24,MSST 01,24,00; 03; 11,87,OVER,2x2,1,P,,0,COVER 3
644,"2509 Mississippi State O @ Arkansas, Play 040",40,3,3,7,'+39,3,,,6,7,0,R,L,11,DOUBLES,,BUZZ/H MTR,,,,,OPEN,,,GF,OUTSIDE ZN RD,STR,ZN,,SPLIT,4 DOWN,,GUTS,COVER 1,,MSST 24,MSST 01,24,87,00; 03; 11,1,11,R,,L,3,0,0,,,OUTSIDE ZONE,,,0,0,1,0,0,MSST 24,MSST 01,24,00; 03; 11,87,EVEN,2x2,0,R,,1,COVER 1
645,"2509 Mississippi State O @ Arkansas, Play 041",41,3,4,7,'+39,4,,,6,8,0,P,R,11,DOUBLES,,Y RETURN,,,,,OPEN,SMASH,INCOMPLETE,GF,,,DB,MAN,SPLIT,4 DOWN,,,COVER 1,,,MSST 01,6,8,00; 03; 11,0,11,P,,R,0,0,0,0,,,,,0,0,0,0,0,,MSST 01,06,00; 03; 11,08,EVEN,2x2,0,R,MSST 08,0,COVER 1
646,"2509 Mississippi State O @ Arkansas, Play 042",42,3,0,10,'+45,P,,,7,1,10,R,L,11,TRIPS OPEN,,Y OUT,,,,,OPEN,,,GN,OUTSIDE ZN RD,WK,ZN,,STACK,3 DOWN,,,COVER 6,,MSST 24,MSST 01,24,8,00; 03; 11,0,11,R,,L,67,10,0,,,OUTSIDE ZONE,,,0,0,0,0,0,MSST 24,MSST 01,24,00; 03; 11,08,UNDER,3x1,1,,,0,COVER 6
647,"2509 Mississippi State O @ Arkansas, Play 043",43,3,1,10,'+35,1,,,7,2,5,R,L,11,TRIPS,,,,,,,ON,,,GN,Q POWER G LD,STR,GAP,,OVER,3 DOWN,,,COVER 2,,MSST 01,MSST 01,24,8,00; 03; 11,1,11,R,,L,10,5,0,,,PULL LEAD,ARUN D03 UNRd,,0,0,1,0,0,MSST 01,MSST 01,24,00; 03; 11,08,UNDER,3x1,1,R,,0,COVER 2
648,"2509 Mississippi State O @ Arkansas, Play 044",44,3,1,10,'+15,1,,RA,7,3,'-5,R,L,11,DUO YH OFF,,,,,,X,OFF,,COMPLETE,GN,JET SWEEP,STR,JET,,JACK,4 DOWN,,,COVER 3,,MSST 03,MSST 01,24,8,00; 03; 11,0,11,P,,L,5,'-5,1,0,,,,,0,0,0,0,0,MSST 03,MSST 01,24,00; 03; 11,08,BEAR,2x2,0,R,MSST 03,0,COVER 3
649,"2509 Mississippi State O @ Arkansas, Play 045",45,3,2,15,'+20,2,,RA,7,4,20,P,M,11,DOUBLES,,H MTR,,,,,OPEN,VERTS RD,RUN,GN,,,PA,GAP,JACK,4 DOWN,,STORM,COVER 4,,MSST 01,MSST 01,24,8,00; 03; 11,0,11,P,,C,'-5,20,0,0,,POWER,,MSST 01,0,0,0,0,0,MSST 01,MSST 01,24,00; 03; 11,08,OTHER,2x2,0,P,,1,COVER 4
650,"2509 Mississippi State O @ Arkansas, Play 046",46,3,0,10,'-37,P,,,8,1,0,P,LM,11,DOUBLES,,,,,,,OPEN,DIG H,INTERCEPTION,GF,,,PA,QK SET,JACK,4 DOWN,,,COVER 1,,,MSST 02,6,8,00; 03; 11,0,11,P,,C,43,0,0,1,,MAN,,,0,0,0,0,0,,MSST 02,06,00; 03; 11,08,BEAR,2x2,1,,MSST 03,0,COVER 1
651,"2509 Mississippi State O @ Arkansas, Play 047",47,4,0,10,'-25,P,,,9,1,1,R,M,12,DOUBLES,,,,,,,OPEN,,,GF,INSIDE ZN,STR,ZN,,JOKER,5 DOWN,,,COVER 3,,MSST 24,MSST 02,24,08; 10,00; 03,0,12,R,,C,68,1,0,,,MAN,,,0,0,0,0,0,MSST 24,MSST 02,24,00; 03,08; 10,BEAR,2x2,1,,,0,COVER 3
652,"2509 Mississippi State O @ Arkansas, Play 048",48,4,2,9,'-26,2,,,9,2,0,P,R,12,DOUBLES,,,,,,,OPEN,DIGS,INCOMPLETE,GF,,,RPO,QK SET,JOKER,4 DOWN,,,COVER 3,,,MSST 02,24,08; 10,00; 03,1,12,P,,R,1,0,0,1,,MAN,,,0,0,1,0,0,,MSST 02,24,00; 03,08; 10,OVER,2x2,1,R,MSST 00,1,COVER 3
653,"2509 Mississippi State O @ Arkansas, Play 049",49,4,3,9,'-26,3,,,9,3,10,P,R,11,TRIPS OPEN,Y FLEX,H RETURN,,,,,OPEN,CURLS,COMPLETE,GN,,,DB,MAN,EVEN,4 DOWN,TORO,,COVER 2,,MSST 00,MSST 02,24,8,00; 03; 11,0,11,P,,R,,10,0,0,,,,,0,0,0,0,0,MSST 00,MSST 02,24,00; 03; 11,08,EVEN,1x3,0,P,MSST 00,0,COVER 2
654,"2509 Mississippi State O @ Arkansas, Play 050",50,4,1,10,'-36,1,,,9,4,2,R,LM,11,DOUBLES,,,,,,,OPEN,,,GF,OUTSIDE ZN,STR,ZN,,BENCH,4 DOWN,,,COVER 2,,MSST 24,MSST 02,24,8,00; 03; 11,0,11,R,,C,10,2,0,,,OUTSIDE ZONE,,,0,0,0,0,0,MSST 24,MSST 02,24,00; 03; 11,08,WIDE UNDER,2x2,1,P,,0,COVER 2
655,"2509 Mississippi State O @ Arkansas, Play 051",51,4,2,8,'-38,2,,,9,5,7,P,L,11,TREY Y OFF,,Y NR,,,,,OFF,HITCHES,COMPLETE,GN,,,RPO,ZN,JACK,4 DOWN,NOT,,COVER 3,,MSST 00,MSST 02,24,8,00; 03; 11,0,11,P,,L,2,7,0,1,,MAN,,,0,0,0,0,0,MSST 00,MSST 02,24,00; 03; 11,08,OVER,3x1,1,R,MSST 00,0,COVER 3
656,"2509 Mississippi State O @ Arkansas, Play 052",52,4,3,1,'-45,3,SY,,9,6,3,R,L,11,TRIPS OPEN,,,,,,,OPEN,,,GN,Q CTR OTAIL,WK,GAP,,JACK,4 DOWN,,,COVER 1,,MSST 02,MSST 02,24,8,00; 03; 11,1,11,R,,L,7,3,0,,,COUNTER,,,0,0,1,0,0,MSST 02,MSST 02,24,00; 03; 11,08,UNDER,3x1,0,P,,0,COVER 1
657,"2509 Mississippi State O @ Arkansas, Play 053",53,4,1,10,'-48,1,,,9,7,'-10,P,L,11,DOUBLES,,,,,,,OPEN,SW VERTS RD,SACK,GN,,,PA,MAN,BENCH,4 DOWN,,,COVER 4,,MSST 02,MSST 02,24,8,00; 03; 11,1,11,P,,L,3,'-10,0,0,,UNDEFINED,,,0,0,1,0,0,MSST 02,MSST 02,24,00; 03; 11,08,UNDER,2x2,0,R,,0,COVER 4
658,"2509 Mississippi State O @ Arkansas, Play 054",54,4,2,20,'-38,2,,,9,8,33,P,L,11,TREY Y OFF,,,,,,,OFF,VERTS,COMPLETE,GN,,,PA,MAN,BENCH,4 DOWN,SH INLAW,,COVER 2,,MSST 03,MSST 02,24,87,00; 03; 11,0,11,P,,L,'-10,33,0,0,,UNDEFINED,ARUN D10 RPS,,0,0,0,0,0,MSST 03,MSST 02,24,00; 03; 11,87,WIDE UNDER,3x1,0,P,MSST 03,0,COVER 2
659,"2509 Mississippi State O @ Arkansas, Play 055",55,4,1,10,'+14,1,,RA,9,9,0,P,M,11,TREY Y OFF,,,,,,,OFF,SLUGGOS,INCOMPLETE,GF,,,DB,MAN,BENCH,4 DOWN,,,COVER 3 SEAM,,,MSST 02,6,87,00; 03; 11,0,11,P,,C,33,0,0,0,,,ARUN D21 DPI,,0,0,0,0,0,,MSST 02,06,00; 03; 11,87,OVER,1x3,0,P,MSST 03,0,COVER 3 SEAM
660,"2509 Mississippi State O @ Arkansas, Play 056",56,4,1,2,'+2,1,GL,RA,9,10,2,R,M,11,DUO YH OFF,,,,,,,ON,,,GN,INSIDE ZN RD,WK,ZN,,SOLID,5 DOWN,,,COVER 1,,MSST 06,MSST 02,6,87,00; 03; 11,0,11,R,,C,,2,0,,,MAN,,MSST 06,0,0,0,0,0,MSST 06,MSST 02,06,00; 03; 11,87,UNDER,2x2,1,P,,0,COVER 1
661,"2509 Mississippi State O @ Arkansas, Play 057",57,4,0,10,'-29,P,,,10,1,11,R,L,11,TRIPS,,Z MTR,,,,,ON,,,GF,OUTSIDE ZN,STR,ZN,,BENCH,4 DOWN,,,COVER 1,,MSST 06,MSST 02,6,8,00; 03; 04,0,11,R,,L,39,11,0,,,OUTSIDE ZONE,,,0,0,0,0,0,MSST 06,MSST 02,06,00; 03; 04,08,WIDE UNDER,3x1,1,,,0,COVER 1
662,"2509 Mississippi State O @ Arkansas, Play 058",58,4,1,10,'-40,1,,,10,2,'-5,R,L,11,TRIPS,,,,,,,ON,,,GN,Q CTR OT RD,STR,GAP,,JACK,4 DOWN,,,COVER 3 SEAM,,MSST 06,MSST 02,6,8,00; 03; 04,1,11,R,,L,11,'-5,0,,,COUNTER,ARUN D97 UNRd,,0,0,1,0,0,MSST 06,MSST 02,06,00; 03; 04,08,OTHER,3x1,0,R,,0,COVER 3 SEAM
663,"2509 Mississippi State O @ Arkansas, Play 059",59,4,1,10,'+50,1,,,10,3,3,R,RM,11,TREY Y OFF,,,,,,,OFF,,,GN,Y INSERT,STR,ZN,,JACK,4 DOWN,,,COVER 3,,MSST 02,MSST 02,24,8,00; 03; 04,0,11,R,,R,'-5,3,0,,,MAN,,,0,0,0,0,0,MSST 02,MSST 02,24,00; 03; 04,08,ODD,1x3,0,R,,0,COVER 3
664,"2509 Mississippi State O @ Arkansas, Play 060",60,4,2,7,'+47,2,,,10,4,27,P,L,11,TRIPS OPEN FIB,Y AT 2,,,X,,,OPEN,SW VERTS,COMPLETE,GF,,,PA,MAN,BENCH,4 DOWN,,,COVER 1,,MSST 00,MSST 02,24,8,00; 03; 04,1,11,P,,L,3,27,0,0,,UNDEFINED,,,0,0,1,0,0,MSST 00,MSST 02,24,00; 03; 04,08,OVER,1x3,0,R,MSST 00,0,COVER 1
665,"2509 Mississippi State O @ Arkansas, Play 061",61,4,1,10,'+20,1,,RA,10,5,0,P,M,11,DOUBLES,,,,,,,OPEN,HITCHES,BATTED PASS,GN,,,RPO,QK SET,BENCH,4 DOWN,,,COVER 1,,,MSST 02,24,8,00; 03; 04,1,11,P,,C,27,0,0,1,,MAN,,,0,0,1,0,0,,MSST 02,24,00; 03; 04,08,OVER,2x2,1,P,,0,COVER 1
666,"2509 Mississippi State O @ Arkansas, Play 062",62,4,2,10,'+20,2,,RA,10,6,3,P,M,11,TREY Y OFF BUNCH,,,,,,,OFF,FLAT Y,COMPLETE,GN,,,RPO,SCREEN,JACK,4 DOWN,,,COVER 3,,MSST 08,MSST 02,24,8,00; 03; 04,0,11,P,,C,,3,1,0,,OUTSIDE ZONE,,,0,0,0,0,0,MSST 08,MSST 02,24,00; 03; 04,08,OTHER,1x3,1,P,MSST 08,0,COVER 3
667,"2509 Mississippi State O vs Arkansas, PFF Play 167",167,4,3,7,'+17,3,,RA,10,7,-5,X,L,11,TREY Y OFF,,,,,,,OFF,,,GN,,,,,UNDER,4 DOWN,,,,,,MSST 02,06,08,00; 03; 04,0,11,X,7,L,3,,0,,,,MSST 61 FST,,0,0,0,0,0,,MSST 02,06,00; 03; 04,08,UNDER,3x1,0,P,,0,
668,"2509 Mississippi State O @ Arkansas, Play 064",64,4,3,12,'+22,3,,RA,10,8,'-11,P,L,11,DOUBLES,,Y RETURN,,,,,OPEN,SW VERTS RD,SACK,GF,,,DB,MAN,SPLIT,4 DOWN,,ARROW,COVER 1,,MSST 02,MSST 02,6,8,00; 03; 04,0,11,P,,L,,'-11,0,0,,,,,0,0,0,0,0,MSST 02,MSST 02,06,00; 03; 04,08,EVEN,2x2,0,,,1,COVER 1
669,"2509 Mississippi State O @ Arkansas, Play 065",65,4,0,10,'-31,P,,,11,1,1,R,L,11,TREY Y OFF,,Y MTR,,,,,OFF,,,GN,CTR OY,STR,GAP,,BENCH,4 DOWN,,,COVER 1,4,MSST 06,MSST 02,6,8,00; 03; 11,0,11,R,,L,43,1,0,,,COUNTER,,,0,0,0,2,0,MSST 06,MSST 02,06,00; 03; 11,08,WIDE UNDER,3x1,1,,,0,COVER 1
670,"2509 Mississippi State O @ Arkansas, Play 066",66,4,2,9,'-32,2,,,11,2,2,P,L,11,DOUBLES,,,,,,,OPEN,SW VERTS RD,COMPLETE,GF,,,PA,QK SET,BENCH,4 DOWN,,,COVER 1,4,MSST 08,MSST 02,6,8,00; 03; 11,1,11,P,,L,1,2,0,1,,MAN,,,0,0,1,2,0,MSST 08,MSST 02,06,00; 03; 11,08,WIDE UNDER,2x2,1,R,MSST 08,0,COVER 1
671,"2509 Mississippi State O @ Arkansas, Play 067",67,4,3,7,'-34,3,,,11,3,0,P,L,11,DOUBLES,,H BNC,,,,,OPEN,SLANTS,INCOMPLETE,GN,,,QK,MAN,OVER,4 DOWN,DBL INLAW,,COVER 1,4,,MSST 02,6,8,00; 03; 11,0,11,P,,L,2,0,0,1,,,,,0,0,0,2,0,,MSST 02,06,00; 03; 11,08,WIDE OVER,2x2,0,P,MSST 03,0,COVER 1
672,"2509 Mississippi State O @ Arkansas, Play 068",68,4,4,7,'-34,4,,,11,4,32,P,L,11,DOUBLES,,Y IN,,,,,OPEN,VERT Y,COMPLETE,GN,,,DB,MAN,SPLIT,4 DOWN,,ARROW,COVER 1,4,MSST 00,MSST 02,6,8,00; 03; 11,0,11,P,,L,,32,0,0,,,,,0,0,0,2,0,MSST 00,MSST 02,06,00; 03; 11,08,EVEN,2x2,0,P,MSST 00,0,COVER 1
673,"2509 Mississippi State O @ Arkansas, Play 069",69,4,1,10,'+34,1,,,11,5,8,R,L,11,TRIPS,,,,,,,ON,,,GF,Q CTR OT RD,STR,GAP,,OVER,4 DOWN,,,COVER 4,4,MSST 02,MSST 02,24,8,00; 03; 11,0,11,R,,L,32,8,0,,,COUNTER,,,0,0,0,2,0,MSST 02,MSST 02,24,00; 03; 11,08,WIDE UNDER,3x1,0,P,,0,COVER 4
674,"2509 Mississippi State O @ Arkansas, Play 070",70,4,2,2,'+26,2,,,11,6,3,R,L,11,TREY Y OFF,,,,,,,OFF,,,GN,Y INSERT,STR,ZN,,SPLIT,4 DOWN,,,COVER 1,2,MSST 24,MSST 02,24,8,00; 03; 11,1,11,R,,L,8,3,0,,,MAN,,,0,0,1,2,0,MSST 24,MSST 02,24,00; 03; 11,08,EVEN,3x1,1,R,,0,COVER 1
675,"2509 Mississippi State O @ Arkansas, Play 071",71,4,1,10,'+23,1,,RA,11,7,1,R,LM,11,TRIPS OPEN,,,,,,,OPEN,,,GF,Q CTR OTAIL,WK,GAP,,SPLIT,4 DOWN,,,COVER 1,2,MSST 02,MSST 02,24,8,00; 03; 11,1,11,R,,L,3,1,0,,,COUNTER,,,0,0,1,2,0,MSST 02,MSST 02,24,00; 03; 11,08,EVEN,3x1,0,R,,0,COVER 1
676,"2509 Mississippi State O @ Arkansas, Play 072",72,4,2,9,'+22,2,,RA,11,8,4,P,L,11,TRIPS OPEN,,,,,,,OPEN,OVER,RUN,GN,,,PA,MAN,SPLIT,4 DOWN,,,COVER 6,2,MSST 02,MSST 02,24,8,00; 03; 11,1,11,P,,L,1,4,0,0,,UNDEFINED,,,0,0,1,2,0,MSST 02,MSST 02,24,00; 03; 11,08,EVEN,3x1,0,R,,0,COVER 6
677,"2509 Mississippi State O @ Arkansas, Play 073",73,4,3,5,'+18,3,,RA,11,9,0,P,R,11,DUO Y OFF,,Y MO/H MTR,,,,X,OFF,OVERS,INCOMPLETE,GN,,,BOOT,FS LT,SPLIT,4 DOWN,,GUTS,COVER 1,2,,MSST 02,6,8,00; 03; 11,0,11,P,,R,4,0,0,0,,OUTSIDE ZONE,,,0,0,0,2,0,,MSST 02,06,00; 03; 11,08,EVEN,2x2,0,P,MSST 11,1,COVER 1
678,"2509 Mississippi State O @ Arkansas, Play 074",74,4,4,5,'+18,4,,RA,11,10,18,P,R,11,TRIPS OPEN,STK,H BNC,,,,,OPEN,SPACING,COMPLETE,GF,,,QK,MAN,BENCH,4 DOWN,TORO,,COVER 1,2,MSST 03,MSST 02,6,8,00; 03; 11,0,11,P,,R,,18,0,0,,,,MSST 03,0,0,0,2,0,MSST 03,MSST 02,06,00; 03; 11,08,WIDE UNDER,1x3,0,P,MSST 03,0,COVER 1
679,"2509 Mississippi State O vs Arkansas, PFF Play 193",193,4,0,3,'+3,P,GL,RA,12,1,-5,R,R,12,CLOSED - CLOSED,,,,,,,,,,,,,,,JACK,4 DOWN,,,,,MSST 02,MSST 02,06,08; 10,00; 03,0,12,R,1,R,18,-5,0,,,UNDEFINED,,,0,0,0,0,0,MSST 02,MSST 02,06,00; 03,08; 10,OTHER,1x1,0,P,,0,
680,"2510 Mississippi State O vs Georgia, Play 001",1,1,0,10,'-25,P,,,1,1,6,P,R,11,TREY H HIP BUNCH,,H OUT,,,,,ON,FLOOD,RUN,GN,,,NKD,FS LT,OVER,4 DOWN,,FLD EXIT,COVER 3,,MSST 02,MSST 02,6,8,00; 03; 11,0,11,P,,R,70,6,0,0,,,,,0,0,0,0,0,MSST 02,MSST 02,06,00; 03; 11,08,WIDE OVER,1x3,0,,,1,COVER 3
681,"2510 Mississippi State O vs Georgia, Play 002",2,1,2,4,'-31,2,,,1,2,10,R,L,11,TREY Y OFF FIB,,,,X,,,OFF,,,GF,OUTSIDE ZN,STR,ZN,,EVEN,4 DOWN,,,COVER 2,,MSST 06,MSST 02,6,8,00; 03; 11,1,11,R,,L,6,10,0,,,OUTSIDE ZONE,,,0,0,1,0,0,MSST 06,MSST 02,06,00; 03; 11,08,EVEN,1x3,1,P,,0,COVER 2
682,"2510 Mississippi State O vs Georgia, Play 003",3,1,1,10,'-41,1,,,1,3,1,R,L,11,TREY Y OFF FIB,,,,X,,,OFF,,,GF,OUTSIDE ZN RD,STR,ZN,,STACK,3 DOWN,,,COVER 4,,MSST 06,MSST 02,6,8,00; 03; 11,1,11,R,,L,10,1,0,,,OUTSIDE ZONE,,,0,0,1,0,0,MSST 06,MSST 02,06,00; 03; 11,08,ODD,1x3,0,R,,0,COVER 4
683,"2510 Mississippi State O vs Georgia, Play 004",4,1,2,9,'-42,2,,,1,4,'-2,R,L,11,TREY Y OFF,,H MTR,,,,,OFF,,,GN,CTR OY,WK,GAP,,EVEN,4 DOWN,,,COVER 1,,MSST 06,MSST 02,6,8,00; 03; 11,1,11,R,,L,1,'-2,0,,,COUNTER,,,0,0,1,0,0,MSST 06,MSST 02,06,00; 03; 11,08,WIDE UNDER,3x1,0,R,,0,COVER 1
684,"2510 Mississippi State O vs Georgia, Play 005",5,1,3,11,'-40,3,,,1,5,11,P,L,11,TRIPS OPEN,Y FLEX/STK,H IN,,,,,OPEN,VERTS RD,COMPLETE,GN,,,DB,MAN,BENCH,4 DOWN,DBL OUTLAW,,COVER 3,,MSST 00,MSST 02,6,8,00; 03; 11,1,11,P,,L,'-2,11,0,0,,,,,0,0,1,0,0,MSST 00,MSST 02,06,00; 03; 11,08,WIDE UNDER,3x1,0,R,MSST 00,0,COVER 3
685,"2510 Mississippi State O vs Georgia, Play 006",6,1,1,10,'+49,1,,,1,6,'-5,P,C,11,DOUBLES,,,,,,,OPEN,CURLS,SACK,GN,,,RPO,QK SET,BENCH,4 DOWN,,FLD OPPOSITE,COVER 1,,MSST 02,MSST 02,6,8,00; 03; 11,1,11,P,,C,11,'-5,0,0,,INSIDE ZONE,,,0,0,1,0,0,MSST 02,MSST 02,06,00; 03; 11,08,WIDE OVER,2x2,1,P,,1,COVER 1
686,"2510 Mississippi State O vs Georgia, Play 007",7,1,2,15,'-46,2,,,1,7,12,P,C,11,DUO Y OFF,SNUG,,,,,,OFF,CURL FLAT,COMPLETE,GN,,,PA,FS LT,JACK,4 DOWN,TEX,,COVER 4,,MSST 87,MSST 02,24,87,03; 11; 13,0,11,P,,C,'-5,12,0,0,,UNDEFINED,,,0,0,0,0,0,MSST 87,MSST 02,24,03; 11; 13,87,UNDER,2x2,0,P,MSST 87,0,COVER 4
687,"2510 Mississippi State O vs Georgia, Play 008",8,1,3,3,'+42,3,,,1,8,7,P,R,11,DOUBLES,,TOZ,,,,,OPEN,91,COMPLETE,GF,,,DB,QK SET,BEAR,5 DOWN,TEX,,COVER 1,,MSST 03,MSST 02,24,87,03; 11; 13,1,11,P,,R,12,7,0,1,,,,,0,0,1,0,0,MSST 03,MSST 02,24,03; 11; 13,87,BEAR,2x3,0,P,MSST 03,1,COVER 1
688,"2510 Mississippi State O vs Georgia, Play 009",9,1,1,10,'+35,1,,,1,9,5,R,R,11,TREY Y OFF,,Y MTR,,,,,OFF,,,GF,SPL ZN,STR,ZN,,JACK,4 DOWN,,,COVER 3,,MSST 24,MSST 02,24,8,00; 03; 11,1,11,R,,R,7,5,0,,,OUTSIDE ZONE,,,0,0,1,0,0,MSST 24,MSST 02,24,00; 03; 11,08,OVER,1x3,1,P,,0,COVER 3
689,"2510 Mississippi State O vs Georgia, Play 010",10,1,2,5,'+30,2,,,1,10,4,P,C,11,DUO Y OFF,,,,,,,OFF,91,COMPLETE,GF,,,DB,FS RT,JACK,4 DOWN,,,COVER 4,,MSST 08,MSST 02,24,8,00; 03; 11,1,11,P,,C,5,4,0,1,,,,,0,0,1,0,0,MSST 08,MSST 02,24,00; 03; 11,08,ODD,2x2,0,R,MSST 08,0,COVER 4
690,"2510 Mississippi State O vs Georgia, Play 011",11,1,3,1,'+26,3,SY,,1,11,15,R,L,11,TREY Y OFF,SNUG,,,,,,OFF,,,GN,SPL ZN SS,STR,ZN,,JACK,4 DOWN,,STORM,COVER 1,,MSST 24,MSST 02,24,8,00; 03; 11,1,11,R,,L,4,15,0,,,INSIDE ZONE,,,0,0,1,0,0,MSST 24,MSST 02,24,00; 03; 11,08,UNDER,3x1,0,P,,1,COVER 1
691,"2510 Mississippi State O vs Georgia, Play 012",12,1,1,10,'+11,1,,RA,1,12,2,P,L,11,DUO Y OFF,,H MTR,,,,,OFF,SLIPPER H,RUN,GN,,,NKD,ZN,EVEN,4 DOWN,,,RED ZONE,,MSST 02,MSST 02,6,8,00; 03; 11,0,11,P,,L,15,2,0,0,,INSIDE ZONE,,,0,0,0,0,0,MSST 02,MSST 02,06,00; 03; 11,08,WIDE OVER,2x2,1,R,,0,RED ZONE
692,"2510 Mississippi State O vs Georgia, Play 013",13,1,2,8,'+9,2,,RA,1,13,5,R,R,11,PRO,,,,,,,ON,,,GS,Q CTR OT RD,WK,GAP,,JACK,4 DOWN,TEX,,RED ZONE,,MSST 02,MSST 02,6,8,00; 03; 11,1,11,R,,R,2,5,0,,,COUNTER,,,0,0,1,0,0,MSST 02,MSST 02,06,00; 03; 11,08,BEAR,1x2,0,P,,0,RED ZONE
693,"2510 Mississippi State O vs Georgia, Play 014",14,1,3,3,'+4,3,GL,RA,1,14,4,R,C,01,EMPTY 3x2 FIB,,S MTR,,X,,,OFF,,,GEMP,Q CTR OY RD,WK,GAP,,BEAR,5 DOWN,TEX,,COVER 0,,MSST 01,MSST 01,,87,00; 03; 09; 11,0,01,R,,C,5,4,0,,,COUNTER,,MSST 01,0,0,0,0,0,MSST 01,MSST 01,,00; 03; 09; 11,87,OVER,2x3,0,R,,0,COVER 0
694,"2510 Mississippi State O vs Georgia, PFF Play 026",26,1,0,10,'-25,P,,,2,1,-5,X,R,12,KING U OFF,,,,,,,SLOT,,,PSTL,,,,,BENCH,4 DOWN,,,,,,MSST 02,24,08; 10,00; 03,0,12,X,1,R,4,,0,,,,MSST 72 ILP,,0,0,0,0,0,,MSST 02,24,00; 03,08; 10,WIDE UNDER,1x3,0,R,,0,
695,"2510 Mississippi State O vs Georgia, Play 016",16,1,1,15,'-20,1,,,2,2,5,P,R,12,KING U OFF,,U MO,,,,,SLOT,FLOOD,RUN,PSTL,,,NKD,SPR O LT,JACK,4 DOWN,,,COVER 3 CLOUD,,MSST 02,MSST 02,24,08; 10,00; 03,0,12,P,,R,,5,0,0,,OUTSIDE ZONE,,,0,0,0,0,0,MSST 02,MSST 02,24,00; 03,08; 10,ODD,1x3,0,,,0,COVER 3 CLOUD
696,"2510 Mississippi State O vs Georgia, Play 017",17,1,2,10,'-25,2,,,2,3,5,R,L,12,UNBAL TO TREY U STING FIB,ENDOVER,,,X,X,X,WING SLOT,,,GN,TOSS SWEEP,STR,ZN,,JACK,4 DOWN,,,COVER 3,,MSST 24,MSST 02,24,08; 10,00; 03,1,12,R,,L,5,5,0,,,OUTSIDE ZONE,,,0,0,1,0,0,MSST 24,MSST 02,24,00; 03,08; 10,WIDE OVER,0x5,0,P,,0,COVER 3
697,"2510 Mississippi State O vs Georgia, Play 018",18,1,3,5,'-30,3,,,2,4,3,P,L,11,DUO Z HIP,,Z MTR,,,,,OPEN,SMASH,COMPLETE,GF,,,DB,MAN,SOLID,5 DOWN,?,ARROW,COVER 2,,MSST 03,MSST 02,24,8,00; 03; 11,0,11,P,,L,5,3,0,0,,,(D) MSST 24 CHB,,0,0,0,0,0,MSST 03,MSST 02,24,00; 03; 11,08,UNDER,2x2,0,R,MSST 03,1,COVER 2
698,"2510 Mississippi State O vs Georgia, Play 019",19,1,0,10,'-3,P,,,3,1,2,R,L,11,TREY Y OFF,,,,,,,OFF,,,GN,Y INSERT,STR,ZN,,OVER,4 DOWN,,FLD EXIT,COVER 3,,MSST 06,MSST 02,6,8,00; 03; 04,0,11,R,,L,1,2,0,,,INSIDE ZONE,,,0,0,0,0,0,MSST 06,MSST 02,06,00; 03; 04,08,WIDE OVER,3x1,0,R,,1,COVER 3
699,"2510 Mississippi State O vs Georgia, Play 020",20,1,2,8,'-5,2,,,3,2,0,P,L,11,DOUBLES,,BUZZ,,,,,OPEN,SLUGGOS,INCOMPLETE,GF,,,PA,MAN,STACK,3 DOWN,,SH BLAST,COVER 4,,,MSST 02,6,8,00; 03; 04,1,11,P,,L,2,0,0,0,,UNDEFINED,GAUN D04 DH,,0,0,1,0,0,,MSST 02,06,00; 03; 04,08,UNDER,2x2,0,R,MSST 03,1,COVER 4
700,"2510 Mississippi State O vs Georgia, Play 021",21,1,1,10,'-15,1,,,3,3,1,R,L,11,TRIPS OPEN,,,,,,,OPEN,,,GF,OUTSIDE ZN,STR,ZN,,EVEN,4 DOWN,,,COVER 3,,MSST 06,MSST 02,6,8,03; 04; 13,0,11,R,,L,,1,0,,,OUTSIDE ZONE,,,0,0,0,0,0,MSST 06,MSST 02,06,03; 04; 13,08,EVEN,3x1,1,P,,0,COVER 3
701,"2510 Mississippi State O vs Georgia, Play 022",22,1,2,9,'-16,2,,,3,4,0,P,R,11,DUO Y OFF,SNUG,,,,,,OFF,OVER,THROWN AWAY,GN,,,PA,MAN,OVER,4 DOWN,,FLD EXIT,COVER 3,,,MSST 02,6,8,00; 03; 11,1,11,P,,R,1,0,0,0,,UNDEFINED,,,0,0,1,0,0,,MSST 02,06,00; 03; 11,08,WIDE UNDER,2x2,0,R,,1,COVER 3
702,"2510 Mississippi State O vs Georgia, Play 023",23,1,3,9,'-16,3,,,3,5,10,P,R,11,TRIPS OPEN,Y FLEX/STK,H IN,,,,,OPEN,SPACING,COMPLETE,GN,,,DB,MAN,LOAD,5 DOWN,?,ARROW,COVER 2,,MSST 00,MSST 02,6,8,00; 03; 11,0,11,P,,R,,10,0,0,,,,,0,0,0,0,0,MSST 00,MSST 02,06,00; 03; 11,08,LOAD,1x3,0,P,MSST 00,1,COVER 2
703,"2510 Mississippi State O vs Georgia, Play 024",24,1,1,10,'-26,1,,,3,6,'-14,P,RM,11,DUO Y OFF,,,,,,X,OFF,OVERS,SACK,GF,,,DB,MAN,OVER,4 DOWN,,FLD OPPOSITE,COVER 1,,MSST 02,MSST 02,6,8,00; 03; 11,1,11,P,,C,10,'-14,0,0,,,,,0,0,1,0,0,MSST 02,MSST 02,06,00; 03; 11,08,WIDE UNDER,2x2,0,P,,1,COVER 1
704,"2510 Mississippi State O vs Georgia, Play 025",25,1,2,24,'-12,2,,,3,7,4,R,R,11,DOUBLES,,,,,,,OPEN,,,GN,PIN PULL RD,WK,GAP,,JACK,4 DOWN,,,COVER 2,,MSST 02,MSST 02,24,8,04; 09; 13,0,11,R,,R,'-14,4,0,,,PULL LEAD,,,0,0,0,0,0,MSST 02,MSST 02,24,04; 09; 13,08,ODD,2x2,0,P,,0,COVER 2
705,"2510 Mississippi State O vs Georgia, Play 026",26,1,3,20,'-16,3,,,3,8,3,P,R,11,DOUBLES,,,,,,,OPEN,CURLS,RUN,GN,,,DB,MAN,BEAR,5 DOWN,,,COVER 3,,MSST 02,MSST 02,24,8,04; 09; 13,1,11,R,,R,4,3,0,,,DRAW,(D) MSST 75 OH,,0,0,1,0,0,MSST 02,MSST 02,24,04; 09; 13,08,ONE INTERIOR,2x2,0,R,,0,COVER 3
706,"2510 Mississippi State O vs Georgia, Play 027",27,2,0,10,'-25,P,,,4,1,7,R,R,11,TREY Y OFF FIB,,SHIFT,,X,,,OFF,,,GF,OUTSIDE ZN,STR,ZN,,BENCH,4 DOWN,,,COVER 3,,MSST 24,MSST 02,24,8,03; 11; 13,0,11,R,,R,73,7,0,,,OUTSIDE ZONE,,,0,0,0,0,0,MSST 24,MSST 02,24,03; 11; 13,08,WIDE OVER,3x1,1,,,0,COVER 3
707,"2510 Mississippi State O vs Georgia, Play 028",28,2,2,3,'-32,2,,,4,2,1,R,R,11,TREY Y OFF FIB,,H MTR,,X,,,OFF,,,GF,Q CTR OY RD,WK,GAP,,OVER,4 DOWN,,FLD OPPOSITE,COVER 0,,MSST 02,MSST 02,24,8,03; 11; 13,1,11,R,,R,7,1,0,,,COUNTER,,,0,0,1,0,0,MSST 02,MSST 02,24,03; 11; 13,08,WIDE UNDER,2x1,0,R,,0,COVER 0
708,"2510 Mississippi State O vs Georgia, Play 029",29,2,3,2,'-33,3,SY,,4,3,5,R,M,11,DUO Y OFF,,BUZZ,,,,,OFF,,,GN,Y INSERT,STR,ZN,,JOKER,4 DOWN,,FLAME,COVER 3,,MSST 24,MSST 02,24,8,03; 11; 13,1,11,R,,C,1,5,0,,,INSIDE ZONE,,,0,0,1,0,0,MSST 24,MSST 02,24,03; 11; 13,08,OVER,1x2,0,R,,1,COVER 3
709,"2510 Mississippi State O vs Georgia, Play 030",30,2,1,10,'-38,1,,,4,4,5,R,RM,11,DOUBLES,,,,,,,OPEN,,,PSTL,INSIDE ZN,STR,ZN,,STACK,3 DOWN,,,COVER 4,,MSST 24,MSST 02,24,8,03; 11; 13,1,11,R,,R,5,5,0,,,INSIDE ZONE,,,0,0,1,0,0,MSST 24,MSST 02,24,03; 11; 13,08,ODD,2x2,1,R,,0,COVER 4
710,"2510 Mississippi State O vs Georgia, Play 031",31,2,2,5,'-43,2,,,4,5,0,R,R,11,TREY Y OFF,,Y MTR,,,,,OFF,,,PSTL,OUTSIDE ZN,STR,ZN,,EVEN,4 DOWN,,,COVER 0,,MSST 24,MSST 02,24,8,03; 11; 13,1,11,R,,R,5,0,0,,,OUTSIDE ZONE,,,0,0,1,0,0,MSST 24,MSST 02,24,03; 11; 13,08,EVEN,1x2,0,R,,0,COVER 0
711,"2510 Mississippi State O vs Georgia, Play 032",32,2,3,5,'-43,3,,,4,6,0,P,M,11,DOUBLES,STK,Z BNC,,,,,OPEN,SW VERTS RD,INCOMPLETE,GN,,,QK,MAN,BENCH,4 DOWN,TRIO?,,COVER 1,,,MSST 02,6,8,00; 03; 11,0,11,P,,C,0,0,0,0,,,,,0,0,0,0,0,,MSST 02,06,00; 03; 11,08,WIDE OVER,2x2,0,R,MSST 03,0,COVER 1
712,"2510 Mississippi State O vs Georgia, Play 033",33,2,0,10,'-35,P,,,5,1,8,P,L,11,TREY Y OFF,,,,,,,OFF,Y DELAY,COMPLETE,GN,,,DB,FS RT,EVEN,4 DOWN,DBL OUTLAW,,COVER 2,,MSST 08,MSST 02,6,8,00; 03; 11,0,11,P,,L,63,8,0,0,,,,,0,0,0,0,0,MSST 08,MSST 02,06,00; 03; 11,08,EVEN,3x1,0,,MSST 08,0,COVER 2
713,"2510 Mississippi State O vs Georgia, Play 034",34,2,2,2,'-43,2,,,5,2,10,R,M,11,DUO Y OFF,,Y MTR,,,,,OFF,,,PSTL,SPL ZN,STR,ZN,,SOLID,5 DOWN,TEX,,COVER 1,,MSST 06,MSST 02,6,8,00; 03; 11,1,11,R,,C,8,10,0,,,OUTSIDE ZONE,,,0,0,1,0,0,MSST 06,MSST 02,06,00; 03; 11,08,OVER,2x2,0,P,,0,COVER 1
714,"2510 Mississippi State O vs Georgia, Play 035",35,2,1,10,'+47,1,,,5,3,19,P,L,11,DUO Y OFF,,,,,,,OFF,CURLS,COMPLETE,GF,,,PA,HS,OVER,5 DOWN,,FLD EXIT,COVER 3,,MSST 03,MSST 02,6,8,00; 03; 11,1,11,P,,L,10,19,0,0,,UNDEFINED,,,0,0,1,0,0,MSST 03,MSST 02,06,00; 03; 11,08,WIDE OVER,2x1,0,R,MSST 03,1,COVER 3
715,"2510 Mississippi State O vs Georgia, PFF Play 076",76,2,1,10,'+28,1,,,5,4,-5,X,R,11,SLOT - OPEN,,,,,,,OFF,,,GF,,,,,ODD,4 DOWN,,,,,,MSST 02,06,08,00; 03; 11,0,11,X,4,R,19,,0,,,,MSST 52 FST,,0,0,0,0,0,,MSST 02,06,00; 03; 11,08,ODD,2x1,0,P,,0,
716,"2510 Mississippi State O vs Georgia, Play 037",37,2,1,15,'+33,1,,,5,5,3,R,R,01,EMPTY 3x2 Y OFF,,,,,,,OFF,,,GEMP,QB DRAW,,DRAW,,STACK,3 DOWN,SH TEX,,COVER 4,,MSST 01,MSST 01,,8,00; 03; 09; 11,0,01,R,,R,,3,0,,,DRAW,,,0,0,0,0,0,MSST 01,MSST 01,,00; 03; 09; 11,08,OVER,2x2,0,,,0,COVER 4
717,"2510 Mississippi State O vs Georgia, Play 038",38,2,2,12,'+30,2,,,5,6,0,P,M,01,EMPTY 3x2 Y OFF,,,,,,,OFF,VERTS RD,INCOMPLETE,GEMP,,,DB,32,SPLIT,4 DOWN,INLAW,,COVER 3,4,,MSST 01,,8,00; 03; 09; 11,1,01,P,,C,3,0,0,0,,,,,0,0,1,0,0,,MSST 01,,00; 03; 09; 11,08,WIDE UNDER,3x2,0,R,MSST 03,0,COVER 3
718,"2510 Mississippi State O vs Georgia, Play 039",39,2,3,12,'+30,3,,,5,7,7,P,L,11,TRIPS OPEN,Y FLEX/STK,H IN,,,,,OPEN,DIGS,COMPLETE,GN,,,QK,MAN,LOAD,4 DOWN,,STORM (RACE),COVER 3,4,MSST 11,MSST 02,24,8,00; 03; 11,0,11,P,,L,,7,0,0,,,,,0,0,0,0,0,MSST 11,MSST 02,24,00; 03; 11,08,ONE INTERIOR,3x1,0,P,MSST 11,1,COVER 3
719,"2510 Mississippi State O vs Georgia, Play 040",40,2,4,5,'+23,4,,RA,5,8,0,P,R,11,EMPTY 4x1,,T MTR,,,,X,OPEN,MESH,INCOMPLETE,GEMP,,,DB,MAN,LOAD,4 DOWN,,,COVER 1,4,,MSST 02,24,8,00; 03; 04,0,11,P,,R,7,0,0,0,,,,,0,0,0,0,0,,MSST 02,24,00; 03; 04,08,LOAD,1x3,0,P,MSST 24,0,COVER 1
720,"2510 Mississippi State O vs Georgia, Play 041",41,2,0,10,'-25,P,,,6,1,0,P,R,01,EMPTY 3x2,,,,,,,OPEN,VERTS RD,BATTED PASS,GEMP,,,DB,MAN,EVEN,4 DOWN,DBL OUTLAW,,COVER 2,2,,MSST 02,,8,00; 03; 09; 11,0,01,P,,R,69,0,0,0,,,,,0,0,0,0,0,,MSST 02,,00; 03; 09; 11,08,EVEN,2x3,0,,,0,COVER 2
721,"2510 Mississippi State O vs Georgia, PFF Play 097",97,2,2,10,'-25,2,,,6,2,-5,R,R,01,TRIPS - PRO,,,,,,,,,,GEMP,,,,,BENCH,4 DOWN,,,,,MSST 02,MSST 02,,08,00; 03; 09; 11,1,01,R,2,R,7,-5,0,,,UNDEFINED,,,0,0,1,0,0,MSST 02,MSST 02,,00; 03; 09; 11,08,WIDE UNDER,2x3,0,P,,0,
722,"2510 Mississippi State O vs Georgia, Play 043",43,3,0,10,'-25,P,,,7,1,2,R,R,11,TREY Y OFF,,Y NR,,,,,OFF,,,GF,OUTSIDE ZN RD,STR,ZN,,JACK,4 DOWN,,,COVER 4,,MSST 24,MSST 02,24,8,00; 03; 11,0,11,R,,R,68,2,0,,,OUTSIDE ZONE,,,0,0,0,0,0,MSST 24,MSST 02,24,00; 03; 11,08,ODD,1x3,0,,,0,COVER 4
723,"2510 Mississippi State O vs Georgia, Play 044",44,3,2,8,'-27,2,,,7,2,5,P,L,11,DOUBLES,,,,,,,OPEN,91,COMPLETE,GN,,,QK,HS,EVEN,4 DOWN,TORO,EXIT,COVER 3,,MSST 08,MSST 02,24,8,00; 03; 11,1,11,P,,L,2,5,0,0,,UNDEFINED,,,0,0,1,0,0,MSST 08,MSST 02,24,00; 03; 11,08,EVEN,2x2,0,R,MSST 08,1,COVER 3
724,"2510 Mississippi State O vs Georgia, Play 045",45,3,3,3,'-32,3,,,7,3,0,P,L,11,DOUBLES,,TOZ,,,,,OPEN,91,HIT AS THREW,GF,,,QK,QK SET,OKIE (SHADE),4 DOWN,WATCH,,COVER 4,,,MSST 02,6,8,00; 03; 11,1,11,P,,L,5,0,0,1,,,,,0,0,1,0,0,,MSST 02,06,00; 03; 11,08,ONE INTERIOR,3x2,0,P,,0,COVER 4
725,"2510 Mississippi State O vs Georgia, Play 046",46,3,0,10,'-25,P,,,8,1,'-2,P,R,11,TRIPS,STK,,,,,,ON,NOW SCR,COMPLETE,GF,,,SCR,QK SET,OVER,4 DOWN,,FLD EXIT,COVER 3,,MSST 03,MSST 01,6,10,00; 03; 11,0,11,P,,R,69,'-2,1,0,,INSIDE ZONE,,,0,0,0,0,0,MSST 03,MSST 01,06,00; 03; 11,10,WIDE OVER,1x3,1,,MSST 03,1,COVER 3
726,"2510 Mississippi State O vs Georgia, Play 047",47,3,2,12,'-23,2,,,8,2,14,P,L,11,TREY Y OFF,ENDOVER,,,,X,,OFF,BUBBLE SCR,COMPLETE,GF,,,SCR,ZN,JACK,4 DOWN,,,COVER 3,,MSST 00,MSST 01,6,10,00; 03; 11,0,11,P,,L,'-2,14,1,0,,OUTSIDE ZONE,,,0,0,0,0,0,MSST 00,MSST 01,06,00; 03; 11,10,BEAR,4x0,1,P,MSST 00,0,COVER 3
727,"2510 Mississippi State O vs Georgia, Play 048",48,3,1,10,'-37,1,,,8,3,0,P,R,11,DUO Y OFF,,,,,,X,OFF,OVERS,INCOMPLETE,PSTL,,,PA,FS LT,OVER,4 DOWN,,FLD EXIT,COVER 3 SEAM,,,MSST 01,6,10,00; 03; 11,1,11,P,,R,14,0,0,0,,OUTSIDE ZONE,,,0,0,1,0,0,,MSST 01,06,00; 03; 11,10,WIDE OVER,2x2,0,P,MSST 00,1,COVER 3 SEAM
728,"2510 Mississippi State O vs Georgia, Play 049",49,3,2,10,'-37,2,,,8,4,0,P,R,11,TREY Y OFF,ENDOVER,,,,X,,OFF,BUBBLE SCR,INCOMPLETE,GF,,,SCR,ZN,EVEN,4 DOWN,,,COVER 4,,,MSST 01,6,10,03; 11; 13,0,11,P,,R,,0,1,0,,OUTSIDE ZONE,,,0,0,0,0,0,,MSST 01,06,03; 11; 13,10,EVEN,0x4,1,P,MSST 11,0,COVER 4
729,"2510 Mississippi State O vs Georgia, Play 050",50,3,3,10,'-37,3,,,8,5,23,P,R,11,TRIPS OPEN,Y FLEX/STK,H IN,,,,,OPEN,VERTS RD,RUN,GN,,,DB,MAN,SPLIT,3 DOWN,WAT?,GUTS,COVER 3,,MSST 01,MSST 01,6,8,03; 09; 11,0,11,P,,R,,23,0,0,,,,,0,0,0,0,0,MSST 01,MSST 01,06,03; 09; 11,08,ONE INTERIOR,1x3,0,P,,1,COVER 3
730,"2510 Mississippi State O vs Georgia, Play 051",51,3,1,10,'+40,1,,,8,6,0,P,R,11,DUO Y OFF,,,,,,,OFF,SW VERTS RD,INCOMPLETE,GF,,,PA,QK SET,OVER,3 DOWN,,,COVER 1,,,MSST 01,6,8,03; 09; 11,1,11,P,,R,23,0,0,0,,UNDEFINED,GAUN D08 DPI,,0,0,1,0,0,,MSST 01,06,03; 09; 11,08,WIDE OVER,1x2,0,P,MSST 03,1,COVER 1
731,"2510 Mississippi State O vs Georgia, Play 052",52,3,1,10,'+25,1,,RA,8,7,5,R,R,11,DOUBLES,,,,,,,OPEN,,,GF,MIDLINE RD,STR,ZN,,OVER,4 DOWN,,,COVER 4,,MSST 01,MSST 01,6,8,00; 03; 11,0,11,R,,R,,5,0,,,OUTSIDE ZONE,,,0,0,0,0,0,MSST 01,MSST 01,06,00; 03; 11,08,WIDE UNDER,2x2,0,P,,0,COVER 4
732,"2510 Mississippi State O vs Georgia, Play 053",53,3,2,5,'+20,2,,RA,8,8,4,R,R,11,TREY Y OFF FIB,,H MTR,,X,,,OFF,,,GF,Q CTR OY RD,,GAP,,EVEN,4 DOWN,,,COVER 2,,MSST 03,MSST 01,6,8,00; 03; 11,1,11,R,,R,5,4,0,,,COUNTER,,,0,0,1,0,0,MSST 03,MSST 01,06,00; 03; 11,08,EVEN,2x1,0,R,,0,COVER 2
733,"2510 Mississippi State O vs Georgia, Play 054",54,3,3,1,'+16,3,SY,RA,8,9,5,R,L,11,TREY Y OFF,,BUZZ,,,,,OFF,,,GN,Y INSERT,STR,ZN,,SOLID,5 DOWN,TEX,,COVER 1,,MSST 06,MSST 01,6,8,00; 03; 11,1,11,R,,L,4,5,0,,,INSIDE ZONE,,,0,0,1,0,0,MSST 06,MSST 01,06,00; 03; 11,08,ODD,2x1,0,R,,0,COVER 1
734,"2510 Mississippi State O vs Georgia, Play 055",55,3,1,10,'+11,1,,RA,8,10,3,R,LM,11,DUO Y OFF,,H MTR,,,,,OFF,,,GF,SPL ZN,STR,ZN,,JACK,4 DOWN,,,RED ZONE,,MSST 06,MSST 01,6,8,00; 03; 11,1,11,R,,C,5,3,0,,,INSIDE ZONE,,,0,0,1,0,0,MSST 06,MSST 01,06,00; 03; 11,08,ODD,1x2,0,R,,0,RED ZONE
735,"2510 Mississippi State O vs Georgia, Play 056",56,3,2,7,'+8,2,,RA,8,11,1,R,R,11,PRO,,,,,,,ON,,,GS,Q CTR OTAIL,STR,GAP,,SOLID,5 DOWN,SH TEX,,COVER 0,,MSST 01,MSST 01,24,8,00; 03; 11,0,11,R,,R,3,1,0,,,COUNTER,,,0,0,0,0,0,MSST 01,MSST 01,24,00; 03; 11,08,UNDER,1x2,1,R,,0,COVER 0
736,"2510 Mississippi State O vs Georgia, Play 057",57,3,3,6,'+7,3,,RA,8,12,0,P,R,11,DUO YH OFF,,,,,,X,OFF,SLIPPER H,RUN,GN,,,NKD,ZN,JOKER,4 DOWN,,,COVER 0,,MSST 01,MSST 01,24,8,00; 03; 11,1,11,P,,R,1,0,0,0,,MAN,,,0,0,1,0,0,MSST 01,MSST 01,24,00; 03; 11,08,OVER,2x2,0,R,,1,COVER 0
737,"2510 Mississippi State O vs Georgia, Play 058",58,3,4,6,'+7,4,,RA,8,13,6,P,L,11,DUO Y OFF,STK/SNUG,,,,,,OFF,ANGLE Y,COMPLETE,GF,,,QK,MAN,JACK,4 DOWN,,SH FLAME,COVER 0,,MSST 08,MSST 01,24,8,00; 03; 11,0,11,P,,L,0,6,0,0,,,,,0,0,0,0,0,MSST 08,MSST 01,24,00; 03; 11,08,OVER,2x2,0,P,MSST 08,1,COVER 0
738,"2510 Mississippi State O vs Georgia, Play 059",59,3,1,1,'+1,1,GL,RA,8,14,0,R,L,11,TREY Y OFF,SNUG,,,,,,OFF,,,GN,SPL DIVE,WK,DI,,BEAR,5 DOWN,TEX,,COVER 0,,MSST 24,MSST 01,24,8,00; 03; 11,1,11,R,,L,6,0,0,,,MAN,,,0,0,1,0,0,MSST 24,MSST 01,24,00; 03; 11,08,BEAR,2x1,0,P,,1,COVER 0
739,"2510 Mississippi State O vs Georgia, Play 060",60,3,2,1,'+1,2,,RA,8,15,1,R,L,13,KING U OFF B HIP,,B MTR,,,,X,,,,GF,Q CTR UTAIL,STR,ZN,,DBL PLUG,6 DOWN,,,COVER 0,,MSST 01,MSST 01,24,08; 10; 87,0,0,13,R,,L,0,1,0,,,MAN,,MSST 01,0,0,0,0,0,MSST 01,MSST 01,24,00,08; 10; 87,DOUBLE PLUG,2x1,1,R,,0,COVER 0
740,"2510 Mississippi State O vs Georgia, Play 061",61,3,0,10,'-9,P,,,9,1,10,P,R,11,TREY Y OFF,,,,,,,OFF,Y DELAY,COMPLETE,GN,,,SCR,MAN,OVER,4 DOWN,,FLD EXIT,COVER 3,,MSST 08,MSST 01,24,8,00; 03; 11,0,11,P,,R,40,10,1,0,,,,,0,0,0,0,0,MSST 08,MSST 01,24,00; 03; 11,08,WIDE OVER,1x3,0,,MSST 08,1,COVER 3
741,"2510 Mississippi State O vs Georgia, Play 062",62,3,1,10,'-19,1,,,9,2,0,P,L,11,TREY Y OFF FIB,,,,X,,,OFF,VERTS RD,INCOMPLETE,GN,,,PA,MAN,STACK,3 DOWN,,,COVER 4,,,MSST 01,24,8,00; 03; 11,1,11,P,,L,10,0,0,0,,UNDEFINED,,,0,0,1,0,0,,MSST 01,24,00; 03; 11,08,ODD,1x3,0,P,MSST 03,0,COVER 4
742,"2510 Mississippi State O vs Georgia, Play 063",63,3,2,10,'-19,2,,,9,3,3,R,L,11,DOUBLES,,,,,,,OPEN,,,GN,QB DRAW,,DRAW,,SOLID,5 DOWN,TEX,,COVER 1,,MSST 01,MSST 01,24,8,00; 03; 11,0,11,R,,L,,3,0,,,DRAW,,,0,0,0,0,0,MSST 01,MSST 01,24,00; 03; 11,08,ODD,2x2,0,P,,0,COVER 1
743,"2510 Mississippi State O vs Georgia, Play 064",64,3,3,7,'-22,3,,,9,4,2,P,L,11,DOUBLES,,Z BNC,,,,,OPEN,CURLS,COMPLETE,GN,,,DB,MAN,BENCH,4 DOWN,TRIO?,,COVER 2,,MSST 24,MSST 01,24,8,00; 03; 11,0,11,P,,L,3,2,0,0,,,,,0,0,0,0,0,MSST 24,MSST 01,24,00; 03; 11,08,WIDE OVER,2x2,0,R,MSST 24,0,COVER 2
744,"2510 Mississippi State O vs Georgia, Play 065",65,4,0,10,'-25,P,,,10,1,'-4,R,L,11,DUO Z STING,,,,,,,ON,,,GF,OUTSIDE ZN RD,STR,ZN,,STACK,3 DOWN,,,COVER 4,,MSST 01,MSST 01,6,8,00; 03; 11,0,11,R,,L,73,'-4,0,,,OUTSIDE ZONE,,,0,0,0,0,0,MSST 01,MSST 01,06,00; 03; 11,08,WIDE OVER,2x2,1,,,0,COVER 4
745,"2510 Mississippi State O vs Georgia, Play 066",66,4,2,14,'-21,2,,,10,2,4,R,L,11,DOUBLES,,BUZZ,,,,,OPEN,,,GF,SS ZN,WK,ZN,,EVEN,4 DOWN,,,COVER 2,,MSST 06,MSST 01,6,8,00; 03; 11,1,11,R,,L,'-4,4,0,,,INSIDE ZONE,,,0,0,1,0,0,MSST 06,MSST 01,06,00; 03; 11,08,WIDE UNDER,2x2,1,R,,0,COVER 2
746,"2510 Mississippi State O vs Georgia, PFF Play 157",157,4,3,10,'-25,3,,,10,3,5,X,C,11,DOUBLES,,,,,,,OPEN,,,GF,,,,,ONE INTERIOR,,,,,,,MSST 01,06,08,00; 03; 11,0,11,X,3,C,4,,0,,,,GAUN D52 NZI,,0,0,0,0,0,,MSST 01,06,00; 03; 11,08,ONE INTERIOR,2x2,0,R,,0,
747,"2510 Mississippi State O vs Georgia, Play 068",68,4,3,5,'-30,3,,,10,4,'-3,R,M,11,DOUBLES,,TOZ,,,,,OPEN,,,GF,QB DRAW,,DRAW,,LOAD,4 DOWN,BANDIT,,COVER 1,,MSST 01,MSST 01,6,8,00; 03; 11,0,11,R,,C,,'-3,0,,,DRAW,,,0,0,0,0,0,MSST 01,MSST 01,06,00; 03; 11,08,ONE INTERIOR,3x2,1,,,0,COVER 1
748,"2510 Mississippi State O vs Georgia, Play 069",69,4,0,10,'-19,P,,,11,1,4,R,L,11,DUO Y OFF,,Y NR,,,,,OFF,,,GF,CTR OY,STR,GAP,,JACK,4 DOWN,,,COVER 4,,MSST 06,MSST 01,6,87,00; 03; 11,0,11,R,,L,40,4,0,,,COUNTER,,,0,0,0,0,1,MSST 06,MSST 01,06,00; 03; 11,87,ODD,2x2,1,,,0,COVER 4
749,"2510 Mississippi State O vs Georgia, Play 070",70,4,2,6,'-23,2,,,11,2,18,P,L,11,DOUBLES,,,,,,,OPEN,CURLS,RUN,GF,,,DB,HS,OVER,3 DOWN,,FLD EXIT,COVER 3,,MSST 01,MSST 01,6,87,00; 03; 11,1,11,P,,L,4,18,0,0,,UNDEFINED,,,0,0,1,0,1,MSST 01,MSST 01,06,00; 03; 11,87,WIDE OVER,2x2,0,R,,1,COVER 3
750,"2510 Mississippi State O vs Georgia, Play 071",71,4,1,10,'-41,1,,,11,3,57,P,M,11,DOUBLES,,,,,,,OPEN,VERT Z,COMPLETE,GF,,,DB,MAN,BENCH,4 DOWN,,FLD OPPOSITE,COVER 1,,MSST 00,MSST 01,6,87,00; 03; 11,1,11,P,,C,18,57,0,0,,UNDEFINED,,,0,0,1,0,1,MSST 00,MSST 01,06,00; 03; 11,87,WIDE OVER,2x2,0,P,MSST 00,1,COVER 1
751,"2510 Mississippi State O vs Georgia, Play 072",72,4,1,2,'+2,1,GL,RA,11,4,0,R,L,11,TREY Y OFF,SNUG,,,,,,OFF,,,GN,SPL DIVE,WK,ZN,,STACK,4 DOWN,TEX,,COVER 0,,MSST 06,MSST 01,6,87,00; 03; 11,1,11,R,,L,57,0,0,,,INSIDE ZONE,,,0,0,1,0,1,MSST 06,MSST 01,06,00; 03; 11,87,ODD,3x1,0,P,,0,COVER 0
752,"2510 Mississippi State O vs Georgia, Play 073",73,4,2,2,'+2,2,GL,RA,11,5,2,R,L,13,ACE U OFF/B STING,,,,,,,,,,GF,POWER O RD LD,STR,GAP,,BEAR,5 DOWN,TEX,,COVER 0,,MSST 01,MSST 01,6,08; 10; 87,0,0,13,R,,L,0,2,0,,,COUNTER,,MSST 01,0,0,0,0,1,MSST 01,MSST 01,06,00,08; 10; 87,UNDER,3x1,0,R,,0,COVER 0
753,"2511 Mississippi State O @ Missouri , Play 001",1,1,0,10,'-25,P,,,1,1,4,P,LM,12,ACE U OFF,,Z MTR,,,,,PRO,FLOOD,COMPLETE,GN,,,PA,GAP,BENCH,4 DOWN,TORO,EXIT,COVER 3,,MSST 24,MSST 02,24,08; 10,00; 03,0,12,P,,L,69,4,0,0,,POWER,,,0,0,0,0,0,MSST 24,MSST 02,24,00; 03,08; 10,WIDE UNDER,2x2,0,,MSST 24,1,COVER 3
754,"2511 Mississippi State O @ Missouri , Play 002",2,1,2,6,'-29,2,,,1,2,0,R,L,12,ACE YU OFF,,,,,,,OFF,,,GF,U INSERT,STR,ZN,,BENCH,4 DOWN,,FLD EXIT,COVER 3,,MSST 24,MSST 02,24,08; 10,00; 03,1,12,R,,L,4,0,0,,,OUTSIDE ZONE,,,0,0,1,0,0,MSST 24,MSST 02,24,00; 03,08; 10,WIDE OVER,2x2,1,P,,1,COVER 3
755,"2511 Mississippi State O @ Missouri , Play 003",3,1,3,6,'-29,3,,,1,3,'-7,P,LM,11,DUO,,Z BNC,,,,,ON,CURL FLAT,SACK,GF,,,DB,MAN,OKIE,3 DOWN,,,COVER 1,,MSST 02,MSST 02,24,8,00; 03; 11,0,11,P,,L,0,'-7,0,0,,,,,0,0,0,0,0,MSST 02,MSST 02,24,00; 03; 11,08,ODD,2x2,0,R,,0,COVER 1
756,"2511 Mississippi State O @ Missouri , Play 004",4,1,0,10,'-19,P,,,2,1,8,P,L,11,DUO Y OFF,,,,,,,OFF,T DELAY,COMPLETE,GN,,,DB,MAN,EVEN,4 DOWN,,,COVER 4,,MSST 06,MSST 02,6,8,00; 03; 11,0,11,P,,L,61,8,0,0,,,,,0,0,0,0,0,MSST 06,MSST 02,06,00; 03; 11,08,EVEN,2x2,0,,MSST 06,0,COVER 4
757,"2511 Mississippi State O @ Missouri , Play 005",5,1,2,2,'-27,2,,,2,2,5,R,L,11,DUO Y HIP,SNUG,H IN,,,,,OFF,,,GF,REVERSE,STR,TRICK,,OVER,4 DOWN,,,COVER 3,,MSST 00,MSST 02,24,8,00; 03; 11,1,11,R,,L,8,5,0,,,TRICK,,,0,1,1,0,0,MSST 00,MSST 02,24,00; 03; 11,08,WIDE OVER,2x1,0,P,,0,COVER 3
758,"2511 Mississippi State O @ Missouri , Play 006",6,1,1,10,'-32,1,,,2,3,'-1,P,R,11,DUO YH OFF,,,,,,X,OFF,FLOOD,COMPLETE,GN,,,NKD,SPR O LT,BENCH,4 DOWN,,,COVER 3,,MSST 03,MSST 02,24,8,00; 03; 11,1,11,P,,R,5,'-1,0,0,,OUTSIDE ZONE,,,0,0,1,0,0,MSST 03,MSST 02,24,00; 03; 11,08,WIDE OVER,2x2,0,R,MSST 03,0,COVER 3
759,"2511 Mississippi State O @ Missouri , Play 007",7,1,2,11,'-31,2,,,2,4,1,R,L,11,TREY H HIP,SNUG,SHIFT,,,,,,,,GF,Q POWER O,STR,RPO,,OVER,4 DOWN,,,COVER 2,,MSST 02,MSST 02,24,8,03; 11; 13,0,11,R,,L,'-1,1,0,,,POWER,,,0,0,0,0,0,MSST 02,MSST 02,24,03; 11; 13,08,WIDE OVER,3x1,1,P,,0,COVER 2
760,"2511 Mississippi State O @ Missouri , Play 008",8,1,3,10,'-32,3,,,2,5,'-4,P,L,11,DUO Y OFF,,,,,,,OFF,CURLS,SACK,GF,,,DB,HS,OKIE,3 DOWN,,AWAY SWITCH,COVER 1,,MSST 02,MSST 02,6,8,00; 03; 11,0,11,P,,L,1,'-4,0,0,,,MOUN D08 FMM,,0,0,0,0,0,MSST 02,MSST 02,06,00; 03; 11,08,ODD,2x2,0,R,,1,COVER 1
761,"2511 Mississippi State O @ Missouri , Play 009",9,1,1,10,'-47,1,,,2,6,6,P,LM,11,DOUBLES,,,,,,,OPEN,HITCHES,COMPLETE,GN,,,PA,QK SET,OVER,4 DOWN,BANDIT,,COVER 2,,MSST 00,MSST 02,6,8,00; 03; 11,0,11,P,,L,'-4,6,0,1,,MAN,MOUN D90 RPS,,0,0,0,0,0,MSST 00,MSST 02,06,00; 03; 11,08,WIDE UNDER,2x2,0,P,MSST 00,0,COVER 2
762,"2511 Mississippi State O vs Missouri, PFF Play 019",19,1,1,10,'+32,1,,,2,7,-5,X,L,11,TRIPS - OPEN,,,,,,,,,,GN,,,,,WIDE OVER,4 DOWN,,,,,,MSST 02,06,08,00; 03; 11,0,11,X,7,L,6,,0,,,,MSST 77 FST,,0,0,0,0,0,,MSST 02,06,00; 03; 11,08,WIDE OVER,1x3,0,P,,0,
763,"2511 Mississippi State O vs Missouri, PFF Play 020",20,1,1,15,'+37,1,,,2,8,-5,X,L,11,DUO Y OFF,,,,,,,OFF,,,GF,,,,,EVEN,4 DOWN,,,,,,MSST 02,06,08,00; 03; 11,0,11,X,8,L,6,,0,,,,MSST 77 FST,,0,0,0,0,0,,MSST 02,06,00; 03; 11,08,EVEN,2x2,0,P,,0,
764,"2511 Mississippi State O @ Missouri , Play 012",12,1,1,20,'+42,1,,,2,9,8,R,L,11,DUO Y OFF,,,,,,,OFF,,,GN,QB DRAW,,DRAW,,OVER,4 DOWN,,,COVER 3 SEAM,,MSST 02,MSST 02,6,8,00; 03; 11,0,11,R,,L,,8,0,,,DRAW,,,0,0,0,0,0,MSST 02,MSST 02,06,00; 03; 11,08,WIDE OVER,2x2,0,,,0,COVER 3 SEAM
765,"2511 Mississippi State O @ Missouri , Play 013",13,1,2,12,'+34,2,,,2,10,'-2,P,L,11,TRIPS OPEN BUNCH,Y AT 3,Y BNC,,,,,OPEN,BUBBLE SCR,COMPLETE,GF,,,SCR,QK SET,OVER,4 DOWN,BANDIT,,COVER 2,,MSST 03,MSST 02,6,8,00; 03; 11,0,11,P,,L,8,'-2,1,0,,,,,0,0,0,0,0,MSST 03,MSST 02,06,00; 03; 11,08,WIDE OVER,3x1,0,R,MSST 03,0,COVER 2
766,"2511 Mississippi State O @ Missouri , Play 014",14,1,3,14,'+36,3,,,2,11,6,P,R,11,TRIPS,,H IN,,,,,ON,OVERS,RUN,GF,,,DB,HS,OKIE (SHADE),3 DOWN,,,COVER 1,,MSST 02,MSST 02,6,8,00; 03; 11,1,11,P,,R,'-2,6,0,0,,,,,0,0,1,0,0,MSST 02,MSST 02,06,00; 03; 11,08,ONE INTERIOR,1x3,0,P,,0,COVER 1
767,"2511 Mississippi State O @ Missouri , Play 015",15,1,0,10,'-25,P,,,3,1,1,R,L,11Q,TREY Y OFF FIB,,,,X,,,OFF,,COMPLETE,PSTL,REVERSE,WK,TRICK,,UNDER,4 DOWN,,SH SWITCH,COVER 3,,MSST 22,MSST 02,22,87,00; 09,0,11 (+Q),P,,L,62,1,1,0,,,,,0,0,0,0,0,MSST 22,MSST 02,22,00; 09,87,WIDE UNDER,1x3,0,,MSST 22,1,COVER 3
768,"2511 Mississippi State O @ Missouri , Play 016",16,1,2,9,'-26,2,,,3,2,54,P,R,11Q,TREY Y OFF,,,,,,,OFF,SW VERTS RD,COMPLETE,GF (2Q),,,TRICK,GAP,OVER,4 DOWN,,,COVER 3,,MSST 00,MSST 01,22,87,00; 09,1,11 (+Q),P,,R,1,54,0,0,,COUNTER,,,1,1,1,0,0,MSST 00,MSST 01,22,00; 09,87,WIDE OVER,1x3,0,P,MSST 00,0,COVER 3
769,"2511 Mississippi State O @ Missouri , Play 017",17,1,1,10,'+20,1,,RA,3,3,5,R,R,11,TREY Y OFF,,Z ORB,,,,,OFF,,,GF,Q Y INSERT,WK,ZN,,EVEN,4 DOWN,,,COVER 3,,MSST 01,MSST 01,24,87,00; 03; 11,0,11,R,,R,54,5,0,,,OUTSIDE ZONE,,,0,0,0,0,0,MSST 01,MSST 01,24,00; 03; 11,87,EVEN,0x4,1,P,,0,COVER 3
770,"2511 Mississippi State O @ Missouri , Play 018",18,1,2,5,'+15,2,,RA,3,4,0,R,R,11,TREY Y OFF FIB,ENDOVER,,,X,X,,OFF,,,GF,ZONE RD ARC,STR,ZN,,UNDER,4 DOWN,,,COVER 3,,MSST 01,MSST 01,24,87,00; 03; 11,0,11,R,,R,5,0,0,,,INSIDE ZONE,,,0,0,0,0,0,MSST 01,MSST 01,24,00; 03; 11,87,WIDE UNDER,4x0,1,R,,0,COVER 3
771,"2511 Mississippi State O @ Missouri , Play 019",19,1,3,5,'+15,3,,RA,3,5,11,R,LM,11,EMPTY 3x2 Y OFF,,Y MTR,,,,,OFF,,,GEMP,Q INSIDE ZN,STR,ZN,,BENCH,4 DOWN,,,COVER 2,,MSST 01,MSST 01,24,87,00; 03; 11,0,11,R,,C,0,11,0,,,INSIDE ZONE,,,0,0,0,0,0,MSST 01,MSST 01,24,00; 03; 11,87,WIDE UNDER,3x2,0,R,,0,COVER 2
772,"2511 Mississippi State O @ Missouri , Play 020",20,1,1,4,'+4,1,GL,RA,3,6,'-5,P,RM,11,PRO Y OFF,SNUG,,,,,,OFF,SLIPPER H,SACK,GS (RABBIT),,,RPO,SPR O RT,DBL PLUG,4 DOWN,,PINCH DBL BKRISH,COVER 0,,MSST 02,MSST 02,24,87,00; 03; 11,0,11,P,,R,11,'-5,0,0,,OUTSIDE ZONE,,,0,0,0,0,0,MSST 02,MSST 02,24,00; 03; 11,87,EVEN,1x2,1,R,,1,COVER 0
773,"2511 Mississippi State O @ Missouri , Play 021",21,1,2,9,'+9,2,,RA,3,7,2,P,RM,11,DUO Y OFF,,Y MO,,,,X,OFF,FLAT Y,COMPLETE,GF,,,DB,MAN,DBL PLUG,4 DOWN,,CHOKE (RACE),COVER 0,,MSST 87,MSST 02,24,87,00; 03; 11,0,11,P,,R,'-5,2,0,0,,,,,0,0,0,0,0,MSST 87,MSST 02,24,00; 03; 11,87,DOUBLE PLUG,2x2,0,P,MSST 87,1,COVER 0
774,"2511 Mississippi State O @ Missouri , Play 022",22,1,3,7,'+7,3,,RA,3,8,3,P,R,11,TREY Y OFF,,,,,,,OFF,CURLS,RUN,GF,,,DB,MAN,OKIE,3 DOWN,,,RED ZONE,,MSST 02,MSST 02,24,8,00; 03; 11,0,11,P,,R,2,3,0,0,,,MOUN D13 DH,,0,0,0,0,0,MSST 02,MSST 02,24,00; 03; 11,08,ODD,1x3,0,P,,0,RED ZONE
775,"2511 Mississippi State O @ Missouri , Play 023",23,1,1,2,'+2,1,GL,RA,3,9,2,R,R,11,TREY Y OFF,,,,,,,OFF,,,GF,Q DART,STR,GAP,,DBL PLUG,4 DOWN,,CHOKE,COVER 0,,MSST 02,MSST 02,6,8,00; 03; 11,0,11,R,,R,3,2,0,,,POWER,,MSST 02,0,0,0,0,0,MSST 02,MSST 02,06,00; 03; 11,08,WIDE OVER,1x3,0,P,,1,COVER 0
776,"2511 Mississippi State O @ Missouri , Play 024",24,2,0,10,'-42,P,,,4,1,2,R,L,11,TRIPS OPEN FIB,Y AT 2,H MTR,,X,,,OPEN,,,GN,OUTSIDE ZN RD,STR,ZN,,OVER,4 DOWN,,,COVER 2,,MSST 02,MSST 02,6,8,00; 03; 11,0,11,R,,L,,2,0,,,OUTSIDE ZONE,,,0,0,0,0,0,MSST 02,MSST 02,06,00; 03; 11,08,WIDE UNDER,1x3,0,P,,0,COVER 2
777,"2511 Mississippi State O @ Missouri , Play 025",25,2,2,8,'-44,2,,,4,2,2,R,L,11,TREY Y OFF FIB,,,,X,,,OFF,,,GN,CTR OY,WK,GAP,,BENCH,4 DOWN,,,COVER 3 SEAM,,MSST 06,MSST 02,6,8,00; 03; 11,1,11,R,,L,2,2,0,,,COUNTER,,,0,0,1,0,0,MSST 06,MSST 02,06,00; 03; 11,08,WIDE OVER,1x3,1,R,,0,COVER 3 SEAM
778,"2511 Mississippi State O @ Missouri , Play 026",26,2,3,6,'-46,3,,,4,3,12,P,LM,11,TREY Y OFF BUNCH,,Z OUT,,,,X,OFF,MESH,RUN,GF,,,DB,HS,OKIE (SHADE),3 DOWN,,SH EXIT,COVER 2 MAN,,MSST 02,MSST 02,6,8,00; 03; 11,0,11,P,,L,2,12,0,0,,,,,0,0,0,0,0,MSST 02,MSST 02,06,00; 03; 11,08,ONE INTERIOR,3x1,0,R,,1,COVER 2 MAN
779,"2511 Mississippi State O @ Missouri , Play 027",27,2,1,10,'+42,1,,,4,4,0,P,R,11,DOUBLES,,,,,,,OPEN,VERTS RD,BATTED PASS,GN,,,DB,32,EVEN,4 DOWN,,,COVER 2,,,MSST 02,6,8,00; 03; 11,1,11,P,,R,12,0,0,0,,,,,0,0,1,0,0,,MSST 02,06,00; 03; 11,08,EVEN,2x2,0,P,,0,COVER 2
780,"2511 Mississippi State O @ Missouri , Play 028",28,2,2,10,'+42,2,,,4,5,14,P,R,11,TRIPS OPEN,,Y IN,,,,,OPEN,DIGS,COMPLETE,GF,,,PA,MAN,OVER,4 DOWN,TORO,GUTISH,COVER 1,,MSST 03,MSST 02,6,8,00; 03; 11,0,11,P,,R,,14,0,0,,UNDEFINED,,,0,0,0,0,0,MSST 03,MSST 02,06,00; 03; 11,08,WIDE OVER,1x3,0,P,MSST 03,1,COVER 1
781,"2511 Mississippi State O @ Missouri , Play 029",29,2,1,10,'+28,1,,,4,6,4,R,R,11,TREY Y OFF FIB,,,,X,,,OFF,,,GF,ZONE RD ARC,STR,ZN,,EVEN,4 DOWN,,,COVER 2,,MSST 02,MSST 02,6,8,00; 03; 11,1,11,R,,R,14,4,0,,,INSIDE ZONE,,,0,0,1,0,0,MSST 02,MSST 02,06,00; 03; 11,08,EVEN,3x1,1,P,,0,COVER 2
782,"2511 Mississippi State O @ Missouri , Play 030",30,2,2,6,'+24,2,,RA,4,7,8,P,L,11,TRIPS OPEN,,,,,,,OPEN,HITCHES,COMPLETE,GF,,,QK,QK SET,OVER,4 DOWN,,,COVER 1,,MSST 08,MSST 02,6,8,00; 03; 11,1,11,P,,L,4,8,0,1,,POWER,,,0,0,1,0,0,MSST 08,MSST 02,06,00; 03; 11,08,WIDE OVER,3x1,1,R,MSST 08,0,COVER 1
783,"2511 Mississippi State O @ Missouri , Play 031",31,2,1,10,'+16,1,,RA,4,8,5,P,R,11,DOUBLES,,,,,,,OPEN,NOW SCR,COMPLETE,GF,,,SCR,HS,BENCH,4 DOWN,,FLD EXIT,COVER 3,,MSST 03,MSST 02,6,8,00; 03; 11,1,11,P,,R,8,5,1,1,,,MOUN D15 UNRd,,0,0,1,0,0,MSST 03,MSST 02,06,00; 03; 11,08,WIDE OVER,2x2,0,P,MSST 03,1,COVER 3
784,"2511 Mississippi State O @ Missouri , Play 032",32,2,1,5,'+5,1,,RA,4,9,'-3,P,R,11,DUO Y OFF H HIP,,,,,,,OFF,SLIPPER H,SACK,GS (RABBIT),,,BOOT,FS LT,BENCH,4 DOWN,,,RED ZONE,,MSST 02,MSST 02,6,8,00; 09; 11,0,11,P,,R,5,'-3,1,0,,OUTSIDE ZONE,MOUN D40 UNRd,,0,0,0,0,0,MSST 02,MSST 02,06,00; 09; 11,08,WIDE UNDER,1x2,1,P,,0,RED ZONE
785,"2511 Mississippi State O @ Missouri , Play 033",33,2,1,4,'+4,1,GL,RA,4,10,'-1,R,L,11,TREY Y OFF,,,,,,,OFF,,,GF,Q DART,STR,GAP,,OVER,4 DOWN,,,RED ZONE,,MSST 02,MSST 02,24,8,00; 03; 11,0,11,R,,L,'-3,'-1,0,,,POWER,,,0,0,0,0,0,MSST 02,MSST 02,24,00; 03; 11,08,WIDE OVER,3x1,1,P,,0,RED ZONE
786,"2511 Mississippi State O @ Missouri , Play 034",34,2,2,5,'+5,2,GL,RA,4,11,2,R,M,12,TREY U STING,,,,,,,WING PRO,,,GF,Q CTR OU LD,WK,GAP,,DBL PLUG,4 DOWN,,DBL BKR,COVER 0,,MSST 01,MSST 01,24,08; 10,00; 03,0,12,R,,C,'-1,2,0,,,COUNTER,,,0,0,0,0,0,MSST 01,MSST 01,24,00; 03,08; 10,DOUBLE PLUG,1x3,0,R,,1,COVER 0
787,"2511 Mississippi State O @ Missouri , Play 035",35,2,3,3,'+3,3,GL,RA,4,12,'-1,R,R,13,KING U OFF,,B IN,,,,,,,,GF,Q POWER G LD,STR,GAP,,BEAR,5 DOWN,,,COVER 0,,MSST 01,MSST 01,24,08; 10; 87,0,0,13,R,,R,2,'-1,0,,,PULL LEAD,MOUN D00 FMM,,0,0,0,0,0,MSST 01,MSST 01,24,00,08; 10; 87,BEAR,1x3,0,R,,1,COVER 0
788,"2511 Mississippi State O @ Missouri , Play 036",36,2,1,2,'+2,1,GL,RA,4,13,'-2,R,M,13,KING U OFF,,B IN,,,,,,,,GF,Q POWER G LD,STR,ZN,,BEAR,5 DOWN,,,RED ZONE,,MSST 01,MSST 01,24,08; 10; 87,9,0,13,R,,C,'-1,'-2,0,,,PULL LEAD,,,0,0,0,0,0,MSST 01,MSST 01,24,09,08; 10; 87,BEAR,3x1,0,R,,0,RED ZONE
789,"2511 Mississippi State O vs Missouri, PFF Play 062",62,2,2,4,'+4,2,GL,RA,4,14,-5,X,R,13,KING U OFF,,,,,,,SLOT,,,GF,,,,,BEAR,5 DOWN,,,,,,MSST 01,24,08; 10; 87,09,0,13,X,14,R,-2,,0,,,,MSST 01 DOG,,0,0,0,0,0,,MSST 01,24,09,08; 10; 87,BEAR,1x3,0,R,,0,
790,"2511 Mississippi State O @ Missouri , Play 038",38,2,2,9,'+9,2,,RA,4,15,2,R,RM,11,TREY Y OFF,,,,,,,OFF,,,GF,Q CTR OY LD,WK,GAP,,OVER,4 DOWN,,,RED ZONE,,MSST 02,MSST 02,24,8,03; 09; 11,0,11,R,,R,,2,0,,,COUNTER,,,0,0,0,0,0,MSST 02,MSST 02,24,03; 09; 11,08,WIDE OVER,1x3,1,,,0,RED ZONE
791,"2511 Mississippi State O @ Missouri , Play 039",39,2,3,7,'+7,3,,RA,4,16,0,P,R,11,DUO,,Z BNC,,,,,ON,SLANT Z,INCOMPLETE,GF,,,DB,MAN,UNDER,4 DOWN,,,RED ZONE,,,MSST 02,6,8,03; 09; 11,0,11,P,,R,2,0,0,1,,,,,0,0,0,0,0,,MSST 02,06,03; 09; 11,08,WIDE OVER,2x2,0,R,MSST 08,0,RED ZONE
792,"2511 Mississippi State O vs Missouri, PFF Play 065",65,2,4,7,'+7,4,,RA,4,17,0,R,R,Unknown,OTHER,,,,,,,,,,GEMP,,,,,NO INTERIOR FAMILY,,,,,,MSST S49,,,10; 87,,0,Unknown,R,17,R,2,0,0,,,UNDEFINED,,,0,0,0,0,0,MSST S49,,,,10; 87,NO INTERIOR FAMILY,,0,P,,0,
793,"2511 Mississippi State O @ Missouri , Play 040",40,2,0,10,'-25,P,,,5,1,'-3,R,L,11,TRIPS OPEN BUNCH,Y AT 3,,,,,,OPEN,,,GF,QB DRAW,,DRAW,,BENCH,4 DOWN,,,COVER 2,4,MSST 02,MSST 02,24,8,03; 09; 11,0,11,R,,C,70,'-3,0,,,DRAW,,,0,0,0,0,0,MSST 02,MSST 02,24,03; 09; 11,08,WIDE OVER,3x1,1,,,0,COVER 2
794,"2511 Mississippi State O @ Missouri , Play 041",41,2,2,13,'-22,2,,,5,2,0,P,L,11,EMPTY 3x2,,,,,,,OPEN,OPTION H,INCOMPLETE,GEMP,,,DB,HS,OVER,4 DOWN,,,COVER 3 SEAM,4,,MSST 02,24,8,03; 09; 11,0,11,P,,L,'-3,0,0,0,,,,,0,0,0,0,0,,MSST 02,24,03; 09; 11,08,WIDE OVER,3x2,0,R,MSST 08,0,COVER 3 SEAM
795,"2511 Mississippi State O @ Missouri , Play 042",42,2,3,13,'-22,3,,,5,3,0,P,L,11,DUO Y OFF,,,,,,,OFF,VERT Z,INCOMPLETE,GF,,,DB,HS,OKIE,3 DOWN,,FLD OPPOSITE,COVER 1,4,,MSST 02,6,8,03; 09; 11,0,11,P,,L,,0,0,0,,,,,0,0,0,0,0,,MSST 02,06,03; 09; 11,08,ODD,2x2,0,P,MSST 09,1,COVER 1
796,"2511 Mississippi State O vs Missouri, PFF Play 088",88,2,0,10,'-36,P,,,6,1,-4,R,R,12,CLOSED - CLOSED,,,,,,,,,,,,,,,OKIE,5 DOWN,,,,,MSST 02,MSST 02,06,08; 10,03; 09,0,12,R,1,R,-3,-4,0,,,UNDEFINED,,,0,0,0,0,0,MSST 02,MSST 02,06,03; 09,08; 10,ODD,1x1,0,P,,0,
797,"2511 Mississippi State O @ Missouri , Play 044",44,3,0,10,'-48,P,,,7,1,6,R,L,11,DUO Y OFF,,H MTR,,,,,OFF,,,GN,Y INSERT,WK,ZN,,UNDER,4 DOWN,INLAW,,COVER 2,,MSST 24,MSST 02,24,8,03; 11; 13,0,11,R,,L,6,6,0,,,OUTSIDE ZONE,,,0,0,0,0,0,MSST 24,MSST 02,24,03; 11; 13,08,WIDE UNDER,2x2,1,R,,0,COVER 2
798,"2511 Mississippi State O @ Missouri , Play 045",45,3,2,4,'+46,2,,,7,2,3,R,RM,11,DUO Y OFF,SNUG,,,,,,,,,GN,Y INSERT,WK,ZN,,BENCH,4 DOWN,,,COVER 1,,MSST 06,MSST 02,6,8,03; 11; 13,1,11,R,,R,6,3,0,,,OUTSIDE ZONE,,,0,0,1,0,0,MSST 06,MSST 02,06,03; 11; 13,08,WIDE OVER,2x2,1,R,,0,COVER 1
799,"2511 Mississippi State O @ Missouri , Play 046",46,3,3,1,'+43,3,SY,,7,3,6,R,R,11,TREY Y OFF,,Y MTR,,,,,OFF,,,GN,SPL ZN SS,STR,ZN,,BENCH,4 DOWN,,ARROW,COVER 1,,MSST 06,MSST 02,6,8,03; 11; 13,1,11,R,,R,3,6,0,,,INSIDE ZONE,,,0,0,1,0,0,MSST 06,MSST 02,06,03; 11; 13,08,WIDE UNDER,1x3,1,R,,1,COVER 1
800,"2511 Mississippi State O @ Missouri , Play 047",47,3,1,10,'+37,1,,,7,4,8,P,R,11,TREY Y OFF,,,,,,,OFF,CURL FLAT,COMPLETE,GN,,,PA,HS,EVEN,4 DOWN,,,COVER 3,,MSST 03,MSST 02,6,8,03; 11; 13,1,11,P,,R,6,8,0,1,,UNDEFINED,,,0,0,1,0,0,MSST 03,MSST 02,06,03; 11; 13,08,WIDE UNDER,1x3,0,R,MSST 03,0,COVER 3
801,"2511 Mississippi State O @ Missouri , Play 048",48,3,2,2,'+29,2,,,7,5,4,R,L,11,TREY Y OFF FIB,,,,X,,,OFF,,,GN,CTR OY,WK,GAP,,EVEN,4 DOWN,,,COVER 3 CLOUD,,MSST 06,MSST 02,6,8,03; 11; 13,1,11,R,,L,8,4,0,,,COUNTER,,,0,0,1,0,0,MSST 06,MSST 02,06,03; 11; 13,08,EVEN,1x3,1,P,,0,COVER 3 CLOUD
802,"2511 Mississippi State O @ Missouri , Play 049",49,3,1,10,'+25,1,,RA,7,6,1,R,M,11,DOUBLES,,,,,,,OPEN,,,GF,INSIDE ZN,STR,ZN,,OVER,4 DOWN,INLAW,,COVER 4,,MSST 06,MSST 02,6,8,03; 11; 13,1,11,R,,C,4,1,0,,,INSIDE ZONE,,,0,0,1,0,0,MSST 06,MSST 02,06,03; 11; 13,08,WIDE UNDER,2x2,1,R,,0,COVER 4
803,"2511 Mississippi State O @ Missouri , Play 050",50,3,2,9,'+24,2,,RA,7,7,9,P,RM,11,DOUBLES,,,,,,,OPEN,NOW SCR,COMPLETE,GF,,,SCR,HS,DBL SHADE,4 DOWN,,,COVER 3 SEAM,,MSST 03,MSST 02,6,8,03; 11; 13,1,11,P,,R,1,9,1,1,,,,,0,0,1,0,0,MSST 03,MSST 02,06,03; 11; 13,08,DOUBLE PLUG,2x2,0,R,MSST 03,0,COVER 3 SEAM
804,"2511 Mississippi State O @ Missouri , Play 051",51,3,1,10,'+15,1,,RA,7,8,9,P,R,11,DUO Y OFF,SNUG,,,,,,OFF,HITCHES,COMPLETE,GN,,,QK,SPR O RT,EVEN,4 DOWN,,,COVER 3 SEAM,,MSST 13,MSST 02,6,8,03; 11; 13,1,11,P,,R,9,9,0,1,,OUTSIDE ZONE,,,0,0,1,0,0,MSST 13,MSST 02,06,03; 11; 13,08,EVEN,2x2,1,P,MSST 13,0,COVER 3 SEAM
805,"2511 Mississippi State O @ Missouri , Play 052",52,3,2,1,'+6,2,,RA,7,9,3,R,L,11,TREY Y OFF FIB,,,,X,,,OFF,,,GN,CTR OY,WK,GAP,,UNDER,4 DOWN,,,RED ZONE,,MSST 06,MSST 02,6,8,03; 11; 13,1,11,R,,L,9,3,0,,,COUNTER,,,0,0,1,0,0,MSST 06,MSST 02,06,03; 11; 13,08,WIDE UNDER,1x3,1,P,,0,RED ZONE
806,"2511 Mississippi State O @ Missouri , Play 053",53,3,1,3,'+3,1,GL,RA,7,10,3,R,LM,11,TREY Y OFF,,,,,,,OFF,,,GF,Q DART,STR,GAP,,DBL PLUG,4 DOWN,,PINCH DBL BKRISH,COVER 0,,MSST 02,MSST 02,6,8,03; 11; 13,1,11,R,,L,3,3,0,,,POWER,,MSST 02,0,0,1,0,0,MSST 02,MSST 02,06,03; 11; 13,08,EVEN,3x1,0,R,,1,COVER 0
807,"2511 Mississippi State O @ Missouri , Play 054",54,3,0,10,'-44,P,,,8,1,0,R,L,11,DOUBLES,STK,,,,,,OPEN,,,GF,OUTSIDE ZN,STR,ZN,,BENCH,4 DOWN,,EXIT,COVER 3,,MSST 06,MSST 02,6,8,03; 04; 11,0,11,R,,L,22,0,0,,,OUTSIDE ZONE,,,0,0,0,0,0,MSST 06,MSST 02,06,03; 04; 11,08,WIDE UNDER,2x2,1,,,1,COVER 3
808,"2511 Mississippi State O @ Missouri , Play 055",55,3,2,10,'-44,2,,,8,2,0,P,L,11,TREY Y OFF,,,,,,,OFF,CURL,INCOMPLETE,GN,,,ZN,,DBL SHADE,4 DOWN,,,COVER 3,,,MSST 02,6,8,03; 04; 11,1,11,P,,L,0,0,0,1,,MAN,,,0,0,1,0,0,,MSST 02,06,03; 04; 11,08,DOUBLE PLUG,3x1,1,R,MSST 04,0,COVER 3
809,"2511 Mississippi State O @ Missouri , Play 056",56,3,3,10,'-44,3,,,8,3,'-9,P,L,11,TRIPS OPEN,STK,H BNC,,,,,OPEN,SPACING,SACK,GF,,,ZN,MAN,OKIE,3 DOWN,QUAD?,,COVER 1,,MSST 02,MSST 02,6,8,03; 04; 11,1,11,P,,L,,'-9,0,0,,,,,0,0,1,0,0,MSST 02,MSST 02,06,03; 04; 11,08,ODD,3x1,0,P,,1,COVER 1
810,"2511 Mississippi State O vs Missouri, PFF Play 120",120,3,0,10,'-25,P,,,9,1,-5,X,R,11,DUO Y OFF,,,,,,,OFF,,,GN,,,,,WIDE OVER,4 DOWN,,,,,,MSST 02,24,08,03; 11; 13,0,11,X,1,R,-9,,0,,,,MSST 77 FST,,0,0,0,0,0,,MSST 02,24,03; 11; 13,08,WIDE OVER,2x2,0,P,,0,
811,"2511 Mississippi State O @ Missouri , Play 058",58,3,1,15,'-20,1,,,9,2,0,P,R,11,DUO Y OFF,,,,,,,OFF,CURLS,INTERCEPTION,GF,,,PA,MAN,BENCH,4 DOWN,,ARROW,COVER 2,,,MSST 02,24,8,03; 11; 13,0,11,P,,R,,0,0,0,,UNDEFINED,,MOUN D02,0,0,0,0,0,,MSST 02,24,03; 11; 13,08,WIDE OVER,2x2,0,,MSST 03,1,COVER 2
812,"2511 Mississippi State O @ Missouri , Play 059",59,3,0,10,'-20,P,,,10,1,18,P,M,11,TRIPS OPEN,,,,,,,OPEN,SPACING,COMPLETE,GF,,,DB,HS,DBL SHADE,4 DOWN,SH OUTLAW,,COVER 2,,MSST 08,MSST 02,24,8,03; 09; 11,0,11,P,,C,55,18,0,0,,,,,0,0,0,0,0,MSST 08,MSST 02,24,03; 09; 11,08,EVEN,1x3,0,,MSST 08,0,COVER 2
813,"2511 Mississippi State O @ Missouri , Play 060",60,3,1,10,'-38,1,,,10,2,4,R,M,11,TREY H HIP,SNUG,,,,,,OPEN,,,GF,POWER O,STR,GAP,,DBL SHADE,4 DOWN,,,COVER 1,,MSST 24,MSST 02,24,8,03; 09; 11,1,11,R,,C,18,4,0,,,POWER,,,0,0,1,0,0,MSST 24,MSST 02,24,03; 09; 11,08,WIDE OVER,1x3,1,P,,0,COVER 1
814,"2511 Mississippi State O @ Missouri , Play 061",61,3,2,6,'-42,2,,,10,3,10,R,L,11,TREY Y OFF FIB,,,,X,,,OFF,,,GN,CTR OY,WK,GAP,,EVEN,4 DOWN,,,COVER 1,,MSST 24,MSST 02,24,8,03; 09; 11,1,11,R,,L,4,10,0,,,COUNTER,,,0,0,1,0,0,MSST 24,MSST 02,24,03; 09; 11,08,EVEN,1x2,1,R,,0,COVER 1
815,"2511 Mississippi State O @ Missouri , Play 062",62,3,1,10,'+48,1,,,10,4,0,P,L,11,DUO Y OFF,,,,,,,OFF,CURLS,INCOMPLETE,GF,,,PA,MAN,BENCH,4 DOWN,,,COVER 3,,,MSST 02,24,8,03; 09; 11,1,11,P,,L,10,0,0,0,,UNDEFINED,,,0,0,1,0,0,,MSST 02,24,03; 09; 11,08,WIDE UNDER,2x2,0,R,MSST 11,0,COVER 3
816,"2511 Mississippi State O @ Missouri , Play 063",63,3,2,10,'+48,2,,,10,5,0,P,L,11,TRIPS OPEN,,,,,,,OPEN,HITCHES,BATTED PASS,GF,,,QK,QK SET,OVER,4 DOWN,,,COVER 1,,,MSST 02,6,87,03; 09; 11,0,11,P,,L,,0,0,1,,POWER,,,0,0,0,0,0,,MSST 02,06,03; 09; 11,87,WIDE OVER,3x1,1,P,,0,COVER 1
817,"2511 Mississippi State O @ Missouri , Play 064",64,3,3,10,'+48,3,,,10,6,38,P,L,11,DOUBLES,,,,,,,OPEN,HITCH FADE,COMPLETE,GN,,,PA,MAN,OKIE,3 DOWN,,,COVER 1,,MSST 03,MSST 02,6,8,03; 09; 11,0,11,P,,L,,38,0,0,,MAN,,,0,0,0,0,0,MSST 03,MSST 02,06,03; 09; 11,08,ODD,2x2,1,P,MSST 03,0,COVER 1
818,"2511 Mississippi State O @ Missouri , Play 065",65,3,1,10,'+10,1,,RA,10,7,0,P,R,11,TREY Y OFF,,,,,,,OFF,SLANT,INCOMPLETE,GN,,,RPO,,BENCH,4 DOWN,,,RED ZONE,,,MSST 02,6,8,03; 09; 11,1,11,P,,R,38,0,0,1,,COUNTER,MOUN D00 DH,,0,0,1,0,0,,MSST 02,06,03; 09; 11,08,WIDE UNDER,1x3,1,P,MSST 11,0,RED ZONE
819,"2511 Mississippi State O @ Missouri , Play 066",66,3,1,5,'+5,1,GL,RA,10,8,1,R,R,11,DUO Y OFF,,Y MTR,,,,,OFF,,,GF,Y INSERT,STR,ZN,,EVEN,4 DOWN,,DBL BKR,COVER 0,,MSST 24,MSST 02,24,8,03; 09; 11,0,11,R,,R,,1,0,,,INSIDE ZONE,,,0,0,0,0,0,MSST 24,MSST 02,24,03; 09; 11,08,EVEN,2x2,1,P,,1,COVER 0
820,"2511 Mississippi State O @ Missouri , Play 067",67,3,2,4,'+4,2,GL,RA,10,9,1,R,R,11,EMPTY 3x2 Y OFF,,TOX/Y MTR,TRIPS,,,,OFF,,,GEMP,Q SPL ZN,STR,ZN,,BENCH,4 DOWN,,,COVER 0,,MSST 02,MSST 02,24,8,03; 09; 11,0,11,R,,R,1,1,0,,,INSIDE ZONE,,,0,0,0,0,0,MSST 02,MSST 02,24,03; 09; 11,08,WIDE UNDER,2x3,0,R,,0,COVER 0
821,"2511 Mississippi State O @ Missouri , Play 068",68,3,3,3,'+3,3,GL,RA,10,10,3,P,RM,13,KING U OFF B HIP,,,,,,,,SLIPPER B,COMPLETE,GF,,,SPR,SPR O RT,BEAR,5 DOWN,,,COVER 0,,MSST 08,MSST 01,24,08; 10; 87,9,0,13,P,,R,1,3,0,0,,,,MSST 08,0,0,0,0,0,MSST 08,MSST 01,24,09,08; 10; 87,BEAR,1x2,0,R,MSST 08,1,COVER 0
822,"2511 Mississippi State O @ Missouri , Play 069",69,3,0,10,'-22,P,,,11,1,0,P,L,11,DUO Y OFF,,,,,,,OFF,OVER,COMPLETE,GF,,,PA,GAP,BENCH,4 DOWN,,,COVER 4,,MSST 06,MSST 02,6,8,03; 04; 11,0,11,P,,L,47,0,0,0,,POWER,,,0,0,0,0,0,MSST 06,MSST 02,06,03; 04; 11,08,WIDE OVER,2x2,0,,MSST 06,0,COVER 4
823,"2511 Mississippi State O @ Missouri , Play 070",70,3,2,10,'-22,2,,,11,2,3,R,L,11,TRIPS OPEN,,,,,,,OPEN,,,GF,DART RD,STR,GAP,,BENCH,4 DOWN,,FLD EXIT,COVER 3,,MSST 06,MSST 02,6,8,03; 04; 11,1,11,R,,L,0,3,0,,,POWER,,,0,0,1,0,0,MSST 06,MSST 02,06,03; 04; 11,08,WIDE UNDER,3x1,1,P,,1,COVER 3
824,"2511 Mississippi State O @ Missouri , Play 071",71,3,3,7,'-25,3,,,11,3,0,P,M,11,TRIPS BUNCH,,X IN,,,,,ON,SPACING,INCOMPLETE,GN,,,DB,HS,OKIE,3 DOWN,QUAD?,,COVER 1,,,MSST 02,6,8,03; 04; 11,0,11,P,,C,3,0,0,0,,,,,0,0,0,0,0,,MSST 02,06,03; 04; 11,08,ODD,3x1,0,R,MSST 04,1,COVER 1
825,"2511 Mississippi State O @ Missouri , Play 072",72,4,0,10,'-12,P,,,12,1,6,P,M,11,TRIPS OPEN,,SHIFT,,,,,OPEN,SPACING,COMPLETE,GF,,,DB,32,OVER,4 DOWN,,ARROW,COVER 2,,MSST 24,MSST 02,24,8,03; 11; 13,0,11,P,,C,48,6,0,1,,,,,0,0,0,0,0,MSST 24,MSST 02,24,03; 11; 13,08,WIDE OVER,3x1,0,,MSST 24,1,COVER 2
826,"2511 Mississippi State O @ Missouri , Play 073",73,4,2,4,'-18,2,,,12,2,0,P,L,11,TREY Y OFF,,,,,,,OFF,CURLS,BATTED PASS,GN,,,RPO,,DBL SHADE,4 DOWN,,,COVER 3 SEAM,,,MSST 02,6,8,03; 11; 13,0,11,P,,L,6,0,0,1,,MAN,,,0,0,0,0,0,,MSST 02,06,03; 11; 13,08,EVEN,3x1,1,P,,0,COVER 3 SEAM
827,"2511 Mississippi State O @ Missouri , Play 074",74,4,3,4,'-18,3,,,12,3,0,P,L,11,TRIPS OPEN BUNCH,Y AT 3,Y BNC,,,,,OPEN,BUBBLE SCR,INCOMPLETE,GF,,,SCR,MAN,BENCH,4 DOWN,,ARROW,COVER 2,,,MSST 02,6,8,03; 11; 13,0,11,P,,L,,0,1,1,,,,,0,0,0,0,0,,MSST 02,06,03; 11; 13,08,WIDE UNDER,3x1,0,P,MSST 03,1,COVER 2
828,"2511 Mississippi State O @ Missouri , Play 075",75,4,4,4,'-18,4,,,12,4,0,P,L,11,TREY Y OFF,SNUG,Z OUT,,,,X,OFF,MESH,INTERCEPTION,GF,,,DB,MAN,BENCH,4 DOWN,,,COVER 6,,,MSST 02,6,8,03; 11; 13,0,11,P,,L,,0,0,0,,,(D) MSST 76 OH,MOUN D01,0,0,0,0,0,,MSST 02,06,03; 11; 13,08,WIDE UNDER,3x1,0,P,MSST 13,0,COVER 6
829,"2511 Mississippi State O @ Missouri , Play 076",76,4,0,10,'-25,P,,,13,1,9,R,R,11,TREY Y OFF,,Y MTR,,,,,OFF,,,GN,OUTSIDE ZN LD,WK,ZN,,DBL SHADE,4 DOWN,,,COVER 3,,MSST 06,MSST 02,6,87,03; 09; 11,0,11,R,,R,61,9,0,,,OUTSIDE ZONE,,,0,0,0,0,0,MSST 06,MSST 02,06,03; 09; 11,87,WIDE OVER,1x3,1,,,0,COVER 3
830,"2511 Mississippi State O @ Missouri , Play 077",77,4,2,1,'-34,2,,,13,2,3,R,R,11,TREY Y OFF,,Y MTR,,,,,OFF,,,GN,SPL ZN SS,STR,ZN,,BENCH,4 DOWN,,,COVER 3,,MSST 06,MSST 02,6,87,03; 09; 11,0,11,R,,R,9,3,0,,,INSIDE ZONE,,,0,0,0,0,0,MSST 06,MSST 02,06,03; 09; 11,87,WIDE UNDER,1x3,1,R,,1,COVER 3
831,"2511 Mississippi State O @ Missouri , Play 078",78,4,1,10,'-37,1,,,13,3,4,P,R,11,EMPTY 3x2,,,,,,,OPEN,SPACING,COMPLETE,GEMP,,,DB,HS,BENCH,4 DOWN,,,COVER 3,,MSST 03,MSST 02,6,87,03; 09; 11,1,11,P,,R,3,4,0,1,,,MSST 77 OH; (D) IDP,,0,0,1,0,0,MSST 03,MSST 02,06,03; 09; 11,87,WIDE UNDER,2x3,0,R,MSST 03,0,COVER 3
832,"2511 Mississippi State O @ Missouri , Play 079",79,4,1,20,'-27,1,,,13,4,4,R,R,11,TREY Y OFF,,Y FR,,,,,OFF,,,GN,Y INSERT,WK,ZN,,BENCH,4 DOWN,,,COVER 1,,MSST 24,MSST 02,24,87,03; 09; 11,0,11,R,,R,4,4,0,,,OUTSIDE ZONE,,,0,0,0,0,0,MSST 24,MSST 02,24,03; 09; 11,87,WIDE UNDER,1x3,1,P,,0,COVER 1
833,"2511 Mississippi State O @ Missouri , Play 080",80,4,2,16,'-31,2,,,13,5,0,P,R,11,DUO Y OFF,,,,,,,OFF,CURLS,THROWN AWAY,GF,,,PA,FS RT,DBL SHADE,4 DOWN,DBL INLAW,,COVER 2,,,MSST 02,24,87,03; 09; 11,1,11,P,,R,4,0,0,0,,UNDEFINED,,,0,0,1,0,0,,MSST 02,24,03; 09; 11,87,EVEN,2x2,0,R,,0,COVER 2
834,"2511 Mississippi State O @ Missouri , Play 081",81,4,3,16,'-31,3,,,13,6,12,P,R,11,DUO Y OFF,SNUG,,,,,,OFF,SMASH,COMPLETE,GN,,,DB,MAN,OKIE,5 DOWN,,,COVER 3,,MSST 11,MSST 02,24,8,03; 09; 11,0,11,P,,R,,12,0,0,,,,,0,0,0,0,0,MSST 11,MSST 02,24,03; 09; 11,08,ODD,2x2,0,P,MSST 11,0,COVER 3
835,"2511 Mississippi State O @ Missouri , Play 082",82,4,4,4,'-43,4,,,13,7,0,P,R,11,DUO Y OFF,SNUG,H RETURN,,,,,OFF,FLOOD,INCOMPLETE,GF,,,SPR,SPR O RT,OVER,4 DOWN,,,COVER 2,,,MSST 02,24,8,03; 09; 11,0,11,P,,R,12,0,0,0,,,,,0,0,0,0,0,,MSST 02,24,03; 09; 11,08,WIDE OVER,2x2,0,P,MSST 24,0,COVER 2
836,"2511 Mississippi State O @ Missouri , Play 083",83,4,0,10,'-16,P,,,14,1,7,P,R,11,TRIPS OPEN,,Y IN,,,,,OPEN,OVERS,COMPLETE,GF,,,PA,MAN,OVER,4 DOWN,,SH STORMISH,COVER 3,,MSST 06,MSST 01,6,87,03; 04; 11,0,11,P,,R,49,7,0,0,,UNDEFINED,,,0,0,0,0,0,MSST 06,MSST 01,06,03; 04; 11,87,WIDE OVER,1x3,0,,MSST 06,1,COVER 3
837,"2511 Mississippi State O @ Missouri , Play 084",84,4,2,3,'-23,2,,,14,2,8,P,L,11,DOUBLES,,,,,,,OPEN,CURLS,COMPLETE,GN,,,DB,HS,DBL SHADE,4 DOWN,DBL OUTLAW,,COVER 2,,MSST 87,MSST 01,6,87,03; 04; 11,1,11,P,,L,7,8,0,0,,,,,0,0,1,0,0,MSST 87,MSST 01,06,03; 04; 11,87,EVEN,2x2,0,P,MSST 87,0,COVER 2
838,"2511 Mississippi State O @ Missouri , Play 085",85,4,1,10,'-31,1,,,14,3,3,P,R,11,DUO Y OFF,,,,,,,OFF,SW CURLS,RUN,GF,,,PA,MAN,OVER,4 DOWN,,,COVER 3,,MSST 01,MSST 01,6,87,03; 04; 11,1,11,P,,R,8,3,0,0,,UNDEFINED,MSST 75 OH,,0,0,1,0,0,MSST 01,MSST 01,06,03; 04; 11,87,WIDE UNDER,2x2,0,P,,0,COVER 3
839,"2511 Mississippi State O @ Missouri , Play 086",86,4,1,20,'-21,1,,,14,4,0,P,R,11,DOUBLES,,,,,,,OPEN,CURLS,INCOMPLETE,GF,,,QK,HS,BENCH,4 DOWN,,STREAK,COVER 3,,,MSST 01,22,87,03; 04; 09,0,11,P,,R,3,0,0,1,,,,,0,0,0,0,0,,MSST 01,22,03; 04; 09,87,WIDE OVER,2x2,0,P,MSST 09,1,COVER 3
840,"2511 Mississippi State O @ Missouri , Play 087",87,4,2,20,'-21,2,,,14,5,3,R,R,11,DUO Y OFF,,Y MTR,,,,,OFF,,,GF,Y INSERT,STR,ZN,,OVER,4 DOWN,,,COVER 3,,MSST 22,MSST 01,22,87,03; 09; 13,0,11,R,,R,,3,0,,,INSIDE ZONE,,,0,0,0,0,0,MSST 22,MSST 01,22,03; 09; 13,87,WIDE OVER,2x2,1,P,,0,COVER 3
841,"2511 Mississippi State O @ Missouri , Play 088",88,4,3,17,'-24,3,,,14,6,18,P,R,11,DUO Y OFF,,,,,,,OFF,VERTS RD,COMPLETE,GF,,,DB,MAN,OKIE,3 DOWN,,EXIT,COVER 3,,MSST 13,MSST 01,22,87,03; 09; 13,1,11,P,,R,3,18,0,0,,,(D) ILS,,0,0,1,0,0,MSST 13,MSST 01,22,03; 09; 13,87,NO INTERIOR,2x2,0,R,MSST 13,1,COVER 3
842,"2511 Mississippi State O @ Missouri , Play 089",89,4,1,10,'-42,1,,,14,7,'-7,P,L,11,DUO Y OFF,,,,,,,OFF,VERTS RD,SACK,GF,,,DB,MAN,BENCH,4 DOWN,SH INLAW,,COVER 3,,MSST 01,MSST 01,22,87,03; 11; 13,0,11,P,,L,18,'-7,0,0,,,,,0,0,0,0,0,MSST 01,MSST 01,22,03; 11; 13,87,WIDE UNDER,2x2,0,P,,0,COVER 3
843,"2511 Mississippi State O @ Missouri , Play 090",90,4,2,17,'-35,2,,,14,8,3,R,L,11,TREY Y OFF FIB,,,,X,,,OFF,,,GN,OUTSIDE ZN LD,WK,ZN,,BENCH,4 DOWN,,,COVER 2,,MSST 22,MSST 01,22,87,03; 04; 11,0,11,R,,L,'-7,3,0,,,OUTSIDE ZONE,,,0,0,0,0,0,MSST 22,MSST 01,22,03; 04; 11,87,WIDE OVER,1x3,1,P,,0,COVER 2
844,"2511 Mississippi State O @ Missouri , Play 091",91,4,3,14,'-38,3,,,14,9,0,P,RM,11,DUO Y OFF,,,,,,,OFF,VERTS RD,INCOMPLETE,GF,,,DB,MAN,UNDER,4 DOWN,BANDIT,,COVER 2,,,MSST 01,22,87,03; 04; 11,1,11,P,,R,3,0,0,0,,,MOUN D04 DPI,,0,0,1,0,0,,MSST 01,22,03; 04; 11,87,WIDE UNDER,2x2,0,R,MSST 03,0,COVER 2
845,"2511 Mississippi State O @ Missouri , Play 092",92,4,1,10,'+47,1,,,14,10,18,P,RM,11,TRIPS,,,,,,,ON,OVERS,RUN,GF,,,DB,MAN,BENCH,4 DOWN,TORO,EXIT,COVER 3,,MSST 01,MSST 01,22,10,03; 04; 11,0,11,P,,R,,18,0,0,,,,,0,0,0,0,0,MSST 01,MSST 01,22,03; 04; 11,10,WIDE UNDER,1x3,0,P,,1,COVER 3
846,"2511 Mississippi State O @ Missouri , Play 093",93,4,1,10,'+29,1,,,14,11,9,R,RM,11,TREY Y OFF,,,,,,,OFF,,,GN,OUTSIDE ZN LD,WK,ZN,,DBL SHADE,4 DOWN,,,COVER 2,,MSST 22,MSST 01,22,10,03; 04; 11,1,11,R,,C,18,9,0,,,OUTSIDE ZONE,,,0,0,1,0,0,MSST 22,MSST 01,22,03; 04; 11,10,EVEN,1x3,1,P,,0,COVER 2
847,"2511 Mississippi State O @ Missouri , Play 094",94,4,2,1,'+20,2,,RA,14,12,'-1,R,R,11,TREY Y OFF,,,,,,,OFF,,,GN,OUTSIDE ZN LD,WK,ZN,,DBL SHADE,4 DOWN,,,COVER 2,,MSST 22,MSST 01,22,10,03; 04; 11,1,11,R,,R,9,'-1,0,,,OUTSIDE ZONE,,,0,0,1,0,0,MSST 22,MSST 01,22,03; 04; 11,10,EVEN,1x3,1,R,,0,COVER 2
848,"2511 Mississippi State O @ Missouri , Play 095",95,4,3,2,'+21,3,SY,RA,14,13,2,R,R,11,TREY Y OFF,,Y MTR,,,,,OFF,,,GN,SPL ZN SS,STR,ZN,,BENCH,4 DOWN,,,COVER 1,,MSST 22,MSST 01,22,10,03; 04; 11,1,11,R,,R,'-1,2,0,,,INSIDE ZONE,,,0,0,1,0,0,MSST 22,MSST 01,22,03; 04; 11,10,WIDE UNDER,1x3,0,R,,0,COVER 1
849,"2511 Mississippi State O @ Missouri , Play 096",96,4,1,10,'+19,1,,RA,14,14,0,R,R,11,TREY Y OFF,,,,,,,OFF,,,GN,Y INSERT,WK,ZN,,OVER,4 DOWN,,DOUBLE B GAP,COVER 3,,MSST 26,MSST 01,26,10,03; 04; 11,0,11,R,,R,2,0,0,,,INSIDE ZONE,,,0,0,0,0,1,MSST 26,MSST 01,26,03; 04; 11,10,WIDE OVER,1x3,1,R,,1,COVER 3
850,"2511 Mississippi State O @ Missouri , Play 097",97,4,2,10,'+19,2,,RA,14,15,1,R,M,11,DUO,,Z ORB,,,,,ON,,,GN,Q CTR OTAIL,STR,GAP,,BENCH,4 DOWN,,,COVER 6,,MSST 01,MSST 01,26,10,03; 04; 11,0,11,R,,C,0,1,0,,,COUNTER,,,0,0,0,0,1,MSST 01,MSST 01,26,03; 04; 11,10,WIDE OVER,3x1,1,R,,0,COVER 6
851,"2511 Mississippi State O @ Missouri , Play 098",98,4,3,9,'+18,3,,RA,14,16,'-5,P,LM,11,DOUBLES,,,,,,,OPEN,OVER,SACK,GF,,,DB,32,,4 DOWN,,,COVER 1,,MSST 01,MSST 01,26,10,03; 04; 11,0,11,P,,L,1,'-5,0,0,,,,,0,0,0,0,1,MSST 01,MSST 01,26,03; 04; 11,10,ONE INTERIOR,2x2,0,R,,0,COVER 1
852,"2512 Mississippi State O vs Mississippi , Play 001",1,1,0,10,'-3,P,,,1,1,'-1,R,L,12,TREY YU OFF,,U MO,,,,,OFF,,,GN,SPL ZN SS,STR,ZN,,EVEN,4 DOWN,,,COVER 3,,MSST 24,MSST 01,24,08; 87,00; 03,0,12,R,,L,62,'-1,0,,,INSIDE ZONE,,,0,0,0,0,0,MSST 24,MSST 01,24,00; 03,08; 87,WIDE OVER,2x1,1,,,0,COVER 3
853,"2512 Mississippi State O vs Mississippi , Play 002",2,1,2,11,'-2,2,,,1,2,18,P,L,12,ACE Y OFF U HIP,,U RETURN,,,,,OFF,SLANT,COMPLETE,GN,,,ZN,,EVEN,4 DOWN,TORO,,COVER 3,,MSST 00,MSST 01,24,08; 87,00; 03,1,12,P,,L,'-1,18,0,0,,INSIDE ZONE,,,0,0,1,0,0,MSST 00,MSST 01,24,00; 03,08; 87,WIDE OVER,2x2,1,R,MSST 00,0,COVER 3
854,"2512 Mississippi State O vs Mississippi , Play 003",3,1,1,10,'-20,1,,,1,3,5,R,L,12,TREY U HIP,,X MTR,,,,,PRO,,,GN,OUTSIDE ZN LD,WK,ZN,,OVER,5 DOWN,,,COVER 6,,MSST 24,MSST 01,24,08; 87,00; 03,1,12,R,,L,18,5,0,,,OUTSIDE ZONE,,,0,0,1,0,0,MSST 24,MSST 01,24,00; 03,08; 87,WIDE OVER,3x1,0,P,,0,COVER 6
855,"2512 Mississippi State O vs Mississippi , Play 004",4,1,2,5,'-25,2,,,1,4,7,R,L,12,TREY U STING,,BUZZ/U MTR,,,,,PRO,,,GN,Q CTR OT RD,STR,GAP,,EVEN,4 DOWN,,,COVER 6,,MSST 01,MSST 01,24,08; 87,00; 03,1,12,R,,L,5,7,0,,,COUNTER,,,0,0,1,0,0,MSST 01,MSST 01,24,00; 03,08; 87,WIDE OVER,3x1,0,R,,0,COVER 6
856,"2512 Mississippi State O vs Mississippi , Play 005",5,1,1,10,'-32,1,,,1,5,29,P,LM,12,ACE YU OFF,,,,,,,OFF,OVERS,COMPLETE,GF,,,PA,FS RT,OFF EVEN,4 DOWN,,FLD BKR,COVER 2,,MSST 08,MSST 01,24,08; 87,00; 03,1,12,P,,C,7,29,0,0,,UNDEFINED,,,0,0,1,0,0,MSST 08,MSST 01,24,00; 03,08; 87,WIDE UNDER,2x2,0,R,MSST 08,0,COVER 2
857,"2512 Mississippi State O vs Mississippi , Play 006",6,1,1,10,'+39,1,,,1,6,2,R,L,12,TREY YU OFF FIB,,U MTR,,X,,,OFF,,,GF,ZONE RD ARC,STR,ZN,,FLD OFF EVEN,4 DOWN,,CHOKE,COVER 4,,MSST 24,MSST 01,24,08; 87,00; 03,1,12,R,,L,29,2,0,,,OUTSIDE ZONE,,,0,0,1,0,0,MSST 24,MSST 01,24,00; 03,08; 87,WIDE UNDER,1x3,0,P,,0,COVER 4
858,"2512 Mississippi State O vs Mississippi , Play 007",7,1,2,8,'+37,2,,,1,7,1,R,L,12,TREY Y OFF,,,,,,,OFF,,,GF,Y INSERT,STR,ZN,,OVER,4 DOWN,,,COVER 6,,MSST 24,MSST 01,24,08; 87,00; 03,0,12,R,,L,2,1,0,,,INSIDE ZONE,,,0,0,0,0,0,MSST 24,MSST 01,24,00; 03,08; 87,WIDE OVER,3x1,1,R,,0,COVER 6
859,"2512 Mississippi State O vs Mississippi , Play 008",8,1,3,7,'+36,3,,,1,8,12,P,L,12,TRIPS,,Z MTR,,,,,ON,SPACING,COMPLETE,GN,,,DB,HS,EVEN,4 DOWN,TORO,,COVER 6,,MSST 00,MSST 01,24,08; 87,00; 03,1,12,P,,L,1,12,0,1,,,,,0,0,1,0,0,MSST 00,MSST 01,24,00; 03,08; 87,EVEN,3x1,0,R,MSST 00,0,COVER 6
860,"2512 Mississippi State O vs Mississippi , Play 009",9,1,1,10,'+24,1,,RA,1,9,2,R,R,12,ACE YU OFF,,U STEAM,,,,,OFF,,,GF,SPL ZN,STR,ZN,,EVEN,4 DOWN,,,COVER 4,,MSST 24,MSST 01,24,08; 87,03; 09,0,12,R,,R,12,2,0,,,MAN,,,0,0,0,0,0,MSST 24,MSST 01,24,03; 09,08; 87,EVEN,2x2,1,P,,0,COVER 4
861,"2512 Mississippi State O vs Mississippi , Play 010",10,1,2,8,'+22,2,,RA,1,10,22,R,R,12,TREY U HIP,,X MTR,,,,,WING PRO,,,GN,Q CTR OT LD,WK,GAP,,JOKER,4 DOWN,,FLAME,COVER 3,,MSST 01,MSST 01,24,08; 87,03; 09,1,12,R,,R,2,22,0,,,COUNTER,,MSST 01,0,0,1,0,0,MSST 01,MSST 01,24,03; 09,08; 87,OVER,1x3,0,R,,1,COVER 3
862,"2512 Mississippi State O vs Mississippi , Play 011",11,1,0,10,'-25,P,,,2,1,2,R,L,11,DUO,,Z ORB,,,,,ON,,,GF,Q POWER G LD,STR,GAP,,BENCH,4 DOWN,,,COVER 4,,MSST 01,MSST 01,24,8,00; 03; 11,0,11,R,,L,67,2,0,,,PULL LEAD,,,0,0,0,0,0,MSST 01,MSST 01,24,00; 03; 11,08,WIDE UNDER,3x1,1,,,0,COVER 4
863,"2512 Mississippi State O vs Mississippi , Play 012",12,1,2,8,'-27,2,,,2,2,6,R,L,11,TRIPS,STK,,,,,,ON,,,GF,INSIDE ZN,STR,ZN,,BENCH,4 DOWN,INLAW,,COVER 6,,MSST 22,MSST 01,22,8,00; 03; 11,1,11,R,,L,2,6,0,,,MAN,,,0,0,1,0,0,MSST 22,MSST 01,22,00; 03; 11,08,WIDE OVER,3x1,1,R,,0,COVER 6
864,"2512 Mississippi State O vs Mississippi , Play 013",13,1,3,2,'-33,3,SY,,2,3,5,R,L,11,EMPTY 3x2 Y OFF,,,,,,,OFF,,,GEMP,Q SPL ZN,STR,ZN,,OFF EVEN,3 DOWN,,,COVER 6,,MSST 01,MSST 01,22,8,00; 03; 11,1,11,R,,L,6,5,0,,,MAN,,,0,0,1,0,0,MSST 01,MSST 01,22,00; 03; 11,08,WIDE OVER,3x2,0,R,,0,COVER 6
865,"2512 Mississippi State O vs Mississippi , Play 014",14,1,1,10,'-38,1,,,2,4,0,P,L,11,EMPTY 3x2 Y OFF,,,,,,,OFF,OPTION Y,INCOMPLETE,GEMP,,,DB,FS LT,OFF EVEN,4 DOWN,,,COVER 6,,,MSST 01,22,8,00; 03; 11,1,11,P,,L,5,0,0,0,,,,,0,0,1,0,0,,MSST 01,22,00; 03; 11,08,EVEN,3x2,0,R,MSST 00,0,COVER 6
866,"2512 Mississippi State O vs Mississippi , Play 015",15,1,2,10,'-38,2,,,2,5,2,R,L,11,DUO Y OFF,SNUG,Z MTR,,,,,OFF,,,GN,Y INSERT,WK,ZN,,EVEN,4 DOWN,,CHOKE,COVER 3,,MSST 22,MSST 01,22,8,00; 03; 11,0,11,R,,L,,2,0,,,OUTSIDE ZONE,,,0,0,0,0,0,MSST 22,MSST 01,22,00; 03; 11,08,WIDE UNDER,2x2,0,P,,0,COVER 3
867,"2512 Mississippi State O vs Mississippi , Play 016",16,1,3,8,'-40,3,,,2,6,0,P,RM,11,TRIPS BUNCH,,Z OUT,,,,,ON,VERTS RD,INCOMPLETE,GF,,,DB,MAN,LOAD,3 DOWN,,,COVER 3,,,MSST 01,22,8,00; 03; 11,1,11,P,,R,2,0,0,0,,,,,0,0,1,0,0,,MSST 01,22,00; 03; 11,08,ONE INTERIOR,1x3,0,R,MSST 00,0,COVER 3
868,"2512 Mississippi State O vs Mississippi , Play 017",17,2,0,10,'-20,P,,,3,1,2,P,L,12,TWINS U HIP,,Z MTR,,,,,WING SLOT,FLOOD,RUN,GF,,,NKD,SPR O RT,EVEN,4 DOWN,TORO,,COVER 6,,MSST 01,MSST 01,24,08; 10,00; 03,0,12,P,,L,37,2,0,0,,,,,0,0,0,0,0,MSST 01,MSST 01,24,00; 03,08; 10,EVEN,2x2,0,,,0,COVER 6
869,"2512 Mississippi State O vs Mississippi , Play 018",18,2,2,8,'-22,2,,,3,2,39,R,L,12,TREY YU OFF,ENDOVER,U MTR,,,X,,OFF,,,GF,ZONE RD ARC,STR,ZN,,EVEN,4 DOWN,TORO,,COVER 2,,MSST 01,MSST 01,24,08; 10,00; 03,1,12,R,,L,2,39,0,,,MAN,,,0,0,1,0,0,MSST 01,MSST 01,24,00; 03,08; 10,EVEN,4x0,1,P,,0,COVER 2
870,"2512 Mississippi State O vs Mississippi , Play 019",19,2,1,10,'+39,1,,,3,3,0,P,L,12,TREY Y OFF,,Y NR,,,,,OFF,CURLS,INTERCEPTION,GF,,,PA,MAN,JACK,4 DOWN,,,COVER 4,,,MSST 01,24,08; 10,00; 03,1,12,P,,L,39,0,0,0,,UNDEFINED,,,0,0,1,0,0,,MSST 01,24,00; 03,08; 10,UNDER,3x1,0,R,MSST 00,0,COVER 4
871,"2512 Mississippi State O vs Mississippi , Play 020",20,2,0,10,'-12,P,,,4,1,1,R,L,11,DOUBLES,,H MTR,,,,,OPEN,,,GF,OUTSIDE ZN RD,STR,ZN,,OVER,4 DOWN,INLAW,,COVER 6,,MSST 24,MSST 01,24,8,00; 03; 11,0,11,R,,L,50,1,0,,,OUTSIDE ZONE,,,0,0,0,0,0,MSST 24,MSST 01,24,00; 03; 11,08,WIDE UNDER,2x2,1,,,0,COVER 6
872,"2512 Mississippi State O vs Mississippi , Play 021",21,2,2,9,'-13,2,,,4,2,13,P,R,11,DOUBLES,,,,,,,OPEN,CURLS,RUN,GF,,,DB,HS,OFF EVEN,3 DOWN,TORO,,COVER 6,,MSST 01,MSST 01,24,8,00; 03; 11,1,11,P,,R,1,13,0,0,,,MSST 76 OH,,0,0,1,0,0,MSST 01,MSST 01,24,00; 03; 11,08,WIDE UNDER,2x2,0,R,,0,COVER 6
873,"2512 Mississippi State O vs Mississippi , Play 022",22,2,2,16,'-6,2,,,4,3,0,P,R,11,DOUBLES,,Y IN,,,,,OPEN,DAGGER,HIT AS THREW,GF,,,PA,MAN,OFF EVEN,3 DOWN,,FLD BKR,COVER 4,,,MSST 01,24,8,00; 03; 11,0,11,P,,R,13,0,0,0,,UNDEFINED,(D) MSST 72 OH,,0,0,0,0,0,,MSST 01,24,00; 03; 11,08,WIDE OVER,2x2,0,P,,1,COVER 4
874,"2512 Mississippi State O vs Mississippi , Play 023",23,2,3,16,'-6,3,,,4,4,9,P,R,11,TRIPS OPEN,,,,,,,OPEN,VERTS RD,COMPLETE,GF,,,DB,MAN,OKIE,3 DOWN,,,COVER 3,,MSST 24,MSST 01,24,8,00; 03; 11,0,11,P,,R,,9,0,0,,,,,0,0,0,0,0,MSST 24,MSST 01,24,00; 03; 11,08,ONE INTERIOR,1x3,0,P,MSST 24,0,COVER 3
875,"2512 Mississippi State O vs Mississippi , Play 024",24,2,0,10,'-14,P,,,5,1,8,P,R,11,DUO Y OFF,SNUG,H ORB,,,,,OFF,BUBBLE SCR,RUN,GN,,,ZN,,OFF EVEN,4 DOWN,TORO,,COVER 2,,MSST 01,MSST 01,24,87,00; 03; 04,0,11,P,,R,46,8,0,0,,OUTSIDE ZONE,,,0,0,0,0,0,MSST 01,MSST 01,24,00; 03; 04,87,WIDE OVER,1x3,1,,,0,COVER 2
876,"2512 Mississippi State O vs Mississippi , Play 025",25,2,2,2,'-22,2,,,5,2,3,R,C,11,TREY Y OFF,,Y MTR,,,,,OFF,,,PSTL,CTR OY,WK,GAP,,JOKER,4 DOWN,,,COVER 6,,MSST 24,MSST 01,24,87,00; 03; 04,1,11,R,,C,8,3,0,,,COUNTER,,,0,0,1,0,0,MSST 24,MSST 01,24,00; 03; 04,87,ODD,3x1,1,P,,0,COVER 6
877,"2512 Mississippi State O vs Mississippi , Play 026",26,2,1,10,'-25,1,,,5,3,4,R,L,11,TREY Y OFF,,Y MTR,,,,,OFF,,,PSTL,INSIDE ZN RD,WK,ZN,,FLD OFF EVEN,3 DOWN,SH INLAW,ARROW,COVER 3,,MSST 24,MSST 01,24,87,03; 04; 13,0,11,R,,L,3,4,0,,,MAN,,,0,0,0,0,0,MSST 24,MSST 01,24,03; 04; 13,87,WIDE UNDER,3x1,1,R,,0,COVER 3
878,"2512 Mississippi State O vs Mississippi , Play 027",27,2,2,6,'-29,2,,,5,4,3,R,L,11,DUO Y OFF,SNUG,H ORB,,,,,OFF,,,GN,Y INSERT,WK,ZN,,FLD OFF EVEN,4 DOWN,TORO,,COVER 2,,MSST 24,MSST 01,24,87,03; 04; 13,1,11,R,,L,4,3,0,,,OUTSIDE ZONE,,,0,0,1,0,0,MSST 24,MSST 01,24,03; 04; 13,87,EVEN,2x2,1,R,,0,COVER 2
879,"2512 Mississippi State O vs Mississippi , Play 028",28,2,3,3,'-32,3,,,5,5,0,R,L,11,EMPTY 3x2 Y OFF,,T MTR,,,,,OFF,,,GEMP,Q CTR OY,WK,GAP,,,4 DOWN,,,COVER 6,,MSST 01,MSST 01,24,87,03; 04; 13,1,11,R,,L,3,0,0,,,COUNTER,,,0,0,1,0,0,MSST 01,MSST 01,24,03; 04; 13,87,WIDE OVER,3x2,0,R,,0,COVER 6
880,"2512 Mississippi State O vs Mississippi , Play 029",29,2,0,10,'-20,P,,,6,1,15,P,R,11,DUO Y OFF,SNUG,Z MTR,,,,,OFF,SW VERTS RD,COMPLETE,GF,,,DB,MAN,OFF EVEN,4 DOWN,INLAW,,COVER 6,,MSST 00,MSST 01,24,8,00; 03; 11,0,11,P,,R,39,15,0,0,,,,,0,0,0,0,0,MSST 00,MSST 01,24,00; 03; 11,08,WIDE UNDER,2x2,0,,MSST 00,0,COVER 6
881,"2512 Mississippi State O vs Mississippi , Play 030",30,2,1,10,'-35,1,,,6,2,43,R,L,11,DUO Y OFF,,Y MTR,,,,,OFF,,,GN,Q CTR OT RD,WK,GAP,,JACK,4 DOWN,TEX,,COVER 6,,MSST 24,MSST 01,24,8,00; 03; 11,1,11,R,,L,15,43,0,,,COUNTER,,,0,0,1,0,0,MSST 24,MSST 01,24,00; 03; 11,08,OVER,2x2,0,P,,0,COVER 6
882,"2512 Mississippi State O vs Mississippi , Play 031",31,2,1,10,'+22,1,,RA,6,3,0,R,R,11,DUO Y OFF,,Y MTR,,,,,OFF,,,GF,ZONE RD ARC,STR,ZN,,EVEN,4 DOWN,,,COVER 6,,MSST 24,MSST 01,24,8,00; 03; 11,1,11,R,,R,43,0,0,,,OUTSIDE ZONE,,,0,0,1,0,0,MSST 24,MSST 01,24,00; 03; 11,08,WIDE UNDER,2x2,0,R,,0,COVER 6
883,"2512 Mississippi State O vs Mississippi , Play 032",32,2,2,10,'+22,2,,RA,6,4,0,P,R,11,DUO,,Z ORB,,,,,ON,SCR N' GO,INCOMPLETE,GF,,,PA,MAN,JACK,4 DOWN,TEX,,COVER 4,,,MSST 01,24,8,00; 03; 11,0,11,P,,R,0,0,0,0,,UNDEFINED,,,0,0,0,0,0,,MSST 01,24,00; 03; 11,08,ODD,1x3,0,R,MSST 03,0,COVER 4
884,"2512 Mississippi State O vs Mississippi , Play 033",33,2,3,10,'+22,3,,RA,6,5,0,P,R,11,DUO Y OFF,,Y NR,,,,,OFF,CURLS,INCOMPLETE,GF,,,QK,HS,BENCH,5 DOWN,,FLD EXIT,COVER 3 SEAM,,,MSST 01,24,8,00; 03; 11,0,11,P,,R,,0,0,0,,,,,0,0,0,0,0,,MSST 01,24,00; 03; 11,08,WIDE OVER,2x2,0,P,MSST 03,1,COVER 3 SEAM
885,"2512 Mississippi State O vs Mississippi, PFF Play 100",100,2,0,10,'-25,P,,,7,1,-5,R,R,12,CLOSED - CLOSED,,,,,,,,,,,,,,,UNDER,,,,,,MSST 01,MSST 01,24,08; 10,00; 03,0,12,R,1,R,0,-5,0,,,UNDEFINED,,,0,0,0,0,0,MSST 01,MSST 01,24,00; 03,08; 10,UNDER,1x1,0,P,,0,
886,"2512 Mississippi State O vs Mississippi , Play 035",35,3,0,10,'-25,P,,,8,1,2,R,R,12,TREY YU OFF,ENDOVER,U MTR,,,X,,OFF,,,GF,Q OUTSIDE ZN LD,WK,ZN,,BENCH,4 DOWN,,,COVER 4,,MSST 01,MSST 01,24,08; 10,00; 03,0,12,R,,R,69,2,0,,,OUTSIDE ZONE,,,0,0,0,0,0,MSST 01,MSST 01,24,00; 03,08; 10,WIDE OVER,0x4,0,,,0,COVER 4
887,"2512 Mississippi State O vs Mississippi , Play 036",36,3,2,8,'-27,2,,,8,2,4,R,R,12,TRIPS OPEN,,,,,,,OPEN,,,GF,INSIDE ZN,STR,ZN,,EVEN,4 DOWN,TORO,,COVER 6,,MSST 24,MSST 01,24,08; 10,00; 03,1,12,R,,R,2,4,0,,,MAN,,,0,0,1,0,0,MSST 24,MSST 01,24,00; 03,08; 10,WIDE UNDER,1x3,1,R,,0,COVER 6
888,"2512 Mississippi State O vs Mississippi , Play 037",37,3,3,4,'-31,3,,,8,3,14,P,L,12,TREY Y OFF,,Y FR,,,,,OFF/OPEN,SPACING,COMPLETE,GF,,,DB,32,BENCH,4 DOWN,BANDIT,,COVER 6,,MSST 00,MSST 01,24,08; 10,00; 03,1,12,P,,L,4,14,0,0,,,,,0,0,1,0,0,MSST 00,MSST 01,24,00; 03,08; 10,WIDE UNDER,3x1,0,R,MSST 00,0,COVER 6
889,"2512 Mississippi State O vs Mississippi , Play 038",38,3,1,10,'-45,1,,,8,4,7,R,L,12,DOUBLES,,,,,,,OPEN,,,GN,PIN PULL SS,STR,GAP,,EVEN,3 DOWN,TORO,,COVER 4,,MSST 24,MSST 01,24,08; 10,00; 03,1,12,R,,L,14,7,0,,,COUNTER,,,0,0,1,0,0,MSST 24,MSST 01,24,00; 03,08; 10,WIDE OVER,2x2,0,P,,0,COVER 4
890,"2512 Mississippi State O vs Mississippi , Play 039",39,3,2,3,'+48,2,,,8,5,2,P,R,12,DOUBLES,,BUZZ,,,,,OPEN,FLAT RB SCR,COMPLETE,GF,,,SPR,SCREEN,BENCH,4 DOWN,,,COVER 3 SEAM,,MSST 24,MSST 01,24,08; 10,00; 03,1,12,P,,R,7,2,1,0,,,,,0,0,1,0,0,MSST 24,MSST 01,24,00; 03,08; 10,WIDE OVER,2x2,0,R,MSST 24,0,COVER 3 SEAM
891,"2512 Mississippi State O vs Mississippi , Play 040",40,3,3,1,'+46,3,SY,,8,6,8,R,L,12,KING U OFF,,U MTR,,,,,SLOT,,,GN,INSIDE ZN RD,WK,ZN,,BENCH,4 DOWN,TORO,,COVER 4,,MSST 24,MSST 01,24,08; 10,00; 03,1,12,R,,L,2,8,0,,,MAN,,,0,0,1,0,0,MSST 24,MSST 01,24,00; 03,08; 10,WIDE OVER,3x1,1,P,,0,COVER 4
892,"2512 Mississippi State O vs Mississippi , Play 041",41,3,1,10,'+38,1,,,8,7,2,P,L,12,TREY Y OFF,,,,,,,OFF,SW VERTS RD,RUN,GF,,,PA,32,EVEN,4 DOWN,INLAW,ARROW,COVER 3 SEAM,,MSST 01,MSST 01,24,08; 10,00; 03,1,12,P,,L,8,2,0,0,,UNDEFINED,,,0,0,1,0,0,MSST 01,MSST 01,24,00; 03,08; 10,WIDE OVER,3x1,0,R,,1,COVER 3 SEAM
893,"2512 Mississippi State O vs Mississippi , Play 042",42,3,2,8,'+36,2,,,8,8,12,P,M,11,DOUBLES,,,,,,,OPEN,NOW SCR,COMPLETE,GF,,,RPO,MAN,EVEN,4 DOWN,TORO,DBL BKR,COVER 0,,MSST 08,MSST 01,6,8,00; 03; 11,0,11,P,,C,2,12,1,0,,MAN,,,0,0,0,0,0,MSST 08,MSST 01,06,00; 03; 11,08,EVEN,2x2,1,P,MSST 08,1,COVER 0
894,"2512 Mississippi State O vs Mississippi , Play 043",43,3,1,10,'+24,1,,RA,8,9,2,R,R,11,TREY Y OFF,,,,,,,OFF,,,GF,CTR OT RD,STR,GAP,,BENCH,4 DOWN,,,COVER 3 SEAM,,MSST 06,MSST 01,6,8,00; 03; 11,1,11,R,,R,12,2,0,,,COUNTER,,,0,0,1,0,0,MSST 06,MSST 01,06,00; 03; 11,08,WIDE UNDER,1x3,1,P,,0,COVER 3 SEAM
895,"2512 Mississippi State O vs Mississippi , Play 044",44,3,2,8,'+22,2,,RA,8,10,4,R,L,11,TREY Y OFF FIB,,,,X,,,OFF,,,GN,OUTSIDE ZN LD,WK,ZN,,JOKER,4 DOWN,,,COVER 4,,MSST 06,MSST 01,6,8,00; 03; 11,1,11,R,,L,2,4,0,,,OUTSIDE ZONE,,,0,0,1,0,0,MSST 06,MSST 01,06,00; 03; 11,08,OVER,1x3,1,R,,0,COVER 4
896,"2512 Mississippi State O vs Mississippi , Play 045",45,3,3,4,'+18,3,,RA,8,11,0,P,M,11,DUO Y OFF,,Y NR,,,,,OFF,MESH,INCOMPLETE,GN,,,DB,MAN,BENCH,4 DOWN,TRIO,,COVER 6,,,MSST 01,6,87,00; 03; 11,0,11,P,,C,4,0,0,0,,,,,0,0,0,0,0,,MSST 01,06,00; 03; 11,87,NO INTERIOR,2x2,0,R,MSST 03,0,COVER 6
897,"2512 Mississippi State O vs Mississippi , Play 046",46,3,0,10,'-25,P,,,9,1,'-3,P,L,11,TRIPS,,,,,,,ON,VERTS RD,SACK,GF,,,PA,HS,EVEN,4 DOWN,TRIO,,COVER 4,,MSST 01,MSST 01,24,8,00; 03; 11,0,11,P,,L,62,'-3,0,0,,UNDEFINED,,,0,0,0,0,0,MSST 01,MSST 01,24,00; 03; 11,08,WIDE OVER,3x1,0,,,0,COVER 4
898,"2512 Mississippi State O vs Mississippi , Play 047",47,3,2,13,'-22,2,,,9,2,7,R,L,11,DUO Y OFF,,Y MTR,,,,,OFF,,,GN,Q CTR OT RD,WK,GAP,,JACK,4 DOWN,,,COVER 4,,MSST 01,MSST 01,24,8,00; 03; 11,1,11,R,,L,'-3,7,0,,,COUNTER,,,0,0,1,0,0,MSST 01,MSST 01,24,00; 03; 11,08,ODD,2x2,0,P,,0,COVER 4
899,"2512 Mississippi State O vs Mississippi , Play 048",48,3,3,6,'-29,3,,,9,3,9,P,L,11,DUO Y OFF,,Y NR,,,,,OFF,CURLS,RUN,GF,,,DB,MAN,OKIE,5 DOWN,,,COVER 4,,MSST 01,MSST 01,24,8,00; 03; 11,1,11,P,,L,7,9,0,0,,,,,0,0,1,0,0,MSST 01,MSST 01,24,00; 03; 11,08,ODD,2x2,0,R,,0,COVER 4
900,"2512 Mississippi State O vs Mississippi , Play 049",49,3,1,10,'-38,1,,,9,4,'-7,R,R,11,TRIPS,,,,,,,ON,,,GF,OUTSIDE ZN,STR,ZN,,EVEN,3 DOWN,SH INLAW,ARROW,COVER 4,,MSST 24,MSST 01,24,8,00; 03; 11,1,11,R,,R,9,'-7,0,,,OUTSIDE ZONE,,,0,0,1,0,0,MSST 24,MSST 01,24,00; 03; 11,08,WIDE UNDER,1x3,1,P,,0,COVER 4
901,"2512 Mississippi State O vs Mississippi , Play 050",50,3,2,17,'-31,2,,,9,5,7,P,R,11,EMPTY 3x2 Y OFF,,,,,,,OFF,OPTION Y,COMPLETE,GEMP,,,QK,MAN,EVEN,4 DOWN,TRIO,,COVER 4,,MSST 06,MSST 01,6,8,00; 03; 11,0,11,P,,R,'-7,7,0,0,,,,,0,0,0,0,0,MSST 06,MSST 01,06,00; 03; 11,08,WIDE OVER,2x3,0,R,MSST 06,0,COVER 4
902,"2512 Mississippi State O vs Mississippi , Play 051",51,3,3,10,'-38,3,,,9,6,0,P,R,11,TREY Y OFF,SNUG,Y NR,,,,,OFF,VERTS RD,THROWN AWAY,GN,,,SPR,SPR O RT,OKIE,5 DOWN,,EXIT,COVER 1,,,MSST 01,6,8,00; 03; 11,0,11,P,,R,7,0,0,0,,,,,0,0,0,0,0,,MSST 01,06,00; 03; 11,08,ODD,1x3,0,P,,1,COVER 1
903,"2512 Mississippi State O vs Mississippi , Play 052",52,4,0,10,'-25,P,,,10,1,11,P,L,11,TREY U HIP,,,,,,,OFF,Y DELAY,COMPLETE,GF,,,DB,HS,EVEN,4 DOWN,,STREAK,COVER 3,,MSST 08,MSST 01,24,8,00; 03; 11,0,11,P,,L,66,11,0,0,,,,,0,0,0,0,0,MSST 08,MSST 01,24,00; 03; 11,08,EVEN,3x1,0,,MSST 08,1,COVER 3
904,"2512 Mississippi State O vs Mississippi , Play 053",53,4,1,10,'-36,1,,,10,2,'-3,P,M,11,TRIPS OPEN,,,,,,,OPEN,VERTS RD,SACK,GF,,,PA,MAN,,3 DOWN,,,COVER 4,,MSST 01,MSST 01,24,8,00; 03; 11,1,11,P,,C,11,'-3,0,0,,UNDEFINED,,,0,0,1,0,0,MSST 01,MSST 01,24,00; 03; 11,08,ONE INTERIOR,3x1,0,P,,0,COVER 4
905,"2512 Mississippi State O vs Mississippi , Play 054",54,4,2,13,'-33,2,,,10,3,7,P,R,11,TREY Y OFF,,Y MTR,,,,,OFF,HITCHES,COMPLETE,PSTL,,,RPO,,EVEN,4 DOWN,,ARROW,COVER 4,,MSST 11,MSST 01,24,8,00; 03; 11,1,11,P,,R,'-3,7,0,1,,COUNTER,,,0,0,1,0,0,MSST 11,MSST 01,24,00; 03; 11,08,WIDE OVER,1x3,1,P,MSST 11,1,COVER 4
906,"2512 Mississippi State O vs Mississippi , Play 055",55,4,3,6,'-40,3,,,10,4,10,P,R,11,TRIPS,,Z MTR,,,,,ON,SPACING,RUN,GN,,,DB,MAN,EVEN,4 DOWN,TORO,,COVER 6,,MSST 01,MSST 01,24,8,00; 03; 11,0,11,P,,R,7,10,0,0,,,,,0,0,0,0,0,MSST 01,MSST 01,24,00; 03; 11,08,WIDE UNDER,1x3,0,P,,0,COVER 6
907,"2512 Mississippi State O vs Mississippi , Play 056",56,4,1,10,'+50,1,,,10,5,0,P,R,11,TRIPS,,,,,,,ON,CURL FLAT,INCOMPLETE,GF,,,PA,MAN,EVEN,4 DOWN,TORO,,COVER 4,,,MSST 01,24,8,00; 03; 11,1,11,P,,R,10,0,0,0,,UNDEFINED,,,0,0,1,0,0,,MSST 01,24,00; 03; 11,08,WIDE UNDER,1x3,0,P,MSST 00,0,COVER 4
908,"2512 Mississippi State O vs Mississippi , Play 057",57,4,2,10,'+50,2,,,10,6,15,P,R,11,TREY Y OFF,,,,,,,OFF,Y DELAY,COMPLETE,GF,,,DB,FS LT,OFF EVEN,4 DOWN,,STORM,COVER 2,,MSST 08,MSST 01,6,8,03; 11; 13,0,11,P,,R,,15,0,0,,,,,0,0,0,0,0,MSST 08,MSST 01,06,03; 11; 13,08,WIDE OVER,1x3,0,P,MSST 08,1,COVER 2
909,"2512 Mississippi State O vs Mississippi , Play 058",58,4,1,10,'+35,1,,,10,7,0,R,L,11,DOUBLES,,,,,,,OPEN,,,GN,INSIDE ZN,WK,ZN,,BENCH,3 DOWN,INLAW,,COVER 4,,MSST 06,MSST 01,6,8,00; 03; 11,1,11,R,,L,15,0,0,,,MAN,,,0,0,1,0,0,MSST 06,MSST 01,06,00; 03; 11,08,WIDE UNDER,2x2,1,P,,0,COVER 4
910,"2512 Mississippi State O vs Mississippi , Play 059",59,4,2,10,'+35,2,,,10,8,0,P,L,11,TRIPS,,,,,,,ON,SW VERTS,INCOMPLETE,GF,,,SPR,GAP,BENCH,4 DOWN,,,COVER 3 SEAM,,,MSST 01,6,8,00; 03; 11,1,11,P,,L,0,0,0,0,,POWER,,,0,0,1,0,0,,MSST 01,06,00; 03; 11,08,WIDE UNDER,3x1,0,R,MSST 03,0,COVER 3 SEAM
911,"2512 Mississippi State O vs Mississippi , Play 060",60,4,3,10,'+35,3,,,10,9,35,P,L,11,TRIPS OPEN,,,,,,,OPEN,VERTS RD,RUN,GN,,,DB,MAN,OKIE,4 DOWN,QUAD?,,COVER 1,,MSST 01,MSST 01,6,8,09; 11; 13,0,11,P,,L,,35,0,0,,,,MSST 01,0,0,0,0,0,MSST 01,MSST 01,06,09; 11; 13,08,ODD,3x1,0,P,,1,COVER 1
912,"2512 Mississippi State O vs Mississippi , Play 062",62,4,0,10,'-25,P,,,11,1,2,R,R,12,TREY U STING,ENDOVER,U MTR,,,X,,OFF,,,PSTL,ZONE RD ARC,STR,ZN,,EVEN,4 DOWN,,,COVER 4,,MSST 24,MSST 01,24,08; 87,00; 03,0,12,R,,R,75,2,0,,,MAN,,,0,0,0,0,0,MSST 24,MSST 01,24,00; 03,08; 87,WIDE OVER,0x4,1,,,0,COVER 4
913,"2512 Mississippi State O vs Mississippi , Play 063",63,4,2,8,'-27,2,,,11,2,3,P,M,12,ACE YU OFF,,,,,,,OFF,OVER,LATERAL,GF,,,DB,FS LT,JACK,4 DOWN,TEX,,COVER 4,,MSST 24,MSST 01,24,08; 87,00; 03,1,12,P,,C,2,3,0,0,,UNDEFINED,,,0,0,1,0,0,MSST 24,MSST 01,24,00; 03,08; 87,ODD,2x2,0,R,,0,COVER 4
914,"2512 Mississippi State O vs Mississippi , Play 064",64,4,3,5,'-30,3,,,11,3,9,P,L,12,TREY Y OFF,,Y FR,,,,,OFF,SPACING,RUN,GF,,,DB,32,JACK,3 DOWN,TEX,,COVER 6,,MSST 01,MSST 01,24,08; 87,00; 09,1,12,P,,L,3,9,0,0,,,,,0,0,1,0,0,MSST 01,MSST 01,24,00; 09,08; 87,UNDER,3x1,0,P,,0,COVER 6
915,"2512 Mississippi State O vs Mississippi , Play 065",65,4,1,10,'-39,1,,,11,4,9,P,R,11,TREY Y OFF,,Y NR,,,,,OFF,CURLS,COMPLETE,GF,,,DB,32,EVEN,4 DOWN,,ARROW,COVER 3 SEAM,,MSST 00,MSST 01,6,87,00; 03; 11,0,11,P,,R,9,9,0,0,,UNDEFINED,,,0,0,0,0,0,MSST 00,MSST 01,06,00; 03; 11,87,WIDE OVER,1x3,0,P,MSST 00,1,COVER 3 SEAM
916,"2512 Mississippi State O vs Mississippi , Play 066",66,4,2,1,'-48,2,,,11,5,0,P,L,11,DOUBLES,,,,,,,OPEN,CURLS,INCOMPLETE,GN,,,DB,HS,OFF EVEN,4 DOWN,TRIO,,COVER 4,,,MSST 01,6,87,00; 03; 11,1,11,P,,L,9,0,0,0,,,,,0,0,1,0,0,,MSST 01,06,00; 03; 11,87,EVEN,2x2,0,P,MSST 06,0,COVER 4
917,"2512 Mississippi State O vs Mississippi , Play 067",67,4,3,1,'-48,3,SY,,11,6,0,P,L,11,EMPTY 3x2 Y OFF,,TOX/Y NR,TRIPS,,,,OFF,VERTS RD,INCOMPLETE,GEMP,,,DB,32,STACK,4 DOWN,,,COVER 4,,,MSST 01,24,87,00; 03; 11,0,11,P,,L,,0,0,0,,MAN,,,0,0,0,0,0,,MSST 01,24,00; 03; 11,87,UNDER,3x2,0,P,MSST 00,0,COVER 4
918,"2512 Mississippi State O vs Mississippi , Play 068",68,4,4,1,'-48,4,SY,,11,7,0,R,L,12,KING U OFF,,U MTR,,,,,SLOT,,,GN,ZONE RD ARC,WK,ZN,,EVEN,4 DOWN,,STREAK,COVER 0,,MSST 01,MSST 01,24,08; 87,03; 13,0,12,R,,L,,0,0,,,INSIDE ZONE,,,0,0,0,0,0,MSST 01,MSST 01,24,03; 13,08; 87,WIDE OVER,3x1,0,P,,1,COVER 0
919,"2512 Mississippi State O vs Mississippi , Play 069",69,4,0,10,'-13,P,,,12,1,12,P,L,11,DOUBLES,,,,,,,OPEN,SW CURLS,COMPLETE,GF,,,DB,MAN,EVEN,4 DOWN,,ARROW,COVER 3 SEAM,4,MSST 00,MSST 01,24,8,00; 03; 11,0,11,P,,L,,12,0,0,,,,,0,0,0,0,1,MSST 00,MSST 01,24,00; 03; 11,08,WIDE UNDER,2x2,0,P,MSST 00,1,COVER 3 SEAM
920,"2512 Mississippi State O vs Mississippi , Play 070",70,4,1,10,'-25,1,,,12,2,0,P,L,11,DOUBLES,,,,,,,OPEN,SW CURLS,THROWN AWAY,GF,,,DB,32,OFF EVEN,4 DOWN,TRIO,,COVER 6,4,,MSST 01,24,8,00; 03; 11,1,11,P,,L,12,0,0,0,,,,,0,0,1,0,1,,MSST 01,24,00; 03; 11,08,WIDE OVER,2x2,0,P,,0,COVER 6
921,"2512 Mississippi State O vs Mississippi , Play 071",71,4,2,10,'-25,2,,,12,3,0,P,L,11,DOUBLES,,,,,,,OPEN,OVER,INCOMPLETE,GF,,,DB,MAN,FLD OFF EVEN,4 DOWN,,DBL BKR,COVER 0,4,,MSST 01,24,8,00; 03; 11,0,11,P,,L,,0,0,0,,,,,0,0,0,0,1,,MSST 01,24,00; 03; 11,08,WIDE UNDER,2x2,0,P,MSST 03,1,COVER 0
922,"2512 Mississippi State O vs Mississippi , Play 072",72,4,3,10,'-25,3,,,12,4,25,P,L,11,TRIPS OPEN,,,,,,,OPEN,VERTS,RUN,GF,,,DB,32,BENCH,4 DOWN,BANDIT,,COVER 6,4,MSST 01,MSST 01,24,8,00; 03; 11,0,11,P,,L,,25,0,0,,,UNSd,,0,0,0,0,1,MSST 01,MSST 01,24,00; 03; 11,08,ONE INTERIOR,3x1,0,P,,0,COVER 6
923,"2512 Mississippi State O vs Mississippi , Play 073",73,4,1,10,'+35,1,,,12,5,'-5,P,R,11,TRIPS OPEN,,Y IN,,,,,OPEN,MESH,SACK,GF,,,DB,MAN,SPLIT,4 DOWN,,,COVER 2,2,MSST 01,MSST 01,22,8,00; 09; 11,0,11,P,,R,25,'-5,0,0,,,,,0,0,0,0,1,MSST 01,MSST 01,22,00; 09; 11,08,NO INTERIOR,1x3,0,P,,0,COVER 2
924,"2512 Mississippi State O vs Mississippi , Play 074",74,4,2,15,'+40,2,,,12,6,6,P,R,11,EMPTY 3x2,,,,,,,OPEN,OPTION H,COMPLETE,GEMP,,,QK,MAN,OKIE (SHADE),3 DOWN,,,COVER 3,2,MSST 11,MSST 01,22,8,00; 09; 11,1,11,P,,R,'-5,6,0,0,,,,,0,0,1,0,1,MSST 11,MSST 01,22,00; 09; 11,08,ONE INTERIOR,2x3,0,P,MSST 11,0,COVER 3
925,"2512 Mississippi State O vs Mississippi , Play 075",75,4,3,9,'+34,3,,,12,7,0,P,R,11,DOUBLES,,,,,,,OPEN,VERTS RD,THROWN AWAY,GF,,,DB,MAN,SPLIT,4 DOWN,,,COVER 6,2,,MSST 01,22,8,00; 09; 11,1,11,P,,R,6,0,0,0,,,,,0,0,1,0,1,,MSST 01,22,00; 09; 11,08,ONE INTERIOR,2x2,0,P,,0,COVER 6
926,"2512 Mississippi State O vs Mississippi , Play 076",76,4,4,9,'+34,4,,,12,8,0,P,R,11,TRIPS BUNCH,,Z OUT,,,,,ON,SPACING,INCOMPLETE,GF,,,DB,HS,SPLIT,4 DOWN,,,COVER 6,2,,MSST 01,22,8,00; 03; 11,0,11,P,,R,,0,0,0,,,,,0,0,0,0,1,,MSST 01,22,00; 03; 11,08,NO INTERIOR,1x3,0,P,MSST 11,0,COVER 6
927,"2513 Mississippi State O vs Wake Forest, Play 001",1,1,0,10,'-25,P,,,1,1,51,P,R,12,TREY U STING,,U MTR,,,,,PRO,VERT Z,COMPLETE,GN,,,DB,MAN,JOKER,4 DOWN,,,COVER 3,,MSST 00,MSST 01,24,08; 87,00; 03,0,12,P,,R,72,51,0,0,,UNDEFINED,,,0,0,0,0,0,MSST 00,MSST 01,24,00; 03,08; 87,OVER,1x3,0,,MSST 00,0,COVER 3
928,"2513 Mississippi State O vs Wake Forest, Play 002",2,1,1,10,'+24,1,,RA,1,2,4,R,L,12,ACE YU OFF,,,,,,,OFF,,,GF,Y INSERT,STR,ZN,,BEAR,5 DOWN,,ARROW,COVER 4,,MSST 24,MSST 01,24,08; 87,00; 03,0,12,R,,L,51,4,0,,,INSIDE ZONE,,,0,0,0,0,0,MSST 24,MSST 01,24,00; 03,08; 87,BEAR,2x2,1,P,,1,COVER 4
929,"2513 Mississippi State O vs Wake Forest, Play 003",3,1,2,6,'+20,2,,RA,1,3,6,R,L,12,ACE U OFF/Z STING,,Z MTR,,,,,PRO,,,GF,Q RD U INSERT,STR,ZN,,OVER,4 DOWN,,,COVER 4,,MSST 01,MSST 01,24,08; 87,00; 03,1,12,R,,L,4,6,0,,,INSIDE ZONE,,,0,0,1,0,0,MSST 01,MSST 01,24,00; 03,08; 87,WIDE OVER,2x2,0,R,,0,COVER 4
930,"2513 Mississippi State O vs Wake Forest, Play 004",4,1,1,10,'+14,1,,RA,1,4,'-1,R,L,12,TREY Y OFF,,U IN,,,,,OFF/OPEN,,,GN,OUTSIDE ZN LD,STR,ZN,,OVER,4 DOWN,,,COVER 4,,MSST 24,MSST 01,24,08; 87,00; 03,1,12,R,,L,6,'-1,0,,,OUTSIDE ZONE,,,0,0,1,0,0,MSST 24,MSST 01,24,00; 03,08; 87,WIDE OVER,3x1,0,R,,0,COVER 4
931,"2513 Mississippi State O vs Wake Forest, Play 005",5,1,2,11,'+15,2,,RA,1,5,0,P,L,12,TREY U STING BUNCH,,Z MTR,,,,,PRO,MESH,INCOMPLETE,GF,,,DB,MAN,OVER,4 DOWN,,,COVER 4,,,MSST 01,24,08; 87,00; 03,0,12,P,,L,'-1,0,0,0,,,,,0,0,0,0,0,,MSST 01,24,00; 03,08; 87,WIDE OVER,3x1,0,R,MSST 24,0,COVER 4
932,"2513 Mississippi State O vs Wake Forest, Play 006",6,1,3,11,'+15,3,,RA,1,6,0,P,L,11,TREY Y OFF,STK,Z IN,,,,,OFF,OVERS,INCOMPLETE,GN,,,DB,HS,OKIE,4 DOWN,,BDRY HAWKISH,COVER 3,,,MSST 01,24,8,03; 09; 11,0,11,P,,L,,0,0,0,,,,,0,0,0,0,0,,MSST 01,24,03; 09; 11,08,ODD,3x1,0,P,MSST 11,1,COVER 3
933,"2513 Mississippi State O vs Wake Forest, Play 007",7,1,0,10,'-25,P,,,2,1,6,R,L,11,TREY Y OFF,ENDOVER,SHIFT,,,X,,OFF,,,GF,Q Y INSERT,WK,ZN,,JOKER,4 DOWN,FLD INLAW,,COVER 3,,MSST 01,MSST 01,24,8,00; 03; 11,0,11,R,,L,75,6,0,,,OUTSIDE ZONE,,,0,0,0,0,0,MSST 01,MSST 01,24,00; 03; 11,08,ODD,4x0,1,,,0,COVER 3
934,"2513 Mississippi State O vs Wake Forest, PFF Play 013",13,1,2,4,'-31,2,,,2,2,-5,X,L,11,TRIPS - OPEN,,,,,,,,,,GF,,,,,ODD,4 DOWN,,,,,,MSST 01,24,08,00; 03; 11,1,11,X,2,L,6,,0,,,,MSST 72 FST,,0,0,1,0,0,,MSST 01,24,00; 03; 11,08,ODD,3x1,0,R,,0,
935,"2513 Mississippi State O vs Wake Forest, Play 009",9,1,2,9,'-26,2,,,2,3,6,P,L,11,TRIPS,,,,,,,ON,DAGGER,RUN,GF,,,DB,HS,BENCH,4 DOWN,SH INLAW,,COVER 3,,MSST 01,MSST 01,24,8,00; 03; 11,0,11,P,,L,,6,0,0,,UNDEFINED,,,0,0,0,0,0,MSST 01,MSST 01,24,00; 03; 11,08,WIDE UNDER,3x1,0,,,0,COVER 3
936,"2513 Mississippi State O vs Wake Forest, Play 010",10,1,3,3,'-32,3,,,2,4,2,R,R,11,EMPTY 3x2 FIB,,,,X,,,OPEN,,,GEMP,QB DRAW,,DRAW,,,4 DOWN,,,COVER 3,,MSST 01,MSST 01,24,8,00; 03; 11,1,11,R,,R,6,2,0,,,DRAW,,,0,0,1,0,0,MSST 01,MSST 01,24,00; 03; 11,08,ODD,3x2,1,P,,0,COVER 3
937,"2513 Mississippi State O vs Wake Forest, Play 011",11,1,0,10,'-26,P,,,3,1,21,P,R,11,DOUBLES,,SHIFT,,,,,OPEN,CURL FLAT,COMPLETE,GF,,,RPO,32,SOLID,4 DOWN,,GUTS,COVER 4,,MSST 11,MSST 01,24,8,00; 03; 11,0,11,P,,R,41,21,0,1,,INSIDE ZONE,,,0,0,0,0,0,MSST 11,MSST 01,24,00; 03; 11,08,OVER,2x2,1,,MSST 11,1,COVER 4
938,"2513 Mississippi State O vs Wake Forest, Play 012",12,1,1,10,'-47,1,,,3,2,16,P,R,11,DOUBLES,,,,,,,OPEN,CURLS,RUN,GN,,,DB,MAN,JOKER,4 DOWN,TEX,SH BKR,COVER 3,,MSST 01,MSST 01,24,8,00; 03; 11,1,11,P,,R,21,16,0,0,,,,,0,0,1,0,0,MSST 01,MSST 01,24,00; 03; 11,08,OVER,2x2,0,P,,1,COVER 3
939,"2513 Mississippi State O vs Wake Forest, Play 013",13,1,1,10,'+37,1,,,3,3,'-1,P,R,11,DOUBLES,,,,,,,OPEN,SLANTS,SACK,GF,,,RPO,MAN,JOKER,4 DOWN,INLAW,,COVER 4,,MSST 01,MSST 01,24,8,00; 03; 11,0,11,P,,R,16,'-1,0,1,,MAN,,,0,0,0,0,0,MSST 01,MSST 01,24,00; 03; 11,08,OVER,2x2,1,P,,0,COVER 4
940,"2513 Mississippi State O vs Wake Forest, Play 014",14,1,2,11,'+38,2,,,3,4,0,P,L,11,DOUBLES,,,,,,,OPEN,CURLS,INCOMPLETE,GN,,,DB,MAN,JOKER,4 DOWN,,,COVER 3 SEAM,,,MSST 01,24,8,00; 03; 11,1,11,P,,L,'-1,0,0,1,,,,,0,0,1,0,0,,MSST 01,24,00; 03; 11,08,UNDER,2x2,0,P,MSST 00,0,COVER 3 SEAM
941,"2513 Mississippi State O vs Wake Forest, Play 015",15,1,3,11,'+38,3,,,3,5,6,P,L,11,EMPTY 3x2 Y OFF,,TOX,TREY,,,,OFF,VERTS,COMPLETE,GEMP,,,QK,MAN,JOKER,5 DOWN,SH TEX,,COVER 3,,MSST 24,MSST 01,24,8,00; 03; 11,0,11,P,,L,,6,0,0,,,,,0,0,0,0,0,MSST 24,MSST 01,24,00; 03; 11,08,UNDER,3x2,0,P,MSST 24,0,COVER 3
942,"2513 Mississippi State O vs Wake Forest, Play 016",16,1,0,10,'-25,P,,,4,1,2,R,C,11,DUO Y OFF,,Y MTR,,,,,OFF,,,GF,ZONE RD ARC,STR,ZN,,JACK,4 DOWN,,CHOKE,COVER 3,,MSST 24,MSST 01,24,87,00; 03; 11,0,11,R,,C,63,2,0,,,OUTSIDE ZONE,,,0,0,0,0,0,MSST 24,MSST 01,24,00; 03; 11,87,ODD,2x2,1,,,1,COVER 3
943,"2513 Mississippi State O vs Wake Forest, Play 017",17,1,2,8,'-27,2,,,4,2,3,P,RM,11,TREY Y OFF,,,,,,,OFF,CURLS,RUN,GN,,,PA,HS,EVEN,4 DOWN,TRIO,FLD EXIT,COVER 3,,MSST 01,MSST 01,24,87,00; 03; 11,1,11,P,,C,2,3,0,0,,INSIDE ZONE,,,0,0,1,0,0,MSST 01,MSST 01,24,00; 03; 11,87,WIDE UNDER,1x3,0,R,,1,COVER 3
944,"2513 Mississippi State O vs Wake Forest, Play 018",18,1,3,5,'-30,3,,,4,3,0,P,R,11,TREY Y OFF,,T RELOAD,,,,X,OFF,SPACING,HIT AS THREW,GF,,,DB,MAN,LOAD,5 DOWN,,STREAK (RACE),COVER 2,,,MSST 01,24,87,00; 03; 11,0,11,P,,R,3,0,0,0,,,,,0,0,0,0,0,,MSST 01,24,00; 03; 11,87,ONE INTERIOR,1x3,0,P,,1,COVER 2
945,"2513 Mississippi State O vs Wake Forest, Play 019",19,1,0,10,'-37,P,,,5,1,'-1,R,R,11,DUO Y OFF,,H MTR,,,,,OFF,,,PSTL,OUTSIDE ZN,STR,ZN,,JOKER,4 DOWN,,,COVER 3,,MSST 24,MSST 01,24,8,00; 03; 11,0,11,R,,R,39,'-1,0,,,OUTSIDE ZONE,,,0,0,0,0,0,MSST 24,MSST 01,24,00; 03; 11,08,OVER,2x2,0,,,0,COVER 3
946,"2513 Mississippi State O vs Wake Forest, Play 020",20,1,2,11,'-36,2,,,5,2,9,R,C,11,DOUBLES,,,,,,,OPEN,,,GN,INSIDE ZN,WK,ZN,,BENCH,4 DOWN,INLAW,,COVER 4,,MSST 24,MSST 01,24,8,00; 03; 11,1,11,R,,C,'-1,9,0,,,INSIDE ZONE,,,0,0,1,0,0,MSST 24,MSST 01,24,00; 03; 11,08,WIDE UNDER,2x2,1,R,,0,COVER 4
947,"2513 Mississippi State O vs Wake Forest, Play 021",21,1,3,2,'-45,3,SY,,5,3,9,P,R,11,EMPTY 3x2,,,,,,,OPEN,HITCHES,COMPLETE,GEMP,,,QK,QK SET,BENCH,4 DOWN,,SH BKR,COVER 3,,MSST 11,MSST 01,24,8,00; 03; 11,1,11,P,,R,9,9,0,1,,INSIDE ZONE,,,0,0,1,0,0,MSST 11,MSST 01,24,00; 03; 11,08,WIDE UNDER,2x3,1,R,MSST 11,1,COVER 3
948,"2513 Mississippi State O vs Wake Forest, Play 022",22,1,1,10,'+46,1,,,5,4,9,P,R,11,TREY Y OFF FIB,,,,X,,,OFF,HITCH,COMPLETE,PSTL,,,QK,ZN,JOKER,4 DOWN,,,COVER 3,,MSST 00,MSST 01,24,8,00; 03; 11,1,11,P,,R,9,9,0,0,,MAN,,,0,0,1,0,0,MSST 00,MSST 01,24,00; 03; 11,08,UNDER,3x1,1,P,MSST 00,0,COVER 3
949,"2513 Mississippi State O vs Wake Forest, Play 023",23,1,2,1,'+37,2,,,5,5,20,P,L,11,DOUBLES,,,,,,,OPEN,OVER,COMPLETE,GN,,,PA,MAN,JOKER,4 DOWN,,SH BKR,COVER 3,,MSST 03,MSST 01,24,8,00; 03; 11,1,11,P,,L,9,20,0,0,,UNDEFINED,,,0,0,1,0,0,MSST 03,MSST 01,24,00; 03; 11,08,OVER,2x2,0,P,MSST 03,1,COVER 3
950,"2513 Mississippi State O vs Wake Forest, Play 024",24,2,1,10,'+17,1,,RA,5,6,2,R,L,11,DUO Y OFF,,Y MTR,,,,,OFF,,,GF,ZONE RD ARC,STR,ZN,,BEAR,5 DOWN,,ARROW,COVER 4,,MSST 24,MSST 01,24,8,00; 03; 11,0,11,R,,L,20,2,0,,,OUTSIDE ZONE,,,0,0,0,0,0,MSST 24,MSST 01,24,00; 03; 11,08,UNDER,2x2,1,P,,1,COVER 4
951,"2513 Mississippi State O vs Wake Forest, Play 025",25,2,2,8,'+15,2,,RA,5,7,3,R,L,11,TREY Y OFF,,Y MTR,,,,,OFF,,,GN,Q CTR OY,WK,GAP,,BENCH,4 DOWN,,,COVER 4,,MSST 01,MSST 01,24,8,00; 03; 11,1,11,R,,L,2,3,0,,,POWER,,,0,0,1,0,0,MSST 01,MSST 01,24,00; 03; 11,08,WIDE OVER,3x1,1,R,,0,COVER 4
952,"2513 Mississippi State O vs Wake Forest, Play 026",26,2,3,5,'+12,3,,RA,5,8,4,P,L,11,PRO Y OFF,,H RELOAD,,,,X,OFF,MESH,RUN,GF,,,DB,MAN,EVEN,4 DOWN,,,RED ZONE,,MSST 01,MSST 01,24,8,00; 03; 11,0,11,P,,L,3,4,0,0,,,,,0,0,0,0,0,MSST 01,MSST 01,24,00; 03; 11,08,WIDE UNDER,1x2,0,R,,0,RED ZONE
953,"2513 Mississippi State O vs Wake Forest, Play 027",27,2,4,1,'+8,4,SY,RA,5,9,'-2,R,L,11,TREY Y OFF,ENDOVER,,,,X,,OFF,,,GS,SPL ZN SS,,ZN,,BEAR,5 DOWN,,ARROW,COVER 0,,MSST 24,MSST 01,24,8,00; 03; 11,1,11,R,,L,4,'-2,0,,,INSIDE ZONE,,,0,0,1,0,0,MSST 24,MSST 01,24,00; 03; 11,08,UNDER,2x0,1,P,,1,COVER 0
954,"2513 Mississippi State O vs Wake Forest, Play 028",28,2,0,10,'-39,P,,,6,1,6,P,L,12,ACE YU OFF,,,,,,,OFF,HITCH,RUN,GF,,,QK,QK SET,JACK,4 DOWN,SH TEX,,COVER 3,,MSST 01,MSST 01,24,08; 87,00; 03,0,12,P,,L,48,6,0,1,,INSIDE ZONE,,,0,0,0,0,0,MSST 01,MSST 01,24,00; 03,08; 87,OVER,2x2,1,,,0,COVER 3
955,"2513 Mississippi State O vs Wake Forest, PFF Play 063",63,2,2,4,'-45,2,,,6,2,-5,X,L,12,PRO - OPEN,,,,,,,OFF,,,GF,,,,,UNDER,4 DOWN,,,,,,MSST 01,24,08; 87,00; 03,1,12,X,2,L,6,,0,,,,MSST 77 FST,,0,0,1,0,0,,MSST 01,24,00; 03,08; 87,UNDER,2x1,0,P,,0,
956,"2513 Mississippi State O vs Wake Forest, Play 030",30,2,2,9,'-40,2,,,6,3,6,R,L,12,ACE YU OFF,,,,,,,OFF,,,GF,U INSERT,STR,ZN,,BENCH,4 DOWN,,FLD EXIT,COVER 4,,MSST 24,MSST 01,24,08; 87,00; 03,0,12,R,,L,,6,0,,,INSIDE ZONE,,,0,0,0,0,0,MSST 24,MSST 01,24,00; 03,08; 87,WIDE OVER,2x2,1,,,1,COVER 4
957,"2513 Mississippi State O vs Wake Forest, Play 031",31,2,3,3,'-46,3,,,6,4,7,R,L,12,EMPTY 3x2,,,,,,,OPEN,,,GEMP,QB DRAW,DRAW,DRAW,,JOKER,4 DOWN,,SH BLAST,COVER 3,,MSST 01,MSST 01,24,08; 87,00; 03,1,12,R,,L,6,7,0,,,DRAW,,,0,0,1,0,0,MSST 01,MSST 01,24,00; 03,08; 87,UNDER,3x2,1,R,,0,COVER 3
958,"2513 Mississippi State O vs Wake Forest, Play 032",32,2,1,10,'+47,1,,,6,5,0,R,L,11,EMPTY 3x2 Y OFF,,Y MTR,,,,,OFF,,,GN,CTR OY SS,GAP,GAP,,BENCH,4 DOWN,,,COVER 6,,MSST 22,MSST 17,22,8,00; 03; 11,0,11,R,,L,7,0,0,,,COUNTER,NCWF D08 ILHd,,0,0,0,0,0,MSST 22,MSST 17,22,00; 03; 11,08,WIDE UNDER,2x2,1,R,,0,COVER 6
959,"2513 Mississippi State O vs Wake Forest, Play 033",33,2,1,10,'+32,1,,,6,6,0,P,L,11,TREY Y OFF,,,,,,,OFF,HITCH N' GO,INCOMPLETE,GN,,,DB,MAN,JACK,4 DOWN,,CHOKE,COVER 3,,,MSST 17,22,87,00; 03; 11,0,11,P,,L,0,0,0,0,,INSIDE ZONE,NCWF D03 DPI,,0,0,0,0,0,,MSST 17,22,00; 03; 11,87,ODD,3x1,0,R,MSST 00,1,COVER 3
960,"2513 Mississippi State O vs Wake Forest, Play 034",34,2,1,10,'+17,1,,RA,6,7,9,P,L,11,DUO Y OFF,,Y MTR,,,,,OFF,HITCHES,COMPLETE,GN,,,QK,GAP,BEAR,5 DOWN,,SH BLAST,COVER 3,,MSST 03,MSST 17,24,87,00; 03; 11,0,11,P,,L,,9,0,1,,COUNTER,,,0,0,0,0,0,MSST 03,MSST 17,24,00; 03; 11,87,BEAR,2x2,1,P,MSST 03,1,COVER 3
961,"2513 Mississippi State O vs Wake Forest, Play 035",35,2,2,1,'+8,2,,RA,6,8,4,R,R,11,WC TREY Y OFF,,,,,,,OFF,,,GN,Q OUTSIDE ZN LD,ZN,ZN,,BENCH,4 DOWN,,,COVER 0,,MSST 03,MSST 03,24,87,00; 03; 11,1,11,R,,R,9,4,0,,,OUTSIDE ZONE,,,1,1,1,0,0,MSST 03,MSST 03,24,00; 03; 11,87,WIDE OVER,1x3,0,P,,0,COVER 0
962,"2513 Mississippi State O vs Wake Forest, Play 036",36,2,1,4,'+4,1,GL,RA,6,9,1,R,L,11,TREY Y OFF FIB,,,,X,,,OFF,,,PSTL,ZONE RD ARC,STR,ZN,,BENCH,4 DOWN,,STREAK,COVER 0,,MSST 24,MSST 17,24,87,00; 03; 11,1,11,R,,L,4,1,0,,,MAN,,,0,0,1,0,0,MSST 24,MSST 17,24,00; 03; 11,87,WIDE OVER,1x3,1,R,,1,COVER 0
963,"2513 Mississippi State O vs Wake Forest, Play 037",37,2,2,3,'+3,2,GL,RA,6,10,'-2,P,L,11,EMPTY 4x1 T STING,,H RET N GO,,,,,ON,SMASH,SACK,GEMP,,,SPR,SPR O LT,BEAR,5 DOWN,,,COVER 0,,MSST 17,MSST 17,24,87,00; 03; 11,0,11,P,,L,1,'-2,0,0,,,,,0,0,0,0,0,MSST 17,MSST 17,24,00; 03; 11,87,BEAR,4x1,0,R,,1,COVER 0
964,"2513 Mississippi State O vs Wake Forest, Play 038",38,2,3,5,'+5,3,GL,RA,6,11,0,P,L,11,DUO Y OFF,SNUG,SHIFT,,,,,OFF,ANGLE H,RUN,GN (RABBIT),,,DB,HS,BENCH,4 DOWN,,,RED ZONE,,MSST 17,MSST 17,24,87,00; 03; 11,0,11,P,,L,'-2,0,0,0,,,,,0,0,0,0,0,MSST 17,MSST 17,24,00; 03; 11,87,WIDE OVER,2x2,0,P,,0,RED ZONE
965,"2513 Mississippi State O vs Wake Forest, Play 039",39,2,0,10,'-14,P,,,7,1,31,P,L,11,EMPTY 3x2,,,,,,,OPEN,OPTION H,COMPLETE,GEMP,,,DB,HS,ODD,3 DOWN,,,COVER 3,2,MSST 00,MSST 01,24,8,00; 03; 11,0,11,P,,L,21,31,0,0,,,,,0,0,0,2,0,MSST 00,MSST 01,24,00; 03; 11,08,UNDER,3x2,0,,MSST 00,0,COVER 3
966,"2513 Mississippi State O vs Wake Forest, Play 040",40,2,1,10,'-45,1,,,7,2,0,P,L,11,DOUBLES,,,,,,,OPEN,CURLS,INCOMPLETE,GF,,,DB,FS RT,BENCH,4 DOWN,,,COVER 4,2,,MSST 01,24,8,00; 03; 11,1,11,P,,L,31,0,0,0,,,,,0,0,1,2,0,,MSST 01,24,00; 03; 11,08,WIDE UNDER,2x2,0,P,MSST 00,0,COVER 4
967,"2513 Mississippi State O vs Wake Forest, Play 041",41,2,2,10,'-45,2,,,7,3,3,R,L,11,DOUBLES,,,,,,,OPEN,,,GN,QB DRAW,DRAW,DRAW,,ODD,3 DOWN,TEX,,COVER 3,2,MSST 01,MSST 01,24,8,03; 11; 13,0,11,R,,L,,3,0,,,DRAW,,,0,0,0,2,0,MSST 01,MSST 01,24,03; 11; 13,08,OVER,2x2,1,P,,0,COVER 3
968,"2513 Mississippi State O vs Wake Forest, Play 042",42,2,3,7,'-48,3,,,7,4,0,P,L,11,DOUBLES,,TOX,,,,,OPEN,DIGS,INCOMPLETE,GF,,,DB,MAN,EVEN,4 DOWN,OUTLAW,,COVER 4,2,,MSST 01,24,8,03; 11; 13,1,11,P,,L,3,0,0,0,,,(D) MSST 76 OH,,0,0,1,2,0,,MSST 01,24,03; 11; 13,08,WIDE OVER,3x2,0,R,MSST 11,0,COVER 4
969,"2513 Mississippi State O vs Wake Forest, Play 043",43,2,0,10,'+46,P,,,8,1,0,P,L,11,DUO Y OFF,,,,,,,OFF,DIGS,INCOMPLETE,GF,,,DB,HS,BENCH,4 DOWN,TORO,,COVER 3,2,,MSST 01,24,8,00; 03; 11,0,11,P,,L,,0,0,0,,,,,0,0,0,2,0,,MSST 01,24,00; 03; 11,08,OVER,2x2,0,P,MSST 03,0,COVER 3
970,"2513 Mississippi State O vs Wake Forest, Play 044",44,2,2,10,'+46,2,,,8,2,'-10,P,L,11,EMPTY 3x2 Y OFF,,,,,,,OFF,CURL FLAT,SACK,GEMP,,,DB,MAN,OKIE,3 DOWN,JON,JON,COVER 4,2,MSST 01,MSST 01,24,8,00; 03; 11,0,11,P,,L,,'-10,0,0,,,,,0,0,0,2,0,MSST 01,MSST 01,24,00; 03; 11,08,ODD,3x2,0,P,,0,COVER 4
971,"2513 Mississippi State O vs Wake Forest, Play 045",45,3,0,10,'-25,P,,,9,1,0,R,L,11,DUO Y HIP,,Y FR,,,,,OFF,,,GF,Y INSERT,ZN,ZN,,JOKER,4 DOWN,,,COVER 4,,MSST 24,MSST 01,24,8,00; 03; 11,0,11,R,,L,70,0,0,,,INSIDE ZONE,,,0,0,0,0,0,MSST 24,MSST 01,24,00; 03; 11,08,ODD,2x1,1,,,0,COVER 4
972,"2513 Mississippi State O vs Wake Forest, Play 046",46,3,2,10,'-25,2,,,9,2,3,R,L,11,DOUBLES,,Y IN,,,,,OPEN,,,GF,OUTSIDE ZN,ZN,ZN,,JOKER,4 DOWN,,,COVER 3 SEAM,,MSST 24,MSST 01,24,8,00; 03; 11,1,11,R,,L,0,3,0,,,OUTSIDE ZONE,,,0,0,1,0,0,MSST 24,MSST 01,24,00; 03; 11,08,ODD,2x2,1,R,,0,COVER 3 SEAM
973,"2513 Mississippi State O vs Wake Forest, Play 047",47,3,3,7,'-28,3,,,9,3,0,P,L,11,DOUBLES,,,,,,,OPEN,CURL FLAT,HIT AS THREW,GN,,,DB,MAN,SPLIT,4 DOWN,,GUTS,COVER 1,,,MSST 01,24,8,00; 03; 11,1,11,P,,L,3,0,0,0,,,,,0,0,1,0,0,,MSST 01,24,00; 03; 11,08,ONE INTERIOR,2x2,0,R,,1,COVER 1
974,"2513 Mississippi State O vs Wake Forest, Play 048",48,3,0,10,'+33,P,,,10,1,15,R,L,11,TRIPS OPEN,Y AT 2,,,,,,OPEN,,,GN,INSIDE ZN,ZN,ZN,,JOKER,4 DOWN,,,COVER 4,,MSST 24,MSST 01,24,87,03; 11; 13,0,11,R,,L,43,15,0,,,INSIDE ZONE,,,0,0,0,0,0,MSST 24,MSST 01,24,03; 11; 13,87,ODD,3x1,1,,,0,COVER 4
975,"2513 Mississippi State O vs Wake Forest, Play 049",49,3,1,10,'+18,1,,RA,10,2,'-2,R,L,11,TREY Y OFF,,,,,,,OFF,,,GN,ZONE RD ARC,ZN,ZN,,JACK,4 DOWN,,FLD EXIT,COVER 0,,MSST 24,MSST 01,24,87,03; 11; 13,1,11,R,,L,15,'-2,0,,,OUTSIDE ZONE,,,0,0,1,0,0,MSST 24,MSST 01,24,03; 11; 13,87,UNDER,3x1,1,R,,1,COVER 0
976,"2513 Mississippi State O vs Wake Forest, Play 050",50,3,2,12,'+20,2,,RA,10,3,'-4,P,L,11,TRIPS BUNCH,,Z MTR,,,,X,ON,MESH,SACK,GF,,,PA,GAP,BENCH,4 DOWN,SH INLAW,,COVER 4,,MSST 01,MSST 01,22,87,03; 11; 13,0,11,P,,L,'-2,'-4,0,0,,POWER,,,0,0,0,0,0,MSST 01,MSST 01,22,03; 11; 13,87,WIDE UNDER,3x1,0,R,,0,COVER 4
977,"2513 Mississippi State O vs Wake Forest, Play 051",51,3,3,16,'+24,3,,RA,10,4,6,P,M,11,DUO,,Z IN,,,,,ON,SMASH,COMPLETE,GN,,,DB,MAN,SPLIT,4 DOWN,SH INLAW,,COVER 4,,MSST 87,MSST 01,22,87,03; 11; 13,0,11,P,,C,'-4,6,0,0,,,,,0,0,0,0,0,MSST 87,MSST 01,22,03; 11; 13,87,EVEN,2x2,0,P,MSST 87,0,COVER 4
978,"2513 Mississippi State O vs Wake Forest, Play 052",52,3,0,10,'-35,P,,,11,1,11,R,L,11,TREY Y OFF,,Y MTR,,,,,OFF,,,GN,Q CTR OY,GAP,GAP,,BENCH,4 DOWN,,,COVER 4,,MSST 01,MSST 01,24,8,00; 03; 11,0,11,R,,L,52,11,0,,,POWER,,,0,0,0,0,0,MSST 01,MSST 01,24,00; 03; 11,08,WIDE UNDER,3x1,0,,,0,COVER 4
979,"2513 Mississippi State O vs Wake Forest, Play 053",53,3,1,10,'-46,1,,,11,2,8,R,L,11,DUO Y OFF,,H MTR,,,,,OFF,,,GF,OUTSIDE ZN RD,ZN,ZN,,BENCH,4 DOWN,TORO,ARROW,COVER 3,,MSST 17,MSST 17,22,8,00; 03; 11,0,11,R,,L,11,8,0,,,OUTSIDE ZONE,,,0,0,0,0,0,MSST 17,MSST 17,22,00; 03; 11,08,WIDE UNDER,2x2,0,R,,1,COVER 3
980,"2513 Mississippi State O vs Wake Forest, Play 054",54,3,2,2,'+46,2,,,11,3,2,R,L,11,DUO Y OFF,,,,,,,OFF,,,GF,Y INSERT,ZN,ZN,,JACK,4 DOWN,,STREAK,COVER 3,,MSST 22,MSST 17,22,8,00; 03; 11,1,11,R,,L,8,2,0,,,INSIDE ZONE,,,0,0,1,0,0,MSST 22,MSST 17,22,00; 03; 11,08,UNDER,2x1,1,R,,1,COVER 3
981,"2513 Mississippi State O vs Wake Forest, Play 055",55,3,1,10,'+44,1,,,11,4,1,R,L,11,TREY Y OFF,,Y MTR,,,,,OFF,,,GN,OUTSIDE ZN LD,ZN,ZN,,BENCH,4 DOWN,TORO,STORM,COVER 3,,MSST 22,MSST 17,22,8,00; 03; 11,0,11,R,,L,2,1,0,,,OUTSIDE ZONE,,,0,0,0,0,0,MSST 22,MSST 17,22,00; 03; 11,08,WIDE UNDER,3x1,1,R,,1,COVER 3
982,"2513 Mississippi State O vs Wake Forest, Play 056",56,3,2,9,'+43,2,,,11,5,39,P,L,11,DUO Y OFF,,Y MTR,,,,,OFF,VERT Z,COMPLETE,GF,,,PA,MAN,JOKER,4 DOWN,TEX,,COVER 3,,MSST 03,MSST 17,22,87,00; 03; 11,0,11,P,,L,1,39,0,0,,INSIDE ZONE,,,0,0,0,0,0,MSST 03,MSST 17,22,00; 03; 11,87,ODD,2x2,0,R,MSST 03,0,COVER 3
983,"2513 Mississippi State O vs Wake Forest, Play 057",57,3,1,4,'+4,1,GL,RA,11,6,1,R,L,11,TREY Y OFF,ENDOVER,,,,X,,OFF,,,GS,SPL ZN SS,ZN,ZN,,BENCH,4 DOWN,,,COVER 0,,MSST 22,MSST 17,22,87,00; 03; 11,0,11,R,,L,39,1,0,,,INSIDE ZONE,,,0,0,0,0,0,MSST 22,MSST 17,22,00; 03; 11,87,WIDE OVER,3x0,1,P,,0,COVER 0
984,"2513 Mississippi State O vs Wake Forest, Play 058",58,3,2,3,'+3,2,GL,RA,11,7,2,R,L,12,TREY U STING,,U MTR,,,,,ON/OPEN,,,GN,SPL ZN SS,ZN,ZN,,SOLID,5 DOWN,,ARROW,COVER 0,,MSST 24,MSST 01,24,08; 87,00; 03,0,12,R,,L,1,2,0,,,INSIDE ZONE,,,0,0,0,0,0,MSST 24,MSST 01,24,00; 03,08; 87,UNDER,3x1,1,R,,1,COVER 0
985,"2513 Mississippi State O vs Wake Forest, Play 059",59,3,3,1,'+1,3,SY/GL,RA,11,8,1,R,C,12,ACE YU OFF,,TOZ,,,,,OFF,,,GF,Q SPL ZN,ZN,ZN,,BEAR,5 DOWN,PINCH,,COVER 0,,MSST 01,MSST 01,24,87; 88,00; 03,0,12,R,,C,2,1,0,,,INSIDE ZONE,,MSST 01,0,0,0,0,0,MSST 01,MSST 01,24,00; 03,87; 88,ODD,3x2,0,R,,1,COVER 0
986,"2513 Mississippi State O vs Wake Forest, Play 061",61,4,0,10,'-16,P,,,12,1,8,P,R,11,EMPTY 4x1 Y OFF,,Y MTR,,,,,OFF,BUBBLE SCR,COMPLETE,GEMP,,,RPO,,JOKER,4 DOWN,,FLD BKR,COVER 3,,MSST 26,MSST 01,26,8,00; 03; 11,0,11,P,,R,39,8,1,0,,INSIDE ZONE,,,0,0,0,0,0,MSST 26,MSST 01,26,00; 03; 11,08,OVER,1x4,1,,MSST 26,1,COVER 3
987,"2513 Mississippi State O vs Wake Forest, Play 062",62,4,2,2,'-24,2,,,12,2,15,P,L,11,TRIPS OPEN,,,,,,,OPEN,VERTS RD,COMPLETE,GF,,,PA,HS,EVEN,4 DOWN,,SH BLAST,COVER 3,,MSST 00,MSST 01,26,8,00; 03; 11,1,11,P,,L,8,15,0,0,,INSIDE ZONE,NCWF D55 RPS,,0,0,1,0,0,MSST 00,MSST 01,26,00; 03; 11,08,WIDE OVER,3x1,0,P,MSST 00,1,COVER 3
988,"2513 Mississippi State O vs Wake Forest, Play 063",63,4,1,10,'+46,1,,,12,3,4,R,L,11,TRIPS OPEN,,,,,,,OPEN,,,GN,INSIDE ZN,ZN,ZN,,JOKER,4 DOWN,,,COVER 3,,MSST 22,MSST 01,22,8,03; 11; 13,0,11,R,,L,15,4,0,,,INSIDE ZONE,,,0,0,0,0,0,MSST 22,MSST 01,22,03; 11; 13,08,ODD,3x1,1,P,,0,COVER 3
989,"2513 Mississippi State O vs Wake Forest, Play 064",64,4,2,6,'+42,2,,,12,4,42,P,L,11,TREY Y OFF,,Y MTR,,,,,OFF,SLANT,COMPLETE,GN,,,RPO,GAP,BENCH,4 DOWN,,,COVER 3,,MSST 13,MSST 01,22,8,03; 11; 13,1,11,P,,L,4,42,0,1,,POWER,,MSST 13,0,0,1,0,0,MSST 13,MSST 01,22,03; 11; 13,08,WIDE UNDER,3x1,1,R,MSST 13,0,COVER 3
990,"2513 Mississippi State O vs Wake Forest, Play 065",65,4,0,10,'-25,P,,,13,1,0,P,R,11,DOUBLES,,Y MISSILE,,,,,OPEN,OVER,LATERAL,GF,,,PA,HS,JOKER,4 DOWN,INLAW,,COVER 4,,MSST 22,MSST 01,22,8,03; 11; 13,0,11,P,,R,65,0,0,0,,UNDEFINED,,,0,0,0,0,0,MSST 22,MSST 01,22,03; 11; 13,08,ODD,2x2,0,,,0,COVER 4
991,"2513 Mississippi State O vs Wake Forest, Play 066",66,4,2,17,'-18,2,,,13,2,11,P,R,11,EMPTY 3x2 Y OFF,,TOX,TREY,,,,OFF,OPTION Y,COMPLETE,GN,,,DB,FS LT,JACK,4 DOWN,TEX,SH BLAST,COVER 3,4,MSST 08,MSST 01,22,8,03; 11; 13,0,11,P,,R,0,11,0,0,,,,,0,0,0,0,0,MSST 08,MSST 01,22,03; 11; 13,08,ODD,2x3,0,P,MSST 08,1,COVER 3
992,"2513 Mississippi State O vs Wake Forest, Play 067",67,4,3,6,'-29,3,,,13,3,0,P,L,11,DUO Y OFF,,Y IN,,,,,OFF,VERTS RD,THROWN AWAY,GF,,,DB,HS,OKIE,4 DOWN,,CUT,COVER 2,4,,MSST 01,22,8,03; 11; 13,0,11,P,,L,11,0,0,0,,,,,0,0,0,0,0,,MSST 01,22,03; 11; 13,08,ODD,2x2,0,P,,1,COVER 2
993,"2513 Mississippi State O vs Wake Forest, PFF Play 172",172,4,4,6,'-29,4,,,13,4,-5,X,L,11,DOUBLES,,,,,,,OPEN,,,GF,,,,,EVEN,4 DOWN,,,,,,MSST 01,22,08,03; 11; 13,0,11,X,4,L,11,,0,,,,MSST 01 DOG,,0,0,0,0,0,,MSST 01,22,03; 11; 13,08,EVEN,2x2,0,P,,0,
994,"2513 Mississippi State O vs Wake Forest, Play 069",69,4,0,10,'-9,P,,,14,1,12,P,L,11,DOUBLES,,,,,,,OPEN,BUBBLE SCR,COMPLETE,GF,,,QK,MAN,OKIE,3 DOWN,JON,JON,COVER 4,4,MSST 03,MSST 01,22,8,03; 11; 13,0,11,P,,L,63,12,1,0,,,,,0,0,0,2,0,MSST 03,MSST 01,22,03; 11; 13,08,ODD,2x2,0,,MSST 03,0,COVER 4
995,"2513 Mississippi State O vs Wake Forest, Play 070",70,4,1,10,'-21,1,,,14,2,11,P,R,11,TRIPS OPEN,,Y IN,,,,,OPEN,MESH,RUN,GF,,,DB,HS,SPLIT,4 DOWN,TORO,,COVER 3,2,MSST 01,MSST 01,22,8,03; 11; 13,0,11,P,,R,12,11,0,0,,,,,0,0,0,2,0,MSST 01,MSST 01,22,03; 11; 13,08,EVEN,1x3,0,P,,0,COVER 3
996,"2513 Mississippi State O vs Wake Forest, Play 071",71,4,1,10,'-32,1,,,14,3,0,P,R,11,DUO Y OFF,,,,,,,OFF,VERTS RD,HIT AS THREW,GF,,,DB,32,SPLIT,4 DOWN,,,COVER 3,2,,MSST 17,22,8,03; 11; 13,0,11,P,,R,11,0,0,0,,,,,0,0,0,2,0,,MSST 17,22,03; 11; 13,08,EVEN,2x2,0,P,,0,COVER 3
997,"2513 Mississippi State O vs Wake Forest, Play 072",72,4,2,10,'-32,2,,,14,4,5,P,R,11,DOUBLES,,,,,,,OPEN,CURLS,COMPLETE,GF,,,DB,MAN,OKIE,3 DOWN,JON,JON,COVER 4,2,MSST 13,MSST 17,22,8,09; 11; 13,0,11,P,,R,,5,0,0,,,,,0,0,0,2,0,MSST 13,MSST 17,22,09; 11; 13,08,ODD,2x2,0,P,MSST 13,0,COVER 4
998,"2513 Mississippi State O vs Wake Forest, Play 073",73,4,3,5,'-37,3,,,14,5,0,P,L,11,DOUBLES,,,,,,,OPEN,CURLS,INCOMPLETE,GN,,,DB,MAN,LOAD,4 DOWN,,,COVER 3,2,,MSST 17,22,8,09; 11; 13,1,11,P,,L,5,0,0,0,,,,,0,0,1,2,0,,MSST 17,22,09; 11; 13,08,ONE INTERIOR,2x2,0,P,MSST 11,0,COVER 3
999,"2513 Mississippi State O vs Wake Forest, Play 074",74,4,4,5,'-37,4,,,14,6,'-5,P,L,11,DOUBLES,,,,,,,OPEN,HI-LO,SACK,GF,,,DB,HS,JOKER,4 DOWN,,CUT (RACE),COVER 2,2,MSST 17,MSST 17,26,8,03; 11; 13,0,11,P,,L,,'-5,0,0,,,,,0,0,0,2,0,MSST 17,MSST 17,26,03; 11; 13,08,ODD,2x2,0,P,,1,COVER 2
