#,Name,Comments 1,Quarter,Down,Distance,Field Position,P/10,SY/GL,Red Area,Drive #,Drive Play #,Gain,R/P,Hash,Personnel,Formation,Form Var,Motion,Starting Form,FIB,Endover,Form Adj Reduce,Y Location,Pass Concept,Pass Result,Backfield,Run Concept,Run Strength,Play Type,Proctection,Front,Front Type,Stunt,Pressure Type,Coverage,2M/4M,BC/REC,QB,RB,TE,WR,Tempo,pff_OFFPERSONNELBASIC,pff_RUNPASS,pff_DRIVEPLAY,pff_HASHDEF,pff_PREVIOUSGAINLOSS,pff_GAINLOSS,pff_SCREEN,pff_QUICKGAME,pff_RUNCONCEPT3,pff_RUNCONCEPTPRIMARY,pff_PENALTY,pff_TOUCHDOWN,pff_TRICKLOOK,pff_TRICKPLAY,pff_TEMPO,pff_2MINUTE,pff_GARBAGETIME,pff_BALLCARRIER,pff_QB,pff_RBS,pff_WRS,pff_TES,pff_FRONTTYPE,pff_OFFFORMATIONGROUP,pff_RUNPASSOPTION,pff_PREVIOUSRUNPASS,pff_PASSRECEIVERTARGET,pff_BLITZDOG,pff_PASSCOVERAGEBASIC
1,"2025 UAB O vs Alabama State, PFF Play 002",2,1,1,10,'-38,P,,,1,1,2.0,R,L,12,KING U OFF,,,,,,,SLOT,,,GF,Y INSERT,STR,ZN,GAP,BENCH,4 DOWN,,,COVER 3,,ALBI 04,ALBI 07,04,17; 88,01; 08,0,12,R,1,L,,2.0,0,,,INSIDE ZONE,,,0,0,0,0,0,ALBI 04,ALBI 07,04,01; 08,17; 88,WIDE UNDER,3x1,1,,,0,COVER 3
2,"2025 UAB O vs Alabama State, PFF Play 003",3,1,2,8,'-40,2,,,1,2,16.0,R,L,12,ACE YU OFF,,,,,,X,OFF,CURLS,,,OUTSIDE ZN LD,STR,ZN,GAP,WIDE OVER,4 DOWN,,,COVER 4,,ALBI 04,ALBI 07,04,17; 88,01; 08,1,12,R,2,L,2.0,16.0,0,,,OUTSIDE ZONE,,,0,0,1,0,0,ALBI 04,ALBI 07,04,01; 08,17; 88,WIDE OVER,2x2,0,R,,0,COVER 4
3,"2025 UAB O vs Alabama State, PFF Play 004",4,1,1,10,'+44,P,,,1,3,6.0,R,R,12,TREY Y OFF,SNUG,,,X,X,X,OFF,CURLS,,GN,SPL ZN SS,ZN,ZN,GAP,WIDE OVER,4 DOWN,,BLITZ,COVER 3,,ALBI 04,ALBI 07,04,17; 88,01; 08,1,12,R,3,R,16.0,6.0,0,,,INSIDE ZONE,,,0,0,1,0,0,ALBI 04,ALBI 07,04,01; 08,17; 88,WIDE OVER,1x3,0,R,,1,COVER 3
4,"2025 UAB O vs Alabama State, PFF Play 005",5,1,2,4,'+38,2,,,1,4,9.0,R,R,12,TREY Y OFF,SNUG,,,X,X,X,OFF,CURLS,,GN,Q POWER G LD,STR,GAP,GAP,WIDE OVER,4 DOWN,,,COVER 3,,ALBI 04,ALBI 07,04,17; 88,01; 08,1,12,R,4,R,6.0,9.0,0,,,PULL LEAD,,,0,0,1,0,0,ALBI 04,ALBI 07,04,01; 08,17; 88,WIDE OVER,1x3,0,R,,0,COVER 3
5,"2025 UAB O vs Alabama State, PFF Play 006",6,1,1,10,'+29,P,,,1,5,4.0,P,L,11,EMPTY 4x1 Y OFF,Y FLEX/STK,TOZ,,X,,,OFF,,COMPLETE,GEMP,JET SWEEP,STR,DB,,SOLID,5 DOWN,,,COVER 4,,ALBI 00,ALBI 07,11,88,00; 01; 06,0,11,P,5,L,9.0,4.0,1,0.0,,,,,0,0,0,0,0,ALBI 00,ALBI 07,11,00; 01; 06,88,ODD,4x1,0,R,ALBI 00,0,COVER 4
6,"2025 UAB O vs Alabama State, PFF Play 007",7,1,2,6,'+25,2,,,1,6,2.0,R,M,11,DUO Y OFF,SNUG,Z MTR,,,,X,OFF,CURLS,,GN,Q SPL ZN,STR,ZN,GAP,EVEN,4 DOWN,,,COVER 3,,ALBI 11,ALBI 07,11,88,00; 01; 06,1,11,R,6,C,4.0,2.0,0,,,INSIDE ZONE,,,0,0,1,0,0,ALBI 11,ALBI 07,11,00; 01; 06,88,EVEN,2x2,0,P,,0,COVER 3
7,"2025 UAB O vs Alabama State, PFF Play 008",8,1,3,4,'+23,3,,,1,7,0.0,P,L,11,TRIPS,,,,,,,ON,,INCOMPLETE,GN,JET SWEEP,STR,DB,,EVEN,4 DOWN,,BLITZ,COVER 1,,ALBI 00,ALBI 07,03,88,00; 01; 06,0,11,P,7,L,2.0,,0,0.0,,,,,0,0,0,0,0,,ALBI 07,03,00; 01; 06,88,EVEN,3x1,0,R,ALBI 00,1,COVER 1
8,"2025 UAB O vs Alabama State, PFF Play 015",15,1,1,10,'-27,P,,,2,1,6.0,R,M,11,TREY Y OFF,SNUG,,,X,X,X,OFF,CURLS,,GN,SPL ZN SS,ZN,ZN,GAP,OVER,4 DOWN,,,COVER 4,,ALBI 04,ALBI 07,04,17,00; 01; 06,0,11,R,1,C,,6.0,0,,,INSIDE ZONE,,,0,0,0,0,0,ALBI 04,ALBI 07,04,00; 01; 06,17,OVER,1x3,0,P,,0,COVER 4
9,"2025 UAB O vs Alabama State, PFF Play 016",16,1,2,4,'-33,2,,,2,2,12.0,R,R,11,TREY Y OFF,SNUG,,,X,X,X,OFF,CURLS,,GN,SPL ZN SS,ZN,ZN,GAP,OVER,4 DOWN,STUNT,,COVER 3,,ALBI 04,ALBI 07,04,17,00; 01; 06,1,11,R,2,R,6.0,12.0,0,,,INSIDE ZONE,,,0,0,1,0,0,ALBI 04,ALBI 07,04,00; 01; 06,17,OVER,1x3,0,R,,0,COVER 3
10,"2025 UAB O vs Alabama State, PFF Play 017",17,1,1,10,'-45,P,,,2,3,0.0,P,R,11,TREY Y OFF,SNUG,BUZZ,,X,X,X,OFF,,BATTED PASS,GN,Y INSERT,STR,PA,,WIDE OVER,4 DOWN,,,COVER 3,,,ALBI 07,11,17,00; 01; 06,0,11,P,3,R,12.0,,0,0.0,,INSIDE ZONE,,,0,0,0,0,0,,ALBI 07,11,00; 01; 06,17,WIDE OVER,1x3,1,R,,0,COVER 3
11,"2025 UAB O vs Alabama State, PFF Play 018",18,1,2,10,'-45,2,,,2,4,11.0,P,R,12,KING U OFF,,,,,,,SLOT,,COMPLETE,GF,JET SWEEP,STR,DB,,SOLID,5 DOWN,,,COVER 3,,ALBI 01,ALBI 07,03,17; 88,01; 08,0,12,P,4,R,,11.0,0,0.0,,,,,0,0,0,0,0,ALBI 01,ALBI 07,03,01; 08,17; 88,ODD,1x3,0,P,ALBI 01,0,COVER 3
12,"2025 UAB O vs Alabama State, PFF Play 019",19,1,1,10,'+44,P,,,2,5,7.0,P,L,12,ACE YU OFF,,,,,,X,OFF,,COMPLETE,PSTL,JET SWEEP,WK,DB,,SOLID,5 DOWN,,,COVER 4,,ALBI 08,ALBI 07,03,17; 88,01; 08,0,12,P,5,L,11.0,7.0,0,0.0,,,,,0,0,0,0,0,ALBI 08,ALBI 07,03,01; 08,17; 88,ODD,2x2,0,P,ALBI 08,0,COVER 4
13,"2025 UAB O vs Alabama State, PFF Play 020",20,1,2,3,'+37,2,SY,,2,6,4.0,R,R,12,TREY U HIP,,,,,,,PRO,CURLS,,PSTL,OUTSIDE ZN LD,STR,ZN,GAP,UNDER,5 DOWN,,,COVER 4,,ALBI 03,ALBI 07,03,17; 88,01; 08,1,12,R,6,R,7.0,4.0,0,,,OUTSIDE ZONE,,,0,0,1,0,0,ALBI 03,ALBI 07,03,01; 08,17; 88,UNDER,3x1,0,P,,0,COVER 4
14,"2025 UAB O vs Alabama State, PFF Play 021",21,1,1,10,'+33,P,,,2,7,5.0,P,R,11,TRIPS,,,,,,,ON,,COMPLETE,GN,JET SWEEP,WK,DB,,WIDE OVER,4 DOWN,,BLITZ,COVER 3,,ALBI 00,ALBI 07,04,88,00; 01; 06,0,11,P,7,R,4.0,5.0,0,0.0,,,,,0,0,0,0,0,ALBI 00,ALBI 07,04,00; 01; 06,88,WIDE OVER,1x3,0,R,ALBI 00,1,COVER 3
15,"2025 UAB O vs Alabama State, PFF Play 022",22,1,2,5,'+28,2,,,2,8,6.0,P,L,11,DUO Y OFF,SNUG,Z MTR,,,,X,OFF,,COMPLETE,GN,JET SWEEP,STR,DB,,BENCH,4 DOWN,,BLITZ,COVER 4,,ALBI 00,ALBI 07,04,88,00; 01; 06,1,11,P,8,L,5.0,6.0,1,0.0,,,,,0,0,1,0,0,ALBI 00,ALBI 07,04,00; 01; 06,88,WIDE UNDER,2x2,0,P,ALBI 00,1,COVER 4
16,"2025 UAB O vs Alabama State, PFF Play 023",23,1,1,10,'+22,P,,,2,9,8.0,R,R,11,TREY Y OFF,SNUG,,,X,X,X,OFF,CURLS,,GN,SPL ZN SS,ZN,ZN,GAP,BENCH,5 DOWN,,BLITZ,COVER 3,,ALBI 04,ALBI 07,04,88,00; 01; 06,0,11,R,9,R,6.0,8.0,0,,,INSIDE ZONE,,,0,0,0,0,0,ALBI 04,ALBI 07,04,00; 01; 06,88,WIDE UNDER,1x3,0,P,,1,COVER 3
17,"2025 UAB O vs Alabama State, PFF Play 024",24,1,2,2,'+14,2,SY,RA,2,10,1.0,R,M,11,TREY Y OFF,SNUG,,,X,X,X,OFF,CURLS,,GN,SPL ZN SS,ZN,ZN,GAP,WIDE OVER,5 DOWN,,,COVER 0,,ALBI 04,ALBI 07,04,88,00; 01; 06,1,11,R,10,C,8.0,1.0,0,,,INSIDE ZONE,,,0,0,1,0,0,ALBI 04,ALBI 07,04,00; 01; 06,88,WIDE OVER,1x3,0,R,,0,COVER 0
18,"2025 UAB O vs Alabama State, PFF Play 025",25,1,3,1,'+13,3,SY,RA,2,11,5.0,X,R,12,TREY Y OFF,SNUG,,,X,X,X,OFF,CURLS,,GN,JET SWEEP,STR,,GAP,UNDER,5 DOWN,,,,,,ALBI 07,03,17; 88,01; 08,0,12,X,11,R,1.0,,0,,,,ALST D48 NZI,,0,0,0,0,0,,ALBI 07,03,01; 08,17; 88,UNDER,1x3,0,R,,0,
19,"2025 UAB O vs Alabama State, PFF Play 026",26,1,1,8,'+8,1,GL,RA,2,12,8.0,P,R,11,TRIPS,,,,,,,ON,,COMPLETE,GN,Y INSERT,STR,PA,,EVEN,5 DOWN,,BLITZ,COVER 0,,ALBI 00,ALBI 07,03,17,00; 01; 06,0,11,P,12,R,,8.0,0,0.0,,INSIDE ZONE,,ALBI 00,0,0,0,0,0,ALBI 00,ALBI 07,03,00; 01; 06,17,EVEN,1x3,1,X,ALBI 00,1,COVER 0
20,"2025 UAB O vs Alabama State, PFF Play 042",42,2,1,10,'-19,P,,,3,1,20.0,P,L,11,DUO Y OFF,SNUG,Z MTR,,X,X,X,OFF,,COMPLETE,PSTL,INSIDE ZN,STR,PA,,JOKER,5 DOWN,,BLITZ,COVER 3,,ALBI 01,ALBI 07,11,88,00; 01; 06,0,11,P,1,L,8.0,20.0,0,0.0,,MAN,,,0,0,0,0,0,ALBI 01,ALBI 07,11,00; 01; 06,88,OVER,2x2,1,P,ALBI 01,1,COVER 3
21,"2025 UAB O vs Alabama State, PFF Play 043",43,2,1,10,'-39,P,,,3,2,12.0,R,L,11,DUO Y OFF,SNUG,Z MTR,,,,X,OFF,CURLS,,GN,Q CTR OT RD,STR,GAP,GAP,JOKER,5 DOWN,,,COVER 4,,ALBI 11,ALBI 07,11,88,00; 01; 06,1,11,R,2,L,20.0,12.0,0,,,COUNTER,,,0,0,1,0,0,ALBI 11,ALBI 07,11,00; 01; 06,88,OVER,2x2,0,P,,0,COVER 4
22,"2025 UAB O vs Alabama State, PFF Play 044",44,2,1,10,'+49,P,,,3,3,49.0,P,L,11,TREY Y OFF,SNUG,,,X,X,X,OFF,,COMPLETE,GN,,STR,PA,,WIDE OVER,5 DOWN,,,COVER 4,,ALBI 01,ALBI 07,11,88,00; 01; 06,1,11,P,3,L,12.0,49.0,0,0.0,,UNDEFINED,,ALBI 01,0,0,1,0,0,ALBI 01,ALBI 07,11,00; 01; 06,88,WIDE OVER,3x1,0,R,ALBI 01,0,COVER 4
23,"2025 UAB O vs Alabama State, PFF Play 051",51,2,1,10,'-48,P,,,4,1,5.0,R,R,11,TREY Y OFF FIB,SNUG,,,X,X,X,OFF,,,PSTL,CTR OY,WK,GAP,GAP,WIDE OVER,4 DOWN,,,COVER 3,,ALBI 11,ALBI 07,11,17,00; 01; 06,0,11,R,1,R,49.0,5.0,0,,,COUNTER,,,0,0,0,0,0,ALBI 11,ALBI 07,11,00; 01; 06,17,WIDE OVER,3x1,1,P,,0,COVER 3
24,"2025 UAB O vs Alabama State, PFF Play 052",52,2,2,5,'+47,2,,,4,2,9.0,R,L,12,ACE YU OFF,,,,,,X,OFF,CURLS,,,OUTSIDE ZN LD,STR,ZN,GAP,BENCH,4 DOWN,,,COVER 3,,ALBI 11,ALBI 07,11,17; 88,01; 08,0,12,R,2,L,5.0,9.0,0,,,OUTSIDE ZONE,,,0,0,0,0,0,ALBI 11,ALBI 07,11,01; 08,17; 88,WIDE UNDER,2x2,0,R,,0,COVER 3
25,"2025 UAB O vs Alabama State, PFF Play 053",53,2,1,10,'+38,P,,,4,3,10.0,P,R,12,ACE YU OFF,,,,,,X,OFF,,COMPLETE,GN,Y INSERT,STR,PA,,WIDE OVER,4 DOWN,,,COVER 3,,ALBI 01,ALBI 07,11,17; 88,00; 01,0,12,P,3,R,9.0,10.0,0,0.0,,INSIDE ZONE,,,0,0,0,0,0,ALBI 01,ALBI 07,11,00; 01,17; 88,WIDE OVER,2x2,1,R,ALBI 01,0,COVER 3
26,"2025 UAB O vs Alabama State, PFF Play 054",54,2,1,10,'+28,P,,,4,4,16.0,P,L,20,SLOT - OPEN,SNUG,Z MTR,,X,,,OFF,,COMPLETE,GS,Y INSERT,STR,PA,,WIDE OVER,4 DOWN,,BLITZ,COVER 3,,ALBI 11,ALBI 07,04; 11,,02; 05; 18,0,20,P,4,L,10.0,16.0,0,0.0,,INSIDE ZONE,,,0,0,0,0,0,ALBI 11,ALBI 07,04; 11,02; 05; 18,,WIDE OVER,2x1,1,P,ALBI 11,1,COVER 3
27,"2025 UAB O vs Alabama State, PFF Play 055",55,2,1,10,'+12,P,,RA,4,5,6.0,R,R,11,DUO Y OFF,SNUG,Z IN,,,,X,OFF,CURLS,,GN,PIN PULL SS,WK,GAP,GAP,JOKER,5 DOWN,,,RED ZONE,,ALBI 04,ALBI 07,04,17,00; 01; 06,0,11,R,5,R,16.0,6.0,0,,,COUNTER,,,0,0,0,0,0,ALBI 04,ALBI 07,04,00; 01; 06,17,OVER,2x2,0,P,,0,RED ZONE
28,"2025 UAB O vs Alabama State, PFF Play 056",56,2,2,4,'+6,2,GL,RA,4,6,2.0,R,R,11,TREY Y OFF,SNUG,,,X,X,X,OFF,CURLS,,GN,SPL ZN SS,ZN,ZN,GAP,SOLID,5 DOWN,,,COVER 0,,ALBI 04,ALBI 07,04,17,00; 01; 06,1,11,R,6,R,6.0,2.0,0,,,INSIDE ZONE,,,0,0,1,0,0,ALBI 04,ALBI 07,04,00; 01; 06,17,ODD,1x3,0,R,,0,COVER 0
29,"2025 UAB O vs Alabama State, PFF Play 057",57,2,3,2,'+4,3,SY/GL,RA,4,7,1.0,R,R,11,TREY Y OFF,SNUG,,,X,X,X,OFF,CURLS,,GN,SPL ZN SS,ZN,ZN,GAP,UNDER,5 DOWN,STUNT,,COVER 0,,ALBI 04,ALBI 07,04,17,00; 01; 06,0,11,R,7,R,2.0,1.0,0,,,INSIDE ZONE,,,0,0,0,0,0,ALBI 04,ALBI 07,04,00; 01; 06,17,UNDER,1x3,0,R,,0,COVER 0
30,"2025 UAB O vs Alabama State, PFF Play 058",58,2,4,1,'+3,4,SY/GL,RA,4,8,0.0,R,R,23,WING - CLOSED,,,,,,,,CURLS,,,Q POWER G LD,STR,GAP,GAP,SOLID,5 DOWN,,,GOAL LINE,,ALBI 04,ALBI 07,03; 04,17; 44; 88,,0,23,R,8,R,1.0,0.0,0,,,PULL LEAD,,,0,0,0,0,0,ALBI 04,ALBI 07,03; 04,,17; 44; 88,ODD,1x2,0,R,,0,GOAL LINE
31,"2025 UAB O vs Alabama State, PFF Play 092",92,3,1,10,'-34,P,,,5,1,0.0,P,L,11,DUO Y OFF,SNUG,,,,,X,OFF,,COMPLETE,GN,JET SWEEP,WK,DB,,BENCH,4 DOWN,,,COVER 3,,ALBI 06,ALBI 07,03,88,00; 01; 06,0,11,P,1,L,0.0,0.0,0,0.0,,,,,0,0,0,0,0,ALBI 06,ALBI 07,03,00; 01; 06,88,WIDE UNDER,2x2,0,R,ALBI 06,0,COVER 3
32,"2025 UAB O vs Alabama State, PFF Play 093",93,3,2,10,'-34,2,,,5,2,33.0,P,L,11,DUO Y OFF,SNUG,,,,,X,OFF,,COMPLETE,PSTL,,WK,PA,,WIDE OVER,4 DOWN,STUNT,,COVER 3,,ALBI 00,ALBI 07,03,88,00; 01; 06,0,11,P,2,L,0.0,33.0,0,0.0,,UNDEFINED,ALBI 06 IBW,,0,0,0,0,0,ALBI 00,ALBI 07,03,00; 01; 06,88,WIDE OVER,2x2,0,P,ALBI 00,0,COVER 3
33,"2025 UAB O vs Alabama State, PFF Play 094",94,3,1,10,'+43,P,,,5,3,0.0,P,R,21,TRIPS - SLOT,,,,X,,X,OPEN,,INCOMPLETE,GEMP,JET SWEEP,STR,DB,,BENCH,4 DOWN,,,COVER 3 SEAM,,ALBI 06,ALBI 07,03; 11,88,01; 06,0,21,P,3,R,33.0,,0,0.0,,,,,0,0,0,0,0,,ALBI 07,03; 11,01; 06,88,WIDE UNDER,2x3,0,P,ALBI 06,0,COVER 3 SEAM
34,"2025 UAB O vs Alabama State, PFF Play 095",95,3,2,10,'+43,2,,,5,4,-1.0,R,R,11,TRIPS,,,,,,,ON,,,GN,Y INSERT,STR,ZN,GAP,WIDE OVER,4 DOWN,,BLITZ,COVER 3,,ALBI 04,ALBI 07,04,88,00; 01; 06,0,11,R,4,R,,-1.0,0,,,INSIDE ZONE,,,0,0,0,0,0,ALBI 04,ALBI 07,04,00; 01; 06,88,WIDE OVER,1x3,1,P,,1,COVER 3
35,"2025 UAB O vs Alabama State, PFF Play 096",96,3,3,11,'+44,3,,,5,5,41.0,P,L,11,TRIPS,,,,,,,ON,,COMPLETE,GN,JET SWEEP,STR,DB,,WIDE OVER,4 DOWN,STUNT,,COVER 2,,ALBI 06,ALBI 07,04,88,00; 01; 06,0,11,P,5,L,-1.0,41.0,0,0.0,,,,,0,0,0,0,0,ALBI 06,ALBI 07,04,00; 01; 06,88,WIDE OVER,3x1,0,R,ALBI 06,0,COVER 2
36,"2025 UAB O vs Alabama State, PFF Play 097",97,3,1,3,'+3,1,SY/GL,RA,5,6,3.0,R,L,12,TREY U HIP,,,,,,,WING PRO,CURLS,,GN,SPL ZN SS,ZN,ZN,GAP,EVEN,4 DOWN,,,COVER 0,,ALBI 04,ALBI 07,04,17; 88,08; 18,0,12,R,6,L,41.0,3.0,0,,,INSIDE ZONE,,ALBI 04,0,0,0,0,0,ALBI 04,ALBI 07,04,08; 18,17; 88,EVEN,1x3,0,P,,0,COVER 0
37,"2025 UAB O vs Alabama State, PFF Play 104",104,3,1,10,'+33,P,,,6,1,7.0,P,L,11,DUO Y OFF,SNUG,Z OUT,,,,X,OFF,,RUN,GN,,STR,PA,,WIDE OVER,4 DOWN,,,COVER 3,,ALBI 07,ALBI 07,11,17,00; 01; 06,0,11,P,1,L,3.0,7.0,0,0.0,,UNDEFINED,,,0,0,0,0,0,ALBI 07,ALBI 07,11,00; 01; 06,17,WIDE OVER,2x2,0,R,,0,COVER 3
38,"2025 UAB O vs Alabama State, PFF Play 105",105,3,2,3,'+26,2,SY,,6,2,13.0,P,L,11,DUO Y OFF,SNUG,Z MTR,,X,X,X,OFF,,COMPLETE,PSTL,INSIDE ZN,STR,PA,,WIDE OVER,4 DOWN,,,COVER 3,,ALBI 00,ALBI 07,11,17,00; 01; 06,0,11,P,2,L,7.0,13.0,0,0.0,,MAN,,,0,0,0,0,0,ALBI 00,ALBI 07,11,00; 01; 06,17,WIDE OVER,2x2,1,P,ALBI 00,0,COVER 3
39,"2025 UAB O vs Alabama State, PFF Play 106",106,3,1,10,'+13,P,,RA,6,3,8.0,R,L,11,EMPTY 3x2 Y OFF,SNUG,Z ORB,,X,X,X,OFF,CURLS,,GEMP,OUTSIDE ZN LD,WK,ZN,GAP,EVEN,4 DOWN,,,COVER 4,,ALBI 11,ALBI 11,11,17,00; 01; 06,1,11,R,3,L,13.0,8.0,0,,,OUTSIDE ZONE,,,1,1,1,0,0,ALBI 11,ALBI 11,11,00; 01; 06,17,EVEN,3x2,0,P,,0,COVER 4
40,"2025 UAB O vs Alabama State, PFF Play 107",107,3,2,2,'+5,2,SY/GL,RA,6,4,5.0,R,R,11,TREY Y OFF FIB,SNUG,,,X,X,X,OFF,CURLS,,PSTL,Y INSERT,STR,ZN,GAP,EVEN,4 DOWN,,,COVER 0,,ALBI 11,ALBI 07,11,17,00; 01; 06,0,11,R,4,R,8.0,5.0,0,,,MAN,,ALBI 11,0,0,0,0,0,ALBI 11,ALBI 07,11,00; 01; 06,17,EVEN,3x1,0,R,,0,COVER 0
41,"2025 UAB O vs Alabama State, PFF Play 115",115,3,1,10,'-44,P,,,7,1,10.0,P,L,12,ACE YU OFF,,,,,,X,OFF,,COMPLETE,GN,Y INSERT,STR,PA,,SOLID,5 DOWN,,BLITZ,COVER 4,,ALBI 18,ALBI 07,03,17; 88,08; 18,0,12,P,1,L,5.0,10.0,0,0.0,,INSIDE ZONE,,,0,0,0,0,0,ALBI 18,ALBI 07,03,08; 18,17; 88,ODD,2x2,1,R,ALBI 18,1,COVER 4
42,"2025 UAB O vs Alabama State, PFF Play 116",116,3,1,10,'+46,P,,,7,2,46.0,R,R,20,DOUBLES,STK,,,X,,X,OPEN,,,GN,CTR OY,WK,GAP,GAP,SOLID,5 DOWN,,,COVER 3,,ALBI 04,ALBI 07,04; 11,,02; 05; 18,0,20,R,2,R,10.0,46.0,0,,,COUNTER,,ALBI 04,0,0,0,0,0,ALBI 04,ALBI 07,04; 11,02; 05; 18,,ODD,2x2,1,P,,0,COVER 3
43,"2025 UAB O vs Alabama State, PFF Play 128",128,4,1,10,'-40,P,,,8,1,7.0,R,L,12,TREY U HIP,,,,,,,PRO,,,GN,Y INSERT,STR,ZN,GAP,BENCH,5 DOWN,,BLITZ,COVER 3,,ALBI 03,ALBI 07,03,17; 88,08; 18,0,12,R,1,L,46.0,7.0,0,,,INSIDE ZONE,,,0,0,0,0,0,ALBI 03,ALBI 07,03,08; 18,17; 88,WIDE UNDER,3x1,1,R,,1,COVER 3
44,"2025 UAB O vs Alabama State, PFF Play 129",129,4,2,3,'-47,2,SY,,8,2,7.0,R,L,12,TRIPS - SLOT,,,,X,,X,OPEN,CURLS,,GEMP,QB DRAW,DRAW,DRAW,GAP,WIDE OVER,5 DOWN,,,COVER 4,,ALBI 07,ALBI 07,03,17; 88,08; 18,1,12,R,2,L,7.0,7.0,0,,,DRAW,,,0,0,1,0,0,ALBI 07,ALBI 07,03,08; 18,17; 88,WIDE OVER,3x2,1,R,,0,COVER 4
45,"2025 UAB O vs Alabama State, PFF Play 130",130,4,1,10,'+46,P,,,8,3,0.0,P,L,12,KING U OFF,,,,,,,SLOT,,INCOMPLETE,GN,Y INSERT,STR,PA,,BENCH,5 DOWN,,,COVER 3,,ALBI 08,ALBI 07,03,17; 88,08; 18,0,12,P,3,L,7.0,,0,0.0,,INSIDE ZONE,,,0,0,0,0,0,,ALBI 07,03,08; 18,17; 88,WIDE UNDER,3x1,1,R,ALBI 08,0,COVER 3
46,"2025 UAB O vs Alabama State, PFF Play 131",131,4,2,10,'+46,2,,,8,4,4.0,P,L,11,TREY Y OFF,SNUG,,,X,X,X,OFF,,COMPLETE,GN,OUTSIDE ZN,STR,PA,,BENCH,5 DOWN,,BLITZ,COVER 3,,ALBI 00,ALBI 07,03,17,00; 01; 06,0,11,P,4,L,,4.0,1,0.0,,OUTSIDE ZONE,,,0,0,0,0,0,ALBI 00,ALBI 07,03,00; 01; 06,17,WIDE UNDER,3x1,1,P,ALBI 00,1,COVER 3
47,"2025 UAB O vs Alabama State, PFF Play 132",132,4,3,6,'+42,3,,,8,5,2.0,P,R,21,TRIPS - OPEN,STK,Y BNC,,X,,X,OPEN,,COMPLETE,GN,JET SWEEP,STR,DB,,SOLID,5 DOWN,,BLITZ,COVER 0,,ALBI 03,ALBI 07,03; 11,17,08; 18,0,21,P,5,R,4.0,2.0,0,0.0,,,,,0,0,0,0,0,ALBI 03,ALBI 07,03; 11,08; 18,17,ODD,3x1,0,P,ALBI 03,1,COVER 0
48,"2025 UAB O vs Alabama State, PFF Play 133",133,4,4,4,'+40,4,,,8,6,8.0,P,L,11,TRIPS,,T RELOAD,,,,,ON,,COMPLETE,GN,JET SWEEP,STR,DB,,WIDE OVER,5 DOWN,,BLITZ,COVER 0,,ALBI 01,ALBI 07,03,88,00; 01; 06,0,11,P,6,L,2.0,8.0,0,0.0,,,,,0,0,0,0,0,ALBI 01,ALBI 07,03,00; 01; 06,88,WIDE OVER,3x1,0,P,ALBI 01,1,COVER 0
49,"2025 UAB O vs Alabama State, PFF Play 134",134,4,1,10,'+32,P,,,8,7,5.0,R,R,11,TREY Y OFF,SNUG,,,X,X,X,OFF,,,GN,ZONE RD ARC,STR,ZN,GAP,UNDER,5 DOWN,,,COVER 3,,ALBI 03,ALBI 07,03,88,00; 01; 06,0,11,R,7,R,8.0,5.0,0,,,INSIDE ZONE,,,0,0,0,0,0,ALBI 03,ALBI 07,03,00; 01; 06,88,UNDER,3x1,1,P,,0,COVER 3
50,"2025 UAB O vs Alabama State, PFF Play 135",135,4,2,5,'+27,2,,,8,8,1.0,R,R,11,DUO Y OFF,SNUG,Z IN,,,,X,OFF,CURLS,,GN,PIN PULL SS,WK,GAP,GAP,WIDE OVER,5 DOWN,,,COVER 4,,ALBI 03,ALBI 07,03,88,00; 01; 06,1,11,R,8,R,5.0,1.0,0,,,COUNTER,,,0,0,1,0,0,ALBI 03,ALBI 07,03,00; 01; 06,88,WIDE OVER,2x2,0,R,,0,COVER 4
51,"2025 UAB O vs Alabama State, PFF Play 136",136,4,3,4,'+26,3,,,8,9,21.0,R,R,11,TRIPS,,,,,,,ON,,,GN,Y INSERT,STR,ZN,GAP,BENCH,5 DOWN,,BLITZ,COVER 1,,ALBI 03,ALBI 07,03,88,00; 01; 06,0,11,R,9,R,1.0,21.0,0,,,INSIDE ZONE,,,0,0,0,0,0,ALBI 03,ALBI 07,03,00; 01; 06,88,WIDE UNDER,1x3,1,R,,1,COVER 1
52,"2025 UAB O vs Alabama State, PFF Play 137",137,4,1,5,'+5,1,GL,RA,8,10,5.0,R,L,11,TREY Y OFF,SNUG,,,X,X,X,OFF,CURLS,,GN,Q POWER G LD,STR,GAP,GAP,WIDE OVER,5 DOWN,,,COVER 0,,ALBI 03,ALBI 07,03,88,00; 01; 06,0,11,R,10,L,21.0,5.0,0,,,PULL LEAD,,ALBI 03,0,0,0,0,0,ALBI 03,ALBI 07,03,00; 01; 06,88,WIDE OVER,1x3,0,R,,0,COVER 0
53,"2025 UAB O vs Alabama State, PFF Play 151",151,4,1,10,'-33,P,,,9,1,3.0,R,L,12,TREY U HIP,,,,,,,PRO,CURLS,,PSTL,OUTSIDE ZN LD,STR,ZN,GAP,WIDE OVER,5 DOWN,,,COVER 3,,ALBI 11,ALBI 07,11,17; 88,01; 08,0,12,R,1,L,5.0,3.0,0,,,OUTSIDE ZONE,,,0,0,0,4,0,ALBI 11,ALBI 07,11,01; 08,17; 88,WIDE OVER,3x1,0,R,,0,COVER 3
54,"2025 UAB O vs Alabama State, PFF Play 152",152,4,2,7,'-36,2,,,9,2,0.0,P,R,12,ACE YU OFF,,,,,,X,OFF,,THROWN AWAY,PSTL,Y INSERT,WK,NKD,,WIDE OVER,5 DOWN,,,COVER 3,,,ALBI 07,11,17; 88,01; 08,0,12,P,2,R,3.0,,0,0.0,,MAN,,,0,0,0,4,0,,ALBI 07,11,01; 08,17; 88,WIDE OVER,2x2,0,R,,0,COVER 3
55,"2025 UAB O vs Alabama State, PFF Play 153",153,4,3,7,'-36,3,,,9,3,48.0,R,R,11,SLOT - OPEN,SNUG,B MTR,,X,X,X,OFF,CURLS,,GF,Q SPL ZN,STR,ZN,GAP,SPLIT,4 DOWN,,BLITZ,COVER 2,,ALBI 04,ALBI 07,04,17,00; 01; 06,0,11,R,3,R,,48.0,0,,,INSIDE ZONE,,,0,0,0,4,0,ALBI 04,ALBI 07,04,00; 01; 06,17,NO INTERIOR,1x2,0,P,,1,COVER 2
56,"2025 UAB O vs Alabama State, PFF Play 154",154,4,1,10,'+16,P,,RA,9,4,0.0,R,R,13,PRO - WING,,,,,,,,CURLS,,PSTL,Y INSERT,STR,ZN,GAP,WIDE OVER,5 DOWN,,,COVER 4,,ALBI 03,ALBI 07,03,17; 44; 88,18,0,13,R,4,R,48.0,0.0,0,,,MAN,,,0,0,0,4,0,ALBI 03,ALBI 07,03,18,17; 44; 88,WIDE OVER,2x2,0,R,,0,COVER 4
57,"2025 UAB O vs Alabama State, PFF Play 155",155,4,2,10,'+16,2,,RA,9,5,14.0,P,R,12,TREY Y OFF,SNUG,,,X,X,X,OFF,,INCOMPLETE,GN,OUTSIDE ZN LD,STR,PA,,SOLID,5 DOWN,,BLITZ,COVER 0,,ALBI 00,ALBI 07,03,17; 88,00; 01,0,12,P,5,R,0.0,,0,0.0,,OUTSIDE ZONE,ALST D04 DPI,,0,0,0,4,0,,ALBI 07,03,00; 01,17; 88,ODD,1x3,0,R,ALBI 00,1,COVER 0
58,"2025 UAB O vs Alabama State, PFF Play 156",156,4,1,2,'+2,1,SY/GL,RA,9,6,1.0,R,R,11,TREY Y OFF,SNUG,H IN,,X,X,X,OFF,CURLS,,GN,Q SPL ZN,STR,ZN,GAP,EVEN,5 DOWN,,,COVER 0,,ALBI 04,ALBI 07,04,17,00; 01; 06,0,11,R,6,R,,1.0,0,,,INSIDE ZONE,,,0,0,0,4,0,ALBI 04,ALBI 07,04,00; 01; 06,17,EVEN,3x1,0,P,,0,COVER 0
59,"2025 UAB O vs Alabama State, PFF Play 157",157,4,2,1,'+1,2,SY/GL,RA,9,7,0.0,R,R,23,WING - CLOSED,,,,,,,,CURLS,,,OUTSIDE ZN,STR,ZN,GAP,DBL PLUG,5 DOWN,,,GOAL LINE,,ALBI 04,ALBI 07,03; 04,17; 44; 88,,0,23,R,7,R,1.0,0.0,0,,,OUTSIDE ZONE,ALST D55 DOF,,0,0,0,4,0,ALBI 04,ALBI 07,03; 04,,17; 44; 88,DOUBLE PLUG,1x2,0,R,,0,GOAL LINE
60,"2025 UAB O vs Alabama State, PFF Play 158",158,4,2,1,'+1,2,SY/GL,RA,9,8,-5.0,X,R,12,TREY U HIP,,,,,,,PRO,CURLS,,PSTL,JET SWEEP,WK,,GAP,DBL PLUG,5 DOWN,,,,,,ALBI 07,03,17; 88,06; 18,0,12,X,8,R,0.0,,0,,,,ALBI 72 FST,,0,0,0,4,0,,ALBI 07,03,06; 18,17; 88,DOUBLE PLUG,3x1,0,R,,0,
61,"2025 UAB O vs Alabama State, PFF Play 159",159,4,2,6,'+6,2,GL,RA,9,9,-1.0,R,R,12,TREY U HIP,,H IN,,,,,PRO,CURLS,,PSTL,Y INSERT,STR,ZN,GAP,JACK,5 DOWN,,,COVER 0,,ALBI 03,ALBI 07,03,17; 88,06; 18,0,12,R,9,R,,-1.0,0,,,MAN,,,0,0,0,4,0,ALBI 03,ALBI 07,03,06; 18,17; 88,OTHER,3x1,0,X,,0,COVER 0
62,"2025 UAB O vs Alabama State, PFF Play 160",160,4,3,7,'+7,3,GL,RA,9,10,7.0,R,M,11,TRIPS,,,,,,,ON,,,GN,Y INSERT,ZN,ZN,GAP,WIDE OVER,5 DOWN,,,COVER 0,,ALBI 11,ALBI 07,11,17,00; 01; 06,0,11,R,10,C,-1.0,7.0,0,,,INSIDE ZONE,,ALBI 11,0,0,0,4,0,ALBI 11,ALBI 07,11,00; 01; 06,17,WIDE OVER,3x1,1,R,,0,COVER 0
63,"2025 UAB O vs Navy, PFF Play 009",9,1,1,10,'-25,P,,,1,1,4.0,P,L,21,TRIPS - SLOT,,,,X,,X,OPEN,,COMPLETE,GEMP,JET SWEEP,STR,DB,,UNDER,4 DOWN,,BLITZ,COVER 4,,ALBI 11,ALBI 07,04; 11,17,01; 05,0,21,P,1,L,,4.0,1,0.0,,,,,0,0,0,0,0,ALBI 11,ALBI 07,04; 11,01; 05,17,UNDER,3x2,0,,ALBI 11,1,COVER 4
64,"2025 UAB O vs Navy, PFF Play 010",10,1,2,6,'-29,2,,,1,2,4.0,R,R,21,TREY Y OFF,SNUG,,,X,X,X,OFF,,,GN,INSIDE ZN,ZN,ZN,GAP,WIDE OVER,4 DOWN,STUNT,,COVER 6,,ALBI 04,ALBI 07,04; 11,17,01; 05,1,21,R,2,R,4.0,4.0,0,,,INSIDE ZONE,,,0,0,1,0,0,ALBI 04,ALBI 07,04; 11,01; 05,17,WIDE OVER,1x3,1,P,,0,COVER 6
65,"2025 UAB O vs Navy, PFF Play 011",11,1,3,2,'-33,3,SY,,1,3,9.0,R,R,12,ACE YU OFF,,T MTR,,,,X,OFF,CURLS,,PSTL,Y INSERT,STR,ZN,GAP,ODD,4 DOWN,,BLITZ,COVER 2,,ALBI 03,ALBI 07,03,17; 88,05; 18,0,12,R,3,R,4.0,9.0,0,,,MAN,,,0,0,0,0,0,ALBI 03,ALBI 07,03,05; 18,17; 88,ODD,2x2,0,R,,1,COVER 2
66,"2025 UAB O vs Navy, PFF Play 012",12,1,1,10,'-42,P,,,1,4,3.0,R,R,12,KING U OFF,,,,,,,SLOT,CURLS,,,SPL ZN SS,STR,ZN,GAP,WIDE OVER,4 DOWN,,,COVER 1,,ALBI 03,ALBI 07,03,17; 88,01; 08,0,12,R,4,R,9.0,3.0,0,,,INSIDE ZONE,,,0,0,0,0,0,ALBI 03,ALBI 07,03,01; 08,17; 88,WIDE OVER,1x3,0,R,,0,COVER 1
67,"2025 UAB O vs Navy, PFF Play 013",13,1,2,7,'-45,2,,,1,5,4.0,R,R,12,ACE YU OFF,SNUG,Y OUT,,,,X,OFF,,,PSTL,ZONE RD ARC,STR,ZN,GAP,UNDER,4 DOWN,STUNT,,COVER 3,,ALBI 03,ALBI 07,03,17; 88,01; 08,1,12,R,5,R,3.0,4.0,0,,,MAN,,,0,0,1,0,0,ALBI 03,ALBI 07,03,01; 08,17; 88,UNDER,2x2,1,R,,0,COVER 3
68,"2025 UAB O vs Navy, PFF Play 014",14,1,3,3,'-49,3,SY,,1,6,51.0,P,R,12,SLOT - WING,,BUZZ,,,,,SLOT,,COMPLETE,GN,INSIDE ZN RD,STR,PA,,WIDE OVER,4 DOWN,,BLITZ,COVER 6,,ALBI 00,ALBI 07,11,17; 88,00; 01,0,12,P,6,R,4.0,51.0,0,0.0,,MAN,,ALBI 00,0,0,0,0,0,ALBI 00,ALBI 07,11,00; 01,17; 88,WIDE OVER,2x2,1,R,ALBI 00,1,COVER 6
69,"2025 UAB O vs Navy, PFF Play 033",33,1,1,10,'-35,P,,,2,1,21.0,P,L,13,PRO - WING,,,,,,,,,COMPLETE,PSTL,JET SWEEP,STR,DB,,WIDE OVER,4 DOWN,,BLITZ,COVER 4,,ALBI 01,ALBI 07,04,17; 44; 88,01,0,13,P,1,L,51.0,21.0,0,0.0,,,,,0,0,0,0,0,ALBI 01,ALBI 07,04,01,17; 44; 88,WIDE OVER,2x2,0,P,ALBI 01,1,COVER 4
70,"2025 UAB O vs Navy, PFF Play 034",34,1,1,10,'+44,P,,,2,2,6.0,P,R,11,OTHER,,,,,,,,,COMPLETE,GEMP,JET SWEEP,STR,DB,,EVEN,4 DOWN,,BLITZ,COVER 6,,ALBI 11,ALBI 07,11,88,00; 01; 06,0,11,P,2,R,21.0,6.0,1,0.0,,,,,1,0,0,0,0,ALBI 11,ALBI 07,11,00; 01; 06,88,EVEN,4x2,0,P,ALBI 11,1,COVER 6
71,"2025 UAB O vs Navy, PFF Play 035",35,1,2,4,'+38,2,,,2,3,3.0,P,R,11,TREY Y OFF,SNUG,,,X,X,X,OFF,,COMPLETE,GN,,STR,PA,,BENCH,4 DOWN,,,COVER 3 CLOUD,,ALBI 11,ALBI 07,11,88,00; 01; 06,1,11,P,3,R,6.0,3.0,0,0.0,,UNDEFINED,,,0,0,1,0,0,ALBI 11,ALBI 07,11,00; 01; 06,88,WIDE UNDER,1x3,0,P,ALBI 11,0,COVER 3 CLOUD
72,"2025 UAB O vs Navy, PFF Play 036",36,1,3,1,'+35,3,SY,,2,4,3.0,R,R,12,KING U OFF,,T RELOAD,,X,,X,SLOT,CURLS,,GN,Q SPL ZN,STR,ZN,GAP,WIDE OVER,4 DOWN,,,COVER 4,,ALBI 04,ALBI 07,04,17; 88,06; 18,0,12,R,4,R,3.0,3.0,0,,,INSIDE ZONE,,,0,0,0,0,0,ALBI 04,ALBI 07,04,06; 18,17; 88,WIDE OVER,3x1,0,P,,0,COVER 4
73,"2025 UAB O vs Navy, PFF Play 037",37,1,1,10,'+32,P,,,2,5,5.0,R,M,11 (*),TRIPS,,H IN,,,,,ON,CURLS,,PSTL,Y INSERT,STR,ZN,GAP,WIDE OVER,4 DOWN,,,COVER 4,,ALBI 04,ALBI 07,04,17,02; 18,0,11 (*),R,5,C,3.0,5.0,0,,,MAN,,,0,0,0,0,0,ALBI 04,ALBI 07,04,02; 18,17,WIDE OVER,1x3,0,R,,0,COVER 4
74,"2025 UAB O vs Navy, PFF Play 038",38,1,2,5,'+27,2,,,2,6,2.0,R,L,11 (*),SLOT - WING,,,,,,,SLOT,,,PSTL,OUTSIDE ZN,STR,ZN,GAP,OVER,4 DOWN,,,COVER 4,,ALBI 04,ALBI 07,04,17,02; 18,1,11 (*),R,6,L,5.0,2.0,0,,,OUTSIDE ZONE,,,0,0,1,0,0,ALBI 04,ALBI 07,04,02; 18,17,OVER,2x2,1,R,,0,COVER 4
75,"2025 UAB O vs Navy, PFF Play 039",39,2,3,3,'+25,3,SY,,2,7,0.0,R,L,12,KING U OFF,,,,,,,SLOT,CURLS,,PSTL,OUTSIDE ZN LD,STR,ZN,GAP,WIDE OVER,4 DOWN,,BLITZ,COVER 3,,ALBI 04,ALBI 07,04,17; 88,00; 01,0,12,R,7,L,2.0,0.0,0,,,OUTSIDE ZONE,,,0,0,0,0,0,ALBI 04,ALBI 07,04,00; 01,17; 88,WIDE OVER,3x1,0,R,,1,COVER 3
76,"2025 UAB O vs Navy, PFF Play 040",40,2,4,3,'+25,4,SY,,2,8,25.0,P,M,22,OPEN - CLOSED,,,,,,,,,COMPLETE,,OUTSIDE ZN LD,STR,PA,,EVEN,4 DOWN,,BLITZ,COVER 3,,ALBI 01,ALBI 07,03; 04,17; 88,01,0,22,P,8,C,0.0,25.0,0,0.0,,OUTSIDE ZONE,,ALBI 01,0,0,0,0,0,ALBI 01,ALBI 07,03; 04,01,17; 88,EVEN,1x1,0,R,ALBI 01,1,COVER 3
77,"2025 UAB O vs Navy, PFF Play 049",49,2,1,10,'-25,P,,,3,1,36.0,P,R,20,ACE YU OFF,,,,,,X,OFF,,COMPLETE,PSTL,Y INSERT,WK,PA,,BENCH,4 DOWN,,,COVER 6,,ALBI 11,ALBI 07,04; 11,,02; 05; 18,0,20,P,1,R,25.0,36.0,0,0.0,,MAN,MDNA D05 UNRd,,0,0,0,0,0,ALBI 11,ALBI 07,04; 11,02; 05; 18,,WIDE UNDER,2x2,0,P,ALBI 11,0,COVER 6
78,"2025 UAB O vs Navy, PFF Play 050",50,2,1,10,'+24,P,,,3,2,15.0,P,L,13,TANK WING - OPEN,,,,,,,,,INCOMPLETE,GF,Y INSERT,STR,PA,,ODD,4 DOWN,,BLITZ,COVER 3,,ALBI 01,ALBI 07,11,17; 44; 88,01,0,13,P,2,L,36.0,,0,0.0,,INSIDE ZONE,MDNA D18 DPI,,0,0,0,0,0,,ALBI 07,11,01,17; 44; 88,ODD,1x3,1,P,ALBI 01,1,COVER 3
79,"2025 UAB O vs Navy, PFF Play 051",51,2,1,9,'+9,1,GL,RA,3,3,0.0,P,L,12,QUADS WING - NIX,,,,,,,SLOT,,BATTED PASS,PSTL,Y INSERT,STR,PA,,BENCH,4 DOWN,STUNT,BLITZ,COVER 4,,,ALBI 07,03,17; 88,01; 08,0,12,P,3,L,,,0,0.0,,MAN,,,0,0,0,0,0,,ALBI 07,03,01; 08,17; 88,WIDE UNDER,4x0,0,P,,1,COVER 4
80,"2025 UAB O vs Navy, PFF Play 052",52,2,2,9,'+9,2,GL,RA,3,4,9.0,R,L,12,TREY U HIP,,T MTR,,,,,PRO,,,GN,INSIDE ZN RD,WK,ZN,GAP,BENCH,4 DOWN,,BLITZ,RED ZONE,,ALBI 04,ALBI 07,04,17; 88,01; 08,0,12,R,4,L,,9.0,0,,,MAN,,ALBI 04,0,0,0,0,0,ALBI 04,ALBI 07,04,01; 08,17; 88,WIDE UNDER,3x1,1,P,,1,RED ZONE
81,"2025 UAB O vs Navy, PFF Play 067",67,2,1,10,'-8,P,,,4,1,11.0,P,L,21,PRO,,BUZZ,,,,,ON,,COMPLETE,,INSIDE ZN RD,STR,PA,,WIDE OVER,4 DOWN,,,COVER 2,,ALBI 11,ALBI 07,03; 11,17,01; 05,0,21,P,1,L,9.0,11.0,0,0.0,,MAN,,,0,0,0,0,0,ALBI 11,ALBI 07,03; 11,01; 05,17,WIDE OVER,2x1,1,R,ALBI 11,0,COVER 2
82,"2025 UAB O vs Navy, PFF Play 068",68,2,1,10,'-19,P,,,4,2,15.0,R,M,12,KING U OFF,,,,,,,SLOT,CURLS,,,OUTSIDE ZN LD,STR,ZN,GAP,ODD,4 DOWN,,,COVER 3,,ALBI 04,ALBI 07,04,17; 88,01; 08,0,12,R,2,C,11.0,15.0,0,,,OUTSIDE ZONE,,,0,0,0,0,0,ALBI 04,ALBI 07,04,01; 08,17; 88,ODD,3x1,0,P,,0,COVER 3
83,"2025 UAB O vs Navy, PFF Play 069",69,2,1,10,'-34,P,,,4,3,3.0,R,R,11,DOUBLES,STK,,,X,,X,OPEN,,,GF,Y INSERT,STR,ZN,GAP,BENCH,4 DOWN,STUNT,,COVER 4,,ALBI 04,ALBI 07,04,17,00; 01; 06,0,11,R,3,R,15.0,3.0,0,,,INSIDE ZONE,,,0,0,0,0,0,ALBI 04,ALBI 07,04,00; 01; 06,17,WIDE UNDER,2x2,1,R,,0,COVER 4
84,"2025 UAB O vs Navy, PFF Play 070",70,2,2,7,'-37,2,,,4,4,17.0,P,M,11,TREY Y OFF,SNUG,BUZZ,,X,X,X,OFF,,COMPLETE,GN,Q DART,STR,PA,,ODD,4 DOWN,,BLITZ,COVER 3,,ALBI 17,ALBI 07,11,17,00; 01; 06,0,11,P,4,C,3.0,17.0,0,0.0,,POWER,,,0,0,0,0,0,ALBI 17,ALBI 07,11,00; 01; 06,17,ODD,1x3,0,R,ALBI 17,1,COVER 3
85,"2025 UAB O vs Navy, PFF Play 071",71,2,1,10,'+46,P,,,4,5,4.0,R,M,11,TREY Y OFF,SNUG,Z ORB,,X,,X,OFF,,,GN,CTR OY,WK,GAP,GAP,WIDE OVER,4 DOWN,STUNT,,COVER 4,,ALBI 11,ALBI 07,11,17,00; 01; 06,0,11,R,5,C,17.0,4.0,0,,,COUNTER,,,0,0,0,0,0,ALBI 11,ALBI 07,11,00; 01; 06,17,WIDE OVER,1x3,1,P,,0,COVER 4
86,"2025 UAB O vs Navy, PFF Play 072",72,2,2,6,'+42,2,,,4,6,2.0,R,M,13,PRO - WING,,,,,,,,CURLS,,GF,Y INSERT,STR,ZN,GAP,ODD,4 DOWN,,,COVER 2,,ALBI 03,ALBI 07,03,17; 44; 88,01,0,13,R,6,C,4.0,2.0,0,,,INSIDE ZONE,,,0,0,0,2,0,ALBI 03,ALBI 07,03,01,17; 44; 88,ODD,2x2,0,R,,0,COVER 2
87,"2025 UAB O vs Navy, PFF Play 073",73,2,3,4,'+40,3,,,4,7,22.0,P,L,12,KING U OFF,,Z OUT,,,,,SLOT,,COMPLETE,GN,JET SWEEP,STR,DB,,BENCH,4 DOWN,STUNT,BLITZ,COVER 2,,ALBI 01,ALBI 07,03,17; 88,00; 01,0,12,P,7,L,2.0,22.0,0,0.0,,,,,0,0,0,0,0,ALBI 01,ALBI 07,03,00; 01,17; 88,WIDE UNDER,3x1,0,R,ALBI 01,1,COVER 2
88,"2025 UAB O vs Navy, PFF Play 074",74,2,1,10,'+18,P,,RA,4,8,2.0,R,L,12,QUADS WING - NIX,,,,,,,SLOT,,,GN,Y INSERT,STR,ZN,GAP,OVER,4 DOWN,,BLITZ,COVER 6,,ALBI 04,ALBI 07,04,17; 88,01; 08,0,12,R,8,L,22.0,2.0,0,,,INSIDE ZONE,,,0,0,0,0,0,ALBI 04,ALBI 07,04,01; 08,17; 88,OVER,4x0,1,P,,1,COVER 6
89,"2025 UAB O vs Navy, PFF Play 075",75,2,2,8,'+16,2,,RA,4,9,0.0,P,L,12,ACE YU OFF,,,,,,X,OFF,,INCOMPLETE,PSTL,Y INSERT,WK,NKD,,BENCH,4 DOWN,,,COVER 3,,ALBI 88,ALBI 07,11,17; 88,01; 08,0,12,P,9,L,2.0,,0,0.0,,MAN,,,0,0,0,0,0,,ALBI 07,11,01; 08,17; 88,WIDE UNDER,2x2,0,R,ALBI 88,0,COVER 3
90,"2025 UAB O vs Navy, PFF Play 076",76,2,3,8,'+16,3,,RA,4,10,-5.0,X,L,12,KING U OFF,,BUZZ,,,,,SLOT,CURLS,,GN,JET SWEEP,STR,,GAP,LOAD,4 DOWN,,,,,,ALBI 07,03,17; 88,00; 01,0,12,X,10,L,,,0,,,,ALBI 07 DOG,,0,0,0,0,0,,ALBI 07,03,00; 01,17; 88,LOAD,3x1,0,P,,0,
91,"2025 UAB O vs Navy, PFF Play 077",77,2,3,13,'+21,3,,,4,11,9.0,P,L,11,TRIPS - OPEN,Y AT 3,,,X,,X,OPEN,,COMPLETE,GF,JET SWEEP,STR,DB,,LOAD,4 DOWN,,,COVER 6,,ALBI 01,ALBI 07,03,88,00; 01; 06,0,11,P,11,L,,9.0,0,0.0,,,,,0,0,0,0,0,ALBI 01,ALBI 07,03,00; 01; 06,88,LOAD,3x1,0,X,ALBI 01,0,COVER 6
92,"2025 UAB O vs Navy, PFF Play 081",81,3,1,10,'-40,P,,,5,1,1.0,R,R,12,KING U OFF,,Z OUT,,,,,SLOT,,,GF,CTR OY,WK,GAP,GAP,BENCH,4 DOWN,,,COVER 6,,ALBI 04,ALBI 07,04,17; 88,01; 08,0,12,R,1,R,9.0,1.0,0,,,COUNTER,,,0,0,0,0,0,ALBI 04,ALBI 07,04,01; 08,17; 88,WIDE UNDER,1x3,1,P,,0,COVER 6
93,"2025 UAB O vs Navy, PFF Play 082",82,3,2,9,'-41,2,,,5,2,12.0,P,R,12,KING U OFF,,,,,,,SLOT,,COMPLETE,,Y INSERT,STR,PA,,UNDER,4 DOWN,,,COVER 3,,ALBI 01,ALBI 07,04,17; 88,00; 01,0,12,P,2,R,1.0,12.0,0,0.0,,MAN,,,0,0,0,0,0,ALBI 01,ALBI 07,04,00; 01,17; 88,UNDER,1x3,0,R,ALBI 01,0,COVER 3
94,"2025 UAB O vs Navy, PFF Play 083",83,3,1,10,'+47,P,,,5,3,12.0,R,L,12,ACE YU OFF,,,,,,X,OFF,CURLS,,PSTL,Y INSERT,STR,ZN,GAP,WIDE OVER,4 DOWN,STUNT,,COVER 3,,ALBI 04,ALBI 07,04,17; 88,00; 01,1,12,R,3,L,12.0,12.0,0,,,MAN,,,0,0,1,0,0,ALBI 04,ALBI 07,04,00; 01,17; 88,WIDE OVER,2x2,0,P,,0,COVER 3
95,"2025 UAB O vs Navy, PFF Play 084",84,3,1,10,'+35,P,,,5,4,0.0,R,L,12,ACE YU OFF,,,,,,X,OFF,CURLS,,GN,Q SPL ZN,STR,ZN,GAP,EVEN,4 DOWN,,,COVER 3,,ALBI 04,ALBI 07,04,17; 88,00; 01,1,12,R,4,L,12.0,0.0,0,,,INSIDE ZONE,,,0,0,1,0,0,ALBI 04,ALBI 07,04,00; 01,17; 88,EVEN,2x2,0,R,,0,COVER 3
96,"2025 UAB O vs Navy, PFF Play 085",85,3,2,10,'+35,2,,,5,5,17.0,P,L,22,PRO,,B MTR,,,,,ON,,COMPLETE,,OUTSIDE ZN LD,STR,PA,,OVER,4 DOWN,,BLITZ,COVER 3,,ALBI 11,ALBI 07,03; 11,17; 88,18,0,22,P,5,L,0.0,17.0,1,0.0,,OUTSIDE ZONE,,,0,0,0,0,0,ALBI 11,ALBI 07,03; 11,18,17; 88,OVER,2x1,0,R,ALBI 11,1,COVER 3
97,"2025 UAB O vs Navy, PFF Play 086",86,3,1,10,'+18,P,,RA,5,6,0.0,R,M,12,ACE YU OFF,,,,,,X,OFF,CURLS,,PSTL,SPL DIVE,STR,ZN,GAP,UNDER,4 DOWN,STUNT,,COVER 2,,ALBI 11,ALBI 07,11,17; 88,01; 08,0,12,R,6,C,17.0,0.0,0,,,MAN,,,0,0,0,0,0,ALBI 11,ALBI 07,11,01; 08,17; 88,UNDER,2x2,0,P,,0,COVER 2
98,"2025 UAB O vs Navy, PFF Play 087",87,3,2,10,'+18,2,,RA,5,7,2.0,R,R,12,KING U OFF,,,,,,,SLOT,CURLS,,,OUTSIDE ZN LD,STR,ZN,GAP,OVER,4 DOWN,STUNT,,COVER 4,,ALBI 11,ALBI 07,11,17; 88,01; 08,0,12,R,7,R,0.0,2.0,0,,,OUTSIDE ZONE,,,0,0,0,0,0,ALBI 11,ALBI 07,11,01; 08,17; 88,OVER,3x1,0,R,,0,COVER 4
99,"2025 UAB O vs Navy, PFF Play 088",88,3,3,8,'+16,3,,RA,5,8,-2.0,R,L,12,SLOT - WING,,BUZZ,,,,,SLOT,CURLS,,GN,SPL ZN SS,ZN,ZN,GAP,SPLIT,4 DOWN,,,COVER 2,,ALBI 03,ALBI 07,03,17; 88,00; 01,0,12,R,8,L,2.0,-2.0,0,,,INSIDE ZONE,,,0,0,0,0,0,ALBI 03,ALBI 07,03,00; 01,17; 88,EVEN,2x2,0,R,,0,COVER 2
100,"2025 UAB O vs Navy, PFF Play 095",95,3,1,10,'-12,P,,,6,1,0.0,P,R,12,SLOT - WING,,T RELOAD,,X,,X,OFF,,INCOMPLETE,GN,CTR OY,WK,PA,,BENCH,4 DOWN,,,COVER 4,,ALBI 01,ALBI 07,11,17; 88,01; 08,0,12,P,1,R,-2.0,,0,0.0,,COUNTER,,,0,0,0,0,0,,ALBI 07,11,01; 08,17; 88,WIDE UNDER,2x2,1,R,ALBI 01,0,COVER 4
101,"2025 UAB O vs Navy, PFF Play 096",96,3,2,10,'-12,2,,,6,2,3.0,R,R,11,TREY Y OFF,SNUG,BUZZ,,X,X,X,OFF,,,GN,Y INSERT,STR,ZN,GAP,BENCH,4 DOWN,,,COVER 3,,ALBI 11,ALBI 07,11,88,00; 01; 06,0,11,R,2,R,,3.0,0,,,INSIDE ZONE,,,0,0,0,0,0,ALBI 11,ALBI 07,11,00; 01; 06,88,WIDE UNDER,1x3,1,P,,0,COVER 3
102,"2025 UAB O vs Navy, PFF Play 097",97,3,3,7,'-15,3,,,6,3,14.0,P,R,11,TREY Y OFF,SNUG,BUZZ,,X,X,X,OFF,,COMPLETE,GF,JET SWEEP,STR,DB,,LOAD,4 DOWN,,BLITZ,COVER 1,,ALBI 00,ALBI 07,03,88,00; 01; 06,0,11,P,3,R,3.0,14.0,0,0.0,,,,,0,0,0,0,0,ALBI 00,ALBI 07,03,00; 01; 06,88,LOAD,1x3,0,R,ALBI 00,1,COVER 1
103,"2025 UAB O vs Navy, PFF Play 106",106,3,1,10,'-40,P,,,7,1,15.0,P,L,11,TREY Y OFF,ENDOVER,,,X,X,,OFF,,INCOMPLETE,GN,JET SWEEP,WK,DB,,WIDE OVER,4 DOWN,,BLITZ,COVER 6,,ALBI 01,ALBI 07,04,17,00; 01; 06,0,11,P,1,L,14.0,,0,0.0,,,MDNA D18 DPI,,0,0,0,0,0,,ALBI 07,04,00; 01; 06,17,WIDE OVER,4x0,0,P,ALBI 01,1,COVER 6
104,"2025 UAB O vs Navy, PFF Play 107",107,3,1,10,'+45,P,,,7,2,-10.0,P,L,11,TREY Y OFF,SNUG,,,X,X,X,OFF,,THROWN AWAY,GN,JET SWEEP,STR,DB,,WIDE OVER,4 DOWN,,BLITZ,COVER 3,,,ALBI 07,04,17,00; 01; 06,0,11,P,2,L,,,0,0.0,,,ALBI 77 OH,,0,0,0,0,0,,ALBI 07,04,00; 01; 06,17,WIDE OVER,3x1,0,P,,1,COVER 3
105,"2025 UAB O vs Navy, PFF Play 108",108,3,1,20,'-45,1,,,7,3,-2.0,R,L,11,TREY Y OFF,SNUG,Z MTR,,X,X,X,OFF,CURLS,,GEMP,Q SPL ZN,STR,ZN,GAP,WIDE OVER,4 DOWN,,,COVER 3,,ALBI 11,ALBI 11,11,17,00; 01; 06,0,11,R,3,L,,-2.0,0,,,INSIDE ZONE,,,1,1,0,0,0,ALBI 11,ALBI 11,11,00; 01; 06,17,WIDE OVER,4x1,0,P,,0,COVER 3
106,"2025 UAB O vs Navy, PFF Play 109",109,3,2,22,'-43,2,,,7,4,0.0,P,L,11,TRIPS,,,,,,,ON,,INCOMPLETE,GN,JET SWEEP,WK,DB,,ONE INTERIOR,4 DOWN,,BLITZ,COVER 3,,ALBI 01,ALBI 07,11,17,00; 01; 06,0,11,P,4,L,-2.0,,0,0.0,,,,,0,0,0,0,0,,ALBI 07,11,00; 01; 06,17,ONE INTERIOR,3x1,0,R,ALBI 01,1,COVER 3
107,"2025 UAB O vs Navy, PFF Play 110",110,3,3,22,'-43,3,,,7,5,0.0,P,L,11,TREY Y OFF,SNUG,,,X,X,X,OFF,,INCOMPLETE,GF,JET SWEEP,STR,DB,,LOAD,4 DOWN,,,COVER 3,,ALBI 06,ALBI 07,03,17,00; 01; 06,0,11,P,5,L,,,0,0.0,,,(D) ALBI 72 OH,,0,0,0,0,0,,ALBI 07,03,00; 01; 06,17,LOAD,3x1,0,P,ALBI 06,0,COVER 3
108,"2025 UAB O vs Navy, PFF Play 119",119,4,1,10,'-25,P,,,8,1,0.0,P,L,21,DUO Y OFF,SNUG,,,,,X,OFF,,INTERCEPTION,PSTL,,WK,PA,,UNDER,4 DOWN,,,COVER 4,,ALBI 01,ALBI 07,03; 11,88,01; 05,0,21,P,1,L,,,0,0.0,,UNDEFINED,MDNA D18 IBW,,0,0,0,0,0,,ALBI 07,03; 11,01; 05,88,UNDER,2x2,0,P,ALBI 01,0,COVER 4
109,"2025 UAB O vs Navy, PFF Play 124",124,4,1,10,'-5,P,,,9,1,1.0,R,R,11,TREY Y OFF FIB,SNUG,,,X,X,X,OFF,,,PSTL,OUTSIDE ZN,STR,ZN,GAP,WIDE OVER,4 DOWN,,,COVER 2,,ALBI 04,ALBI 07,04,88,00; 01; 06,0,11,R,1,R,,1.0,0,,,OUTSIDE ZONE,,,0,0,0,0,0,ALBI 04,ALBI 07,04,00; 01; 06,88,WIDE OVER,1x3,1,P,,0,COVER 2
110,"2025 UAB O vs Navy, PFF Play 125",125,4,2,9,'-6,2,,,9,2,8.0,P,R,11,EMPTY 3x2,,,,X,,X,OPEN,,COMPLETE,GEMP,JET SWEEP,STR,DB,,ONE INTERIOR,4 DOWN,,BLITZ,COVER 3,,ALBI 04,ALBI 07,04,88,00; 01; 06,1,11,P,2,R,1.0,8.0,1,0.0,,,,,0,0,1,0,0,ALBI 04,ALBI 07,04,00; 01; 06,88,ONE INTERIOR,2x3,0,R,ALBI 04,1,COVER 3
111,"2025 UAB O vs Navy, PFF Play 126",126,4,3,1,'-14,3,SY,,9,3,3.0,R,R,12,KING U OFF,,,,,,,SLOT,CURLS,,GN,Q SPL ZN,STR,ZN,GAP,WIDE OVER,4 DOWN,,,COVER 4,,ALBI 04,ALBI 07,04,17; 88,06; 18,0,12,R,3,R,8.0,3.0,0,,,INSIDE ZONE,,,0,0,0,0,0,ALBI 04,ALBI 07,04,06; 18,17; 88,WIDE OVER,3x1,0,P,,0,COVER 4
112,"2025 UAB O vs Navy, PFF Play 127",127,4,1,10,'-17,P,,,9,4,1.0,P,R,11,TRIPS - OPEN,Y AT 2,,,X,,X,OPEN,,COMPLETE,GF,JET SWEEP,STR,DB,,WIDE OVER,4 DOWN,,BLITZ,COVER 2,,ALBI 00,ALBI 07,04,17,00; 01; 06,0,11,P,4,R,3.0,1.0,1,0.0,,,,,0,0,0,0,0,ALBI 00,ALBI 07,04,00; 01; 06,17,WIDE OVER,1x3,0,R,ALBI 00,1,COVER 2
113,"2025 UAB O vs Navy, PFF Play 128",128,4,2,9,'-18,2,,,9,5,11.0,P,L,11,TRIPS OPEN,Y AT 3,,,X,X,X,OPEN,,COMPLETE,GF,JET SWEEP,STR,DB,,WIDE OVER,4 DOWN,STUNT,,COVER 4,,ALBI 06,ALBI 07,03,17,01; 06; 08,0,11,P,5,L,1.0,11.0,0,0.0,,,,,0,0,0,0,0,ALBI 06,ALBI 07,03,01; 06; 08,17,WIDE OVER,3x1,0,P,ALBI 06,0,COVER 4
114,"2025 UAB O vs Navy, PFF Play 129",129,4,1,10,'-29,P,,,9,6,3.0,P,R,11,TRIPS - OPEN,Y FLEX/STK,,,X,X,X,OPEN,,COMPLETE,GN,Y INSERT,STR,PA,,WIDE OVER,4 DOWN,,BLITZ,COVER 2,,ALBI 06,ALBI 07,03,17,00; 01; 06,0,11,P,6,R,11.0,3.0,0,0.0,,INSIDE ZONE,,,0,0,0,0,0,ALBI 06,ALBI 07,03,00; 01; 06,17,WIDE OVER,1x3,1,P,ALBI 06,1,COVER 2
115,"2025 UAB O vs Navy, PFF Play 130",130,4,2,7,'-32,2,,,9,7,6.0,R,L,11,DOUBLES,STK,,,X,,X,OPEN,CURLS,,GF,INSIDE ZN,STR,ZN,GAP,BENCH,4 DOWN,STUNT,,COVER 4,,ALBI 11,ALBI 07,11,17,00; 01; 06,0,11,R,7,L,3.0,6.0,0,,,INSIDE ZONE,,,0,0,0,0,0,ALBI 11,ALBI 07,11,00; 01; 06,17,WIDE UNDER,2x2,1,P,,0,COVER 4
116,"2025 UAB O vs Navy, PFF Play 131",131,4,3,1,'-38,3,SY,,9,8,3.0,R,L,12,ACE YU OFF,,,,,,X,OFF,CURLS,,PSTL,Y INSERT,STR,ZN,GAP,ONE INTERIOR,4 DOWN,,,COVER 4,,ALBI 04,ALBI 07,04,17; 88,06; 18,0,12,R,8,L,6.0,3.0,0,,,MAN,,,0,0,0,0,0,ALBI 04,ALBI 07,04,06; 18,17; 88,ONE INTERIOR,2x2,0,R,,0,COVER 4
117,"2025 UAB O vs Navy, PFF Play 132",132,4,1,10,'-41,P,,,9,9,17.0,P,L,12,TREY U STING BUNCH,,Y BNC,,,,,PRO,,COMPLETE,PSTL,JET SWEEP,WK,DB,,WIDE OVER,4 DOWN,,BLITZ,COVER 2,,ALBI 07,ALBI 07,11,17; 88,00; 18,0,12,P,9,L,3.0,17.0,0,0.0,,,,,1,1,0,0,0,ALBI 07,ALBI 07,11,00; 18,17; 88,WIDE OVER,3x1,0,R,ALBI 07,1,COVER 2
118,"2025 UAB O vs Navy, PFF Play 133",133,4,1,10,'+42,P,,,9,10,11.0,P,L,11,TRIPS - OPEN,Y AT 3,Y BNC,,X,,X,OPEN,,COMPLETE,GF,JET SWEEP,STR,DB,,LOAD,4 DOWN,,BLITZ,COVER 3,,ALBI 01,ALBI 07,04,88,00; 01; 06,0,11,P,10,L,17.0,11.0,0,0.0,,,,,0,0,0,0,0,ALBI 01,ALBI 07,04,00; 01; 06,88,LOAD,3x1,0,P,ALBI 01,1,COVER 3
119,"2025 UAB O vs Navy, PFF Play 134",134,4,1,10,'+31,P,,,9,11,10.0,P,L,11,TREY Y OFF,SNUG,,,X,X,X,OFF,,COMPLETE,GN,JET SWEEP,STR,DB,,ONE INTERIOR,4 DOWN,STUNT,,COVER 2,,ALBI 04,ALBI 07,04,88,00; 01; 06,0,11,P,11,L,11.0,10.0,0,0.0,,,,,0,0,0,0,0,ALBI 04,ALBI 07,04,00; 01; 06,88,ONE INTERIOR,3x1,0,P,ALBI 04,0,COVER 2
120,"2025 UAB O vs Navy, PFF Play 135",135,4,1,10,'+21,P,,,9,12,-3.0,R,L,11,TRIPS - OPEN,Y AT 3,,,X,,X,OPEN,,,GF,QB DRAW,STR,DRAW,GAP,LOAD,4 DOWN,,,COVER 6,,ALBI 07,ALBI 07,04,88,00; 01; 06,0,11,R,12,L,10.0,-3.0,0,,,DRAW,,,0,0,0,0,0,ALBI 07,ALBI 07,04,00; 01; 06,88,LOAD,3x1,1,P,,0,COVER 6
121,"2025 UAB O vs Navy, PFF Play 136",136,4,2,13,'+24,2,,,9,13,6.0,P,M,11,TRIPS - SLOT,Y FLEX/STK,Y MTR,,X,,,OPEN,,COMPLETE,GEMP,JET SWEEP,STR,DB,,WIDE OVER,4 DOWN,,BLITZ,COVER 2,,ALBI 06,ALBI 07,04,88,00; 01; 06,0,11,P,13,C,-3.0,6.0,0,0.0,,,,,0,0,0,0,0,ALBI 06,ALBI 07,04,00; 01; 06,88,WIDE OVER,3x2,0,R,ALBI 06,1,COVER 2
122,"2025 UAB O vs Navy, PFF Play 137",137,4,3,7,'+18,3,,RA,9,14,0.0,P,R,11,TREY Y OFF,SNUG,,,X,X,X,OFF,,INTERCEPTION,GN,,STR,PA,,ONE INTERIOR,4 DOWN,,BLITZ,COVER 6,,ALBI 06,ALBI 07,04,88,00; 01; 06,0,11,P,14,R,6.0,,0,0.0,,UNDEFINED,,,0,0,0,0,0,,ALBI 07,04,00; 01; 06,88,ONE INTERIOR,1x3,0,P,ALBI 06,1,COVER 6
123,"2025 UAB O vs Navy, PFF Play 147",147,4,1,10,'-17,P,,,10,1,0.0,P,R,11,TREY Y OFF,SNUG,,,X,X,X,OFF,,INCOMPLETE,GF,JET SWEEP,STR,DB,,SPLIT,4 DOWN,,,COVER 3,,ALBI 03,ALBI 07,03,17,00; 01; 06,0,11,P,1,R,,,0,0.0,,,,,0,0,0,2,0,,ALBI 07,03,00; 01; 06,17,EVEN,1x3,0,P,ALBI 03,0,COVER 3
124,"2025 UAB O vs Navy, PFF Play 148",148,4,2,10,'-17,2,,,10,2,6.0,P,R,11,DOUBLES,STK,,,X,,X,OPEN,,COMPLETE,GN,JET SWEEP,STR,DB,,SPLIT,4 DOWN,,,COVER 3,,ALBI 00,ALBI 07,03,17,00; 01; 06,0,11,P,2,R,,6.0,0,0.0,,,,,0,0,0,2,0,ALBI 00,ALBI 07,03,00; 01; 06,17,EVEN,2x2,0,P,ALBI 00,0,COVER 3
125,"2025 UAB O vs Navy, PFF Play 149",149,4,3,4,'-23,3,,,10,3,0.0,P,R,11,TREY Y OFF,SNUG,,,X,X,X,OFF,,INCOMPLETE,GF,JET SWEEP,STR,DB,,SPLIT,4 DOWN,STUNT,BLITZ,COVER 6,,ALBI 01,ALBI 07,03,17,00; 01; 06,1,11,P,3,R,6.0,,0,0.0,,,(D) ALBI 75 OH,,0,0,1,2,0,,ALBI 07,03,00; 01; 06,17,EVEN,1x3,0,P,ALBI 01,1,COVER 6
126,"2025 UAB O vs Navy, PFF Play 150",150,4,4,4,'-23,4,,,10,4,0.0,P,R,11,DUO Y OFF,SNUG,H RETURN,,,,X,OFF,,INCOMPLETE,GN,JET SWEEP,STR,DB,,ONE INTERIOR,4 DOWN,,BLITZ,COVER 3,,ALBI 00,ALBI 07,03,17,00; 01; 06,0,11,P,4,R,,,0,0.0,,,,,0,0,0,2,0,,ALBI 07,03,00; 01; 06,17,ONE INTERIOR,2x2,0,P,ALBI 00,1,COVER 3
127,"2025 UAB O vs Akron, PFF Play 007",7,1,1,10,'-27,P,,,1,1,12.0,R,L,11,TRIPS,,,,,,,ON,,,GN,Y INSERT,ZN,ZN,GAP,BEAR,4 DOWN,,,COVER 3,,ALBI 04,ALBI 07,04,17,00; 01; 06,0,11,R,1,L,,12.0,0,,,INSIDE ZONE,,,0,0,0,0,0,ALBI 04,ALBI 07,04,00; 01; 06,17,BEAR,3x1,1,,,0,COVER 3
128,"2025 UAB O vs Akron, PFF Play 008",8,1,1,10,'-39,P,,,1,2,-1.0,R,M,12,TREY Y OFF,SNUG,Y BNC,,X,,X,OFF,CURLS,,PSTL,OUTSIDE ZN LD,STR,ZN,GAP,JOKER,5 DOWN,,,COVER 3,,ALBI 04,ALBI 07,04,17; 88,01; 08,0,12,R,2,C,12.0,-1.0,0,,,OUTSIDE ZONE,,,0,0,0,0,0,ALBI 04,ALBI 07,04,01; 08,17; 88,OVER,3x1,0,R,,0,COVER 3
129,"2025 UAB O vs Akron, PFF Play 009",9,1,2,11,'-38,2,,,1,3,11.0,P,R,12,ACE YU OFF,,,,,,X,OFF,,COMPLETE,,OUTSIDE ZN LD,STR,PA,,BENCH,5 DOWN,,BLITZ,COVER 3,,ALBI 01,ALBI 07,04,17; 88,01; 08,0,12,P,3,R,-1.0,11.0,0,0.0,,OUTSIDE ZONE,,,0,0,0,0,0,ALBI 01,ALBI 07,04,01; 08,17; 88,WIDE UNDER,2x2,0,R,ALBI 01,1,COVER 3
130,"2025 UAB O vs Akron, PFF Play 010",10,1,1,10,'-49,P,,,1,4,-2.0,R,R,12,TREY Y OFF,SNUG,,,X,X,X,OFF,CURLS,,GN,Y INSERT,WK,ZN,GAP,BEAR,5 DOWN,,,COVER 3,,ALBI 04,ALBI 07,04,17; 88,01; 08,1,12,R,4,R,11.0,-2.0,0,,,MAN,,,0,0,1,0,0,ALBI 04,ALBI 07,04,01; 08,17; 88,BEAR,1x3,0,P,,0,COVER 3
131,"2025 UAB O vs Akron, PFF Play 011",11,1,2,12,'-47,2,,,1,5,8.0,P,L,11,DOUBLES,STK,,,X,,X,OPEN,,COMPLETE,GN,Q DART,STR,PA,,WIDE OVER,4 DOWN,STUNT,,COVER 4,,ALBI 06,ALBI 07,04,88,00; 01; 06,0,11,P,5,L,-2.0,8.0,0,0.0,,POWER,,,0,0,0,0,0,ALBI 06,ALBI 07,04,00; 01; 06,88,WIDE OVER,2x2,0,R,ALBI 06,0,COVER 4
132,"2025 UAB O vs Akron, PFF Play 012",12,1,3,4,'+45,3,,,1,6,0.0,P,L,12,KING U OFF,,,,,,,SLOT,,INCOMPLETE,GN,JET SWEEP,STR,DB,,BEAR,4 DOWN,STUNT,,COVER 1,,ALBI 17,ALBI 07,03,17; 88,00; 01,0,12,P,6,L,8.0,,0,0.0,,,,,0,0,0,0,0,,ALBI 07,03,00; 01,17; 88,BEAR,3x1,0,P,ALBI 17,0,COVER 1
133,"2025 UAB O vs Akron, PFF Play 013",13,1,4,4,'+45,4,,,1,7,0.0,P,L,11,TRIPS,,,,,,,ON,,INCOMPLETE,GN,JET SWEEP,STR,DB,,BEAR,4 DOWN,STUNT,BLITZ,COVER 1,,ALBI 00,ALBI 07,03,17,00; 01; 06,0,11,P,7,L,,,0,0.0,,,,,0,0,0,0,0,,ALBI 07,03,00; 01; 06,17,BEAR,3x1,0,P,ALBI 00,1,COVER 1
134,"2025 UAB O vs Akron, PFF Play 026",26,1,1,10,'-35,P,,,2,1,3.0,P,L,21,DUO Y OFF,SNUG,,,,,X,OFF,,COMPLETE,GN,JET SWEEP,STR,DB,,WIDE OVER,4 DOWN,,BLITZ,COVER 3 CLOUD,,ALBI 11,ALBI 07,03; 11,17,01; 05,0,21,P,1,L,,3.0,1,0.0,,,,,0,0,0,0,0,ALBI 11,ALBI 07,03; 11,01; 05,17,WIDE OVER,2x2,0,P,ALBI 11,1,COVER 3 CLOUD
135,"2025 UAB O vs Akron, PFF Play 027",27,1,2,7,'-38,2,,,2,2,8.0,P,R,12,ACE YU OFF,,,,,,X,OFF,,COMPLETE,PSTL,JET SWEEP,WK,DB,,BEAR,5 DOWN,,,COVER 4,,ALBI 08,ALBI 07,04,17; 88,01; 08,1,12,P,2,R,3.0,8.0,0,0.0,,,,,0,0,1,0,0,ALBI 08,ALBI 07,04,01; 08,17; 88,BEAR,2x2,0,P,ALBI 08,0,COVER 4
136,"2025 UAB O vs Akron, PFF Play 028",28,1,1,10,'-46,P,,,2,3,14.0,P,R,12,TRIPS - SLOT,,,,X,,X,OPEN,,COMPLETE,GEMP,JET SWEEP,STR,DB,,BEAR,5 DOWN,,BLITZ,COVER 4,,ALBI 08,ALBI 07,04,17; 88,01; 08,1,12,P,3,R,8.0,14.0,0,0.0,,,,,0,0,1,0,0,ALBI 08,ALBI 07,04,01; 08,17; 88,BEAR,2x3,0,P,ALBI 08,1,COVER 4
137,"2025 UAB O vs Akron, PFF Play 029",29,1,1,10,'+40,P,,,2,4,8.0,P,R,12,TRIPS - SLOT,,,,X,,X,OPEN,,COMPLETE,GEMP,JET SWEEP,STR,DB,,BEAR,5 DOWN,,BLITZ,COVER 4,,ALBI 08,ALBI 07,04,17; 88,01; 08,1,12,P,4,R,14.0,8.0,0,0.0,,,,,0,0,1,0,0,ALBI 08,ALBI 07,04,01; 08,17; 88,BEAR,2x3,0,P,ALBI 08,1,COVER 4
138,"2025 UAB O vs Akron, PFF Play 030",30,1,2,2,'+32,2,SY,,2,5,1.0,R,L,21,DUO Y OFF,SNUG,T MTR,,,,X,OFF,,,GN,Y INSERT,STR,ZN,GAP,BENCH,4 DOWN,STUNT,,COVER 4,,ALBI 03,ALBI 07,03; 11,88,01; 05,0,21,R,5,L,8.0,1.0,0,,,INSIDE ZONE,,,0,0,0,0,0,ALBI 03,ALBI 07,03; 11,01; 05,88,WIDE UNDER,2x2,1,P,,0,COVER 4
139,"2025 UAB O vs Akron, PFF Play 031",31,1,3,1,'+31,3,SY,,2,6,-5.0,X,L,12,TREY Y OFF,SNUG,,,X,X,X,OFF,CURLS,,,JET SWEEP,STR,,GAP,WIDE OVER,5 DOWN,,,,,,ALBI 07,11,17; 88,06; 18,1,12,X,6,L,1.0,,0,,,,ALBI 75 FST,,0,0,1,0,0,,ALBI 07,11,06; 18,17; 88,WIDE OVER,3x1,0,R,,0,
140,"2025 UAB O vs Akron, PFF Play 032",32,1,3,6,'+36,3,,,2,7,3.0,R,L,11,TREY Y OFF,SNUG,,,X,X,X,OFF,CURLS,,GF,OUTSIDE ZN RD,STR,ZN,GAP,WIDE OVER,4 DOWN,,,COVER 4,,ALBI 11,ALBI 07,11,88,00; 01; 06,0,11,R,7,L,,3.0,0,,,OUTSIDE ZONE,,,0,0,0,0,0,ALBI 11,ALBI 07,11,00; 01; 06,88,WIDE OVER,3x1,0,X,,0,COVER 4
141,"2025 UAB O vs Akron, PFF Play 033",33,1,4,3,'+33,4,SY,,2,8,21.0,P,R,12,KING U OFF,,,,,,,SLOT,,COMPLETE,GF,JET SWEEP,STR,DB,,WIDE OVER,4 DOWN,STUNT,BLITZ,COVER 3,,ALBI 88,ALBI 07,11,17; 88,01; 08,0,12,P,8,R,3.0,21.0,0,0.0,,,,,0,0,0,0,0,ALBI 88,ALBI 07,11,01; 08,17; 88,WIDE OVER,1x3,0,R,ALBI 88,1,COVER 3
142,"2025 UAB O vs Akron, PFF Play 034",34,1,1,10,'+12,P,,RA,2,9,4.0,P,L,12,KING U OFF,,,,,,,SLOT,,COMPLETE,PSTL,INSIDE ZN RD,WK,PA,,WIDE OVER,4 DOWN,,,RED ZONE,,ALBI 88,ALBI 07,04,17; 88,01; 08,0,12,P,9,L,21.0,4.0,0,0.0,,MAN,,,0,0,0,0,0,ALBI 88,ALBI 07,04,01; 08,17; 88,WIDE OVER,3x1,1,P,ALBI 88,0,RED ZONE
143,"2025 UAB O vs Akron, PFF Play 035",35,1,2,6,'+8,2,GL,RA,2,10,8.0,R,L,12,TRIPS - WING,,,,,,,,,,GEMP,OUTSIDE ZN,STR,ZN,GAP,BEAR,5 DOWN,,BLITZ,COVER 0,,ALBI 16,ALBI 16,11,17; 88,02; 18,0,12,R,10,L,4.0,8.0,0,,,OUTSIDE ZONE,,ALBI 16,0,0,0,0,0,ALBI 16,ALBI 16,11,02; 18,17; 88,BEAR,3x2,1,P,,1,COVER 0
144,"2025 UAB O vs Akron, PFF Play 049",49,1,1,10,'-35,P,,,3,1,5.0,R,R,20,TRIPS - OPEN,STK,TOZ,,X,,X,OPEN,,,GN,CTR OY,WK,GAP,GAP,UNDER,4 DOWN,,,COVER 4,,ALBI 03,ALBI 07,03; 11,,02; 05; 18,0,20,R,1,R,8.0,5.0,0,,,COUNTER,,,0,0,0,0,0,ALBI 03,ALBI 07,03; 11,02; 05; 18,,UNDER,1x3,1,R,,0,COVER 4
145,"2025 UAB O vs Akron, PFF Play 050",50,1,2,5,'-40,2,,,3,2,5.0,R,R,20,TRIPS - OPEN,STK,,,X,,X,OPEN,CURLS,,GF,REVERSE,STR,TRICK,GAP,BENCH,4 DOWN,,,COVER 1,,ALBI 05,ALBI 07,03; 11,,02; 05; 18,1,20,R,2,R,5.0,5.0,0,,,TRICK,,,0,1,1,0,0,ALBI 05,ALBI 07,03; 11,02; 05; 18,,WIDE UNDER,1x3,0,R,,0,COVER 1
146,"2025 UAB O vs Akron, PFF Play 051",51,1,1,10,'-45,P,,,3,3,13.0,P,L,22,TRIPS,SNUG,Z MTR,,,,X,ON,,COMPLETE,GF,CTR OY,STR,PA,,UNDER,5 DOWN,,BLITZ,COVER 3,,ALBI 11,ALBI 07,03; 11,17; 88,18,1,22,P,3,L,5.0,13.0,1,0.0,,COUNTER,,,0,0,1,0,0,ALBI 11,ALBI 07,03; 11,18,17; 88,UNDER,3x1,1,R,ALBI 11,1,COVER 3
147,"2025 UAB O vs Akron, PFF Play 052",52,1,1,10,'+42,P,,,3,4,0.0,P,R,12,TREY U STING,SNUG,,,X,X,X,PRO,,HIT AS THREW,GN,JET SWEEP,WK,DB,,BEAR,5 DOWN,STUNT,BLITZ,COVER 6,,,ALBI 07,04,17; 88,01; 08,1,12,P,4,R,13.0,,0,0.0,,,,,0,0,1,0,0,,ALBI 07,04,01; 08,17; 88,BEAR,3x1,0,P,,1,COVER 6
148,"2025 UAB O vs Akron, PFF Play 053",53,2,2,10,'+42,2,,,3,5,16.0,P,R,21,DUO Y OFF,SNUG,,,,,X,OFF,,COMPLETE,GN,REVERSE,STR,PA,,WIDE OVER,4 DOWN,,BLITZ,COVER 3 CLOUD,,ALBI 05,ALBI 07,03; 11,88,05; 06,0,21,P,5,R,,16.0,1,0.0,,TRICK,,,0,0,0,0,0,ALBI 05,ALBI 07,03; 11,05; 06,88,WIDE OVER,2x2,0,P,ALBI 05,1,COVER 3 CLOUD
149,"2025 UAB O vs Akron, PFF Play 054",54,2,1,10,'+26,P,,,3,6,0.0,P,R,21,DUO Y OFF,SNUG,TOZ,,,,X,OFF,,INCOMPLETE,PSTL,INSIDE ZN RD,WK,PA,,WIDE OVER,4 DOWN,,,COVER 4,,ALBI 11,ALBI 07,03; 11,88,06; 18,0,21,P,6,R,16.0,,1,0.0,,MAN,,,0,0,0,0,0,,ALBI 07,03; 11,06; 18,88,WIDE OVER,2x2,1,P,ALBI 11,0,COVER 4
150,"2025 UAB O vs Akron, PFF Play 055",55,2,2,10,'+26,2,,,3,7,0.0,P,R,21,DUO Y OFF,SNUG,,,,,X,OFF,,INCOMPLETE,GN,JET SWEEP,STR,DB,,UNDER,4 DOWN,,,COVER 4,,ALBI 11,ALBI 07,03; 11,88,06; 18,0,21,P,7,R,,,1,0.0,,,,,0,0,0,0,0,,ALBI 07,03; 11,06; 18,88,UNDER,2x2,0,P,ALBI 11,0,COVER 4
151,"2025 UAB O vs Akron, PFF Play 056",56,2,3,10,'+26,3,,,3,8,0.0,P,R,12,KING U OFF,,,,,,,SLOT,,INCOMPLETE,GN,JET SWEEP,WK,DB,,EVEN,4 DOWN,STUNT,,COVER 6,,ALBI 00,ALBI 07,04,17; 88,00; 18,0,12,P,8,R,,,0,0.0,,,,,0,0,0,0,0,,ALBI 07,04,00; 18,17; 88,EVEN,1x3,0,P,ALBI 00,0,COVER 6
152,"2025 UAB O vs Akron, PFF Play 065",65,2,1,10,'-4,P,,,4,1,48.0,P,R,11,DUO Y OFF,SNUG,,,,,X,OFF,,COMPLETE,GN,,WK,PA,,OVER,4 DOWN,STUNT,,COVER 4,,ALBI 00,ALBI 07,04,17,00; 01; 06,0,11,P,1,R,,48.0,0,0.0,,UNDEFINED,,,0,0,0,0,0,ALBI 00,ALBI 07,04,00; 01; 06,17,OVER,2x2,0,P,ALBI 00,0,COVER 4
153,"2025 UAB O vs Akron, PFF Play 066",66,2,1,10,'+48,P,,,4,2,14.0,P,L,11,TREY Y OFF,SNUG,,,X,X,X,OFF,,COMPLETE,GN,Y INSERT,STR,DB,,WIDE OVER,4 DOWN,,,COVER 4,,ALBI 00,ALBI 07,04,17,00; 01; 06,1,11,P,2,L,48.0,14.0,1,0.0,,INSIDE ZONE,,,0,0,1,0,0,ALBI 00,ALBI 07,04,00; 01; 06,17,WIDE OVER,3x1,1,P,ALBI 00,0,COVER 4
154,"2025 UAB O vs Akron, PFF Play 067",67,2,1,10,'+34,P,,,4,3,16.0,P,R,11,EMPTY 3x2,,,,X,,X,OPEN,,COMPLETE,GEMP,JET SWEEP,STR,DB,,WIDE OVER,4 DOWN,,BLITZ,COVER 3,,ALBI 17,ALBI 07,11,17,00; 01; 06,0,11,P,3,R,14.0,16.0,0,0.0,,,,,0,0,0,0,0,ALBI 17,ALBI 07,11,00; 01; 06,17,WIDE OVER,2x3,0,P,ALBI 17,1,COVER 3
155,"2025 UAB O vs Akron, PFF Play 068",68,2,1,10,'+18,P,,RA,4,4,3.0,R,R,11,DUO Y OFF,SNUG,Z IN,,,,X,OFF,CURLS,,GN,PIN PULL SS,WK,GAP,GAP,WIDE OVER,4 DOWN,,,COVER 4,,ALBI 11,ALBI 07,11,17,00; 01; 06,1,11,R,4,R,16.0,3.0,0,,,COUNTER,,,0,0,1,0,0,ALBI 11,ALBI 07,11,00; 01; 06,17,WIDE OVER,2x2,0,P,,0,COVER 4
156,"2025 UAB O vs Akron, PFF Play 069",69,2,2,7,'+15,2,,RA,4,5,0.0,P,R,11,DUO Y OFF,STK/SNUG,Z OUT,,,,X,OFF,,INCOMPLETE,GF,JET SWEEP,STR,DB,,BENCH,4 DOWN,STUNT,BLITZ,COVER 0,,ALBI 01,ALBI 07,04,17,00; 01; 06,0,11,P,5,R,3.0,,0,0.0,,,,,0,0,0,0,0,,ALBI 07,04,00; 01; 06,17,WIDE UNDER,2x2,0,R,ALBI 01,1,COVER 0
157,"2025 UAB O vs Akron, PFF Play 070",70,2,3,7,'+15,3,,RA,4,6,4.0,P,R,11,TRIPS,,,,,,,ON,,COMPLETE,GN,JET SWEEP,WK,DB,,BEAR,4 DOWN,,BLITZ,COVER 3,,ALBI 06,ALBI 07,03,88,00; 01; 06,0,11,P,6,R,,4.0,0,0.0,,,,,0,0,0,0,0,ALBI 06,ALBI 07,03,00; 01; 06,88,BEAR,1x3,0,P,ALBI 06,1,COVER 3
158,"2025 UAB O vs Akron, PFF Play 072",72,2,1,6,'+6,1,GL,RA,4,7,6.0,P,L,13,PRO - WING,,,,,,,,,COMPLETE,PSTL,JET SWEEP,WK,DB,,BEAR,5 DOWN,,BLITZ,COVER 0,,ALBI 04,ALBI 07,04,17; 44; 88,18,0,13,P,7,L,4.0,6.0,0,0.0,,,,ALBI 04,0,0,0,0,0,ALBI 04,ALBI 07,04,18,17; 44; 88,BEAR,2x2,0,P,ALBI 04,1,COVER 0
159,"2025 UAB O vs Akron, PFF Play 081",81,2,1,10,'-41,P,,,5,1,10.0,P,L,11,TREY Y OFF,SNUG,BUZZ,,X,X,X,OFF,,COMPLETE,GF,JET SWEEP,STR,DB,,WIDE OVER,4 DOWN,,,COVER 1,,ALBI 00,ALBI 07,04,88,00; 01; 06,0,11,P,1,L,6.0,10.0,0,0.0,,,,,0,0,0,0,0,ALBI 00,ALBI 07,04,00; 01; 06,88,WIDE OVER,3x1,0,P,ALBI 00,0,COVER 1
160,"2025 UAB O vs Akron, PFF Play 082",82,2,1,10,'+49,P,,,5,2,5.0,R,L,11,DUO Y OFF,SNUG,Z MTR,,,,X,OFF,CURLS,,GN,Q CTR OT RD,STR,GAP,GAP,BENCH,4 DOWN,,,COVER 4,,ALBI 04,ALBI 07,04,88,00; 01; 06,1,11,R,2,L,10.0,5.0,0,,,COUNTER,,,0,0,1,0,0,ALBI 04,ALBI 07,04,00; 01; 06,88,WIDE UNDER,2x2,0,P,,0,COVER 4
161,"2025 UAB O vs Akron, PFF Play 083",83,2,2,5,'+44,2,,,5,3,9.0,R,L,11,DUO Y OFF,SNUG,Z MTR,,,,X,OFF,CURLS,,GN,Q SPL ZN,STR,ZN,GAP,BENCH,4 DOWN,,,COVER 4,,ALBI 04,ALBI 07,04,88,00; 01; 06,1,11,R,3,L,5.0,9.0,0,,,INSIDE ZONE,,,0,0,1,0,0,ALBI 04,ALBI 07,04,00; 01; 06,88,WIDE UNDER,2x2,0,R,,0,COVER 4
162,"2025 UAB O vs Akron, PFF Play 084",84,2,1,10,'+35,P,,,5,4,0.0,P,L,11,DUO Y OFF,SNUG,Z MTR,,,,X,OFF,,COMPLETE,GN,JET SWEEP,STR,DB,,WIDE OVER,4 DOWN,,,COVER 4,,ALBI 00,ALBI 07,04,88,00; 01; 06,1,11,P,4,L,9.0,0.0,1,0.0,,,,,0,0,1,0,0,ALBI 00,ALBI 07,04,00; 01; 06,88,WIDE OVER,2x2,0,R,ALBI 00,0,COVER 4
163,"2025 UAB O vs Akron, PFF Play 085",85,2,2,10,'+35,2,,,5,5,1.0,R,R,11,DUO Y OFF,SNUG,,,,,X,OFF,CURLS,,,OUTSIDE ZN LD,STR,ZN,GAP,BEAR,4 DOWN,,BLITZ,COVER 4,,ALBI 04,ALBI 07,04,17,01; 06; 08,0,11,R,5,R,0.0,1.0,0,,,OUTSIDE ZONE,,,0,0,0,0,0,ALBI 04,ALBI 07,04,01; 06; 08,17,BEAR,2x2,0,P,,1,COVER 4
164,"2025 UAB O vs Akron, PFF Play 086",86,2,3,9,'+34,3,,,5,6,10.0,P,R,12,KING U OFF,,,,,,,SLOT,,COMPLETE,GN,JET SWEEP,WK,DB,,BENCH,4 DOWN,STUNT,,COVER 6,,ALBI 01,ALBI 07,03,17; 88,00; 01,0,12,P,6,R,1.0,10.0,0,0.0,,,(D) OHAK D01 DOF,,0,0,0,0,0,ALBI 01,ALBI 07,03,00; 01,17; 88,WIDE UNDER,1x3,0,R,ALBI 01,0,COVER 6
165,"2025 UAB O vs Akron, PFF Play 087",87,2,1,10,'+24,P,,,5,7,-2.0,P,L,12,TREY U HIP,,,,,,,PRO,,SACK,GN,Y INSERT,STR,PA,,BENCH,4 DOWN,,BLITZ,COVER 3,,ALBI 07,ALBI 07,03,17; 88,01; 08,0,12,P,7,L,10.0,-2.0,0,0.0,,INSIDE ZONE,,,0,0,0,0,0,ALBI 07,ALBI 07,03,01; 08,17; 88,WIDE UNDER,3x1,1,P,,1,COVER 3
166,"2025 UAB O vs Akron, PFF Play 096",96,2,1,10,'-38,P,,,6,1,-1.0,P,L,11,DOUBLES,STK,,,X,,X,OPEN,,COMPLETE,GN,JET SWEEP,WK,DB,,WIDE OVER,4 DOWN,,BLITZ,COVER 6,,ALBI 04,ALBI 07,04,88,00; 01; 06,0,11,P,1,L,-2.0,-1.0,0,0.0,,,,,0,0,0,2,0,ALBI 04,ALBI 07,04,00; 01; 06,88,WIDE OVER,2x2,0,P,ALBI 04,1,COVER 6
167,"2025 UAB O vs Akron, PFF Play 097",97,2,2,11,'-37,2,,,6,2,14.0,P,R,11,TREY Y OFF,SNUG,,,X,X,X,OFF,,COMPLETE,GF,JET SWEEP,STR,DB,,EVEN,4 DOWN,,,COVER 4,,ALBI 06,ALBI 07,04,88,00; 01; 06,1,11,P,2,R,-1.0,14.0,0,0.0,,,,,0,0,1,2,0,ALBI 06,ALBI 07,04,00; 01; 06,88,EVEN,1x3,0,P,ALBI 06,0,COVER 4
168,"2025 UAB O vs Akron, PFF Play 098",98,2,1,10,'+49,P,,,6,3,-2.0,R,R,11,TREY Y OFF,SNUG,,,X,X,X,OFF,CURLS,,GN,PIN PULL SS,WK,GAP,GAP,WIDE OVER,4 DOWN,,BLITZ,COVER 6,,ALBI 04,ALBI 07,04,88,00; 01; 06,1,11,R,3,R,14.0,-2.0,0,,,COUNTER,,,0,0,1,2,0,ALBI 04,ALBI 07,04,00; 01; 06,88,WIDE OVER,1x3,0,P,,1,COVER 6
169,"2025 UAB O vs Akron, PFF Play 099",99,2,2,12,'-49,2,,,6,4,23.0,P,R,11,TREY Y OFF,SNUG,,,X,X,X,OFF,,COMPLETE,GF,JET SWEEP,STR,DB,,ONE INTERIOR,4 DOWN,,,COVER 4,,ALBI 01,ALBI 07,11,17,00; 01; 06,0,11,P,4,R,-2.0,23.0,0,0.0,,,,,0,0,0,2,0,ALBI 01,ALBI 07,11,00; 01; 06,17,ONE INTERIOR,1x3,0,R,ALBI 01,0,COVER 4
170,"2025 UAB O vs Akron, PFF Play 100",100,2,1,10,'+28,P,,,6,5,15.0,P,R,11,DUO Y OFF,STK/SNUG,,,,,X,OFF,,COMPLETE,GF,JET SWEEP,STR,DB,,BENCH,4 DOWN,STUNT,BLITZ,COVER 4,,ALBI 01,ALBI 07,11,17,00; 01; 06,1,11,P,5,R,23.0,15.0,0,0.0,,,,,0,0,1,2,0,ALBI 01,ALBI 07,11,00; 01; 06,17,WIDE UNDER,2x2,0,P,ALBI 01,1,COVER 4
171,"2025 UAB O vs Akron, PFF Play 101",101,2,1,10,'+13,P,,RA,6,6,2.0,R,R,11,DUO Y OFF,SNUG,Z IN,,,,X,OFF,,,GN,INSIDE ZN,ZN,ZN,GAP,UNDER,4 DOWN,,,COVER 4,,ALBI 11,ALBI 07,11,17,00; 01; 06,0,11,R,6,R,15.0,2.0,0,,,INSIDE ZONE,OHAK D10 UNRd,,0,0,0,2,0,ALBI 11,ALBI 07,11,00; 01; 06,17,UNDER,2x2,1,P,,0,COVER 4
172,"2025 UAB O vs Akron, PFF Play 102",102,2,1,5,'+5,1,GL,RA,6,7,0.0,P,R,12,SLOT - WING,,,,,,,SLOT,,INCOMPLETE,GN,JET SWEEP,WK,DB,,BEAR,5 DOWN,,BLITZ,COVER 0,,ALBI 01,ALBI 07,04,17; 88,01; 08,0,12,P,7,R,2.0,,0,0.0,,,,,0,0,0,2,0,,ALBI 07,04,01; 08,17; 88,BEAR,2x2,0,R,ALBI 01,1,COVER 0
173,"2025 UAB O vs Akron, PFF Play 103",103,2,2,5,'+5,2,GL,RA,6,8,5.0,P,R,11,DUO Y OFF,SNUG,,,,,X,OFF,,COMPLETE,GN,JET SWEEP,STR,DB,,BEAR,4 DOWN,,,RED ZONE,,ALBI 01,ALBI 07,04,17,00; 01; 06,0,11,P,8,R,,5.0,0,0.0,,,,ALBI 01,0,0,0,2,0,ALBI 01,ALBI 07,04,00; 01; 06,17,BEAR,2x2,0,P,ALBI 01,0,RED ZONE
174,"2025 UAB O vs Akron, PFF Play 113",113,3,1,10,'-23,P,,,7,1,0.0,R,R,11 (*),DUO Y OFF,SNUG,Z IN,,,,X,OFF,CURLS,,GN,Y INSERT,ZN,ZN,GAP,BEAR,5 DOWN,,,COVER 3,,ALBI 04,ALBI 07,04,88,02; 18,0,11 (*),R,1,R,5.0,0.0,0,,,INSIDE ZONE,,,0,0,0,0,0,ALBI 04,ALBI 07,04,02; 18,88,BEAR,2x2,0,P,,0,COVER 3
175,"2025 UAB O vs Akron, PFF Play 114",114,3,2,10,'-23,2,,,7,2,0.0,P,R,11 (*),KING U OFF,,H IN,,,,,SLOT,,THROWN AWAY,GF,JET SWEEP,STR,SPR,,BEAR,5 DOWN,,BLITZ,COVER 3,,,ALBI 07,04,88,02; 18,0,11 (*),P,2,R,0.0,,0,0.0,,,,,0,0,0,0,0,,ALBI 07,04,02; 18,88,BEAR,1x3,0,R,,1,COVER 3
176,"2025 UAB O vs Akron, PFF Play 115",115,3,3,10,'-23,3,,,7,3,24.0,P,R,11,TRIPS,,,,,,,ON,,COMPLETE,GN,JET SWEEP,WK,DB,,OKIE,4 DOWN,,,COVER 2 MAN,2.0,ALBI 06,ALBI 07,03,88,00; 01; 06,0,11,P,3,R,,24.0,0,0.0,,,,,0,0,0,0,0,ALBI 06,ALBI 07,03,00; 01; 06,88,ODD,1x3,0,P,ALBI 06,0,COVER 2 MAN
177,"2025 UAB O vs Akron, PFF Play 116",116,3,1,10,'-47,P,,,7,4,1.0,R,L,11,DUO Y OFF,SNUG,Z MTR,,,,X,OFF,CURLS,,GN,Q CTR OT RD,STR,GAP,GAP,WIDE OVER,4 DOWN,,,COVER 4,,ALBI 03,ALBI 07,03,88,00; 01; 06,1,11,R,4,L,24.0,1.0,0,,,COUNTER,,,0,0,1,0,0,ALBI 03,ALBI 07,03,00; 01; 06,88,WIDE OVER,2x2,0,P,,0,COVER 4
178,"2025 UAB O vs Akron, PFF Play 117",117,3,2,9,'-48,2,,,7,5,6.0,P,L,11,DUO Y OFF,SNUG,Y MTR,,X,,X,OFF,,COMPLETE,GN,JET SWEEP,WK,DB,,BENCH,4 DOWN,,BLITZ,COVER 6,,ALBI 01,ALBI 07,03,88,00; 01; 06,0,11,P,5,L,1.0,6.0,0,0.0,,,,,0,0,0,0,0,ALBI 01,ALBI 07,03,00; 01; 06,88,WIDE UNDER,2x2,0,R,ALBI 01,1,COVER 6
179,"2025 UAB O vs Akron, PFF Play 118",118,3,3,3,'+46,3,SY,,7,6,0.0,P,R,12,TREY Y OFF,SNUG,X MTR,,X,,X,OFF,,INCOMPLETE,GN,JET SWEEP,STR,DB,,BEAR,5 DOWN,,,COVER 3,,ALBI 17,ALBI 07,11,17; 88,01; 08,0,12,P,6,R,6.0,,0,0.0,,,,,0,0,0,0,0,,ALBI 07,11,01; 08,17; 88,BEAR,1x3,0,P,ALBI 17,0,COVER 3
180,"2025 UAB O vs Akron, PFF Play 119",119,3,4,3,'+46,4,SY,,7,7,0.0,P,R,12,KING U OFF,,,,,,,SLOT,,INCOMPLETE,GN,JET SWEEP,WK,DB,,UNDER,5 DOWN,,,COVER 1,,ALBI 01,ALBI 07,11,17; 88,00; 01,0,12,P,7,R,,,0,0.0,,,,,0,0,0,0,0,,ALBI 07,11,00; 01,17; 88,UNDER,1x3,0,P,ALBI 01,0,COVER 1
181,"2025 UAB O vs Akron, PFF Play 125",125,3,1,10,'-31,P,,,8,1,3.0,R,R,12,ACE YU OFF,,,,,,X,OFF,CURLS,,,Q CTR OT RD,STR,GAP,GAP,BENCH,5 DOWN,STUNT,,COVER 4,,ALBI 04,ALBI 07,04,17; 88,00; 01,0,12,R,1,R,,3.0,0,,,COUNTER,,,0,0,0,0,0,ALBI 04,ALBI 07,04,00; 01,17; 88,WIDE UNDER,2x2,0,P,,0,COVER 4
182,"2025 UAB O vs Akron, PFF Play 126",126,3,2,7,'-34,2,,,8,2,-7.0,R,M,12,SLOT - WING,,,,,,,SLOT,CURLS,,PSTL,OUTSIDE ZN LD,STR,ZN,GAP,WIDE OVER,5 DOWN,,,COVER 4,,ALBI 07,ALBI 07,04,17; 88,00; 01,1,12,R,2,C,3.0,-7.0,0,,,OUTSIDE ZONE,,,0,0,1,0,0,ALBI 07,ALBI 07,04,00; 01,17; 88,WIDE OVER,2x2,0,R,,0,COVER 4
183,"2025 UAB O vs Akron, PFF Play 127",127,3,3,14,'-27,3,,,8,3,12.0,P,M,11,TRIPS - OPEN,Y AT 2,,,X,,X,OPEN,,COMPLETE,GF,JET SWEEP,STR,DB,,WIDE OVER,4 DOWN,,BLITZ,COVER 3,,ALBI 04,ALBI 07,04,17,00; 01; 06,0,11,P,3,C,-7.0,12.0,1,0.0,,,,,0,0,0,0,0,ALBI 04,ALBI 07,04,00; 01; 06,17,WIDE OVER,1x3,0,R,ALBI 04,1,COVER 3
184,"2025 UAB O vs Akron, PFF Play 138",138,3,1,10,'-29,P,,,9,1,15.0,R,L,21,DUO Y OFF,SNUG,T MTR,,,,X,OFF,CURLS,,GN,CTR OY,STR,GAP,GAP,WIDE OVER,4 DOWN,,,COVER 3,,ALBI 03,ALBI 07,03; 11,88,05; 18,0,21,R,1,L,12.0,15.0,0,,,COUNTER,,,0,0,0,0,0,ALBI 03,ALBI 07,03; 11,05; 18,88,WIDE OVER,2x2,0,P,,0,COVER 3
185,"2025 UAB O vs Akron, PFF Play 139",139,3,1,10,'-44,P,,,9,2,7.0,R,L,21,TREY Y OFF,SNUG,,,X,X,X,OFF,CURLS,,GN,Q SPL ZN,STR,ZN,GAP,WIDE OVER,4 DOWN,STUNT,,COVER 4,,ALBI 03,ALBI 07,03; 11,88,05; 18,1,21,R,2,L,15.0,7.0,0,,,INSIDE ZONE,,,0,0,1,0,0,ALBI 03,ALBI 07,03; 11,05; 18,88,WIDE OVER,3x1,0,R,,0,COVER 4
186,"2025 UAB O vs Akron, PFF Play 140",140,3,2,3,'+49,2,SY,,9,3,-4.0,P,M,12,SLOT - WING,,,,,,,SLOT,,SACK,GN,JET SWEEP,STR,DB,,JOKER,5 DOWN,STUNT,BLITZ,COVER 4,,ALBI 07,ALBI 07,04,17; 88,00; 01,0,12,P,3,C,7.0,-4.0,0,0.0,,,,,0,0,0,0,0,ALBI 07,ALBI 07,04,00; 01,17; 88,OVER,2x2,0,R,,1,COVER 4
187,"2025 UAB O vs Akron, PFF Play 141",141,3,3,7,'-47,3,,,9,4,0.0,P,R,12,SLOT - WING,,,,,,,SLOT,,INCOMPLETE,GF,JET SWEEP,STR,DB,,ONE INTERIOR,4 DOWN,,,COVER 3,,ALBI 11,ALBI 07,11,17; 88,00; 01,0,12,P,4,R,-4.0,,0,0.0,,,(D) ALBI 77 OH,,0,0,0,0,0,,ALBI 07,11,00; 01,17; 88,ONE INTERIOR,2x2,0,P,ALBI 11,0,COVER 3
188,"2025 UAB O vs Akron, PFF Play 157",157,4,1,10,'-18,P,,,10,1,7.0,R,L,21,DUO Y OFF,SNUG,,,,,X,OFF,,,GN,CTR OY,STR,GAP,GAP,BEAR,4 DOWN,,,COVER 3,,ALBI 04,ALBI 07,04; 11,17,05; 18,0,21,R,1,L,,7.0,0,,,COUNTER,,,0,0,0,0,0,ALBI 04,ALBI 07,04; 11,05; 18,17,BEAR,2x2,1,P,,0,COVER 3
189,"2025 UAB O vs Akron, PFF Play 158",158,4,2,3,'-25,2,SY,,10,2,2.0,R,L,21,DUO Y OFF,SNUG,T MTR,,,,X,OFF,,,GN,ZONE RD ARC,STR,ZN,GAP,UNDER,4 DOWN,,,COVER 4,,ALBI 04,ALBI 07,04; 11,17,05; 18,0,21,R,2,L,7.0,2.0,0,,,INSIDE ZONE,,,0,0,0,0,0,ALBI 04,ALBI 07,04; 11,05; 18,17,UNDER,2x2,1,R,,0,COVER 4
190,"2025 UAB O vs Akron, PFF Play 159",159,4,3,1,'-27,3,SY,,10,3,3.0,R,L,21,TREY Y OFF,SNUG,,,X,X,X,OFF,CURLS,,GN,Q SPL ZN,STR,ZN,GAP,WIDE OVER,4 DOWN,,,RED ZONE,,ALBI 04,ALBI 07,04; 11,17,05; 18,1,21,R,3,L,2.0,3.0,0,,,INSIDE ZONE,,,0,0,1,0,0,ALBI 04,ALBI 07,04; 11,05; 18,17,WIDE OVER,3x1,0,R,,0,RED ZONE
191,"2025 UAB O vs Akron, PFF Play 160",160,4,1,10,'-30,P,,,10,4,0.0,P,L,12,ACE YU OFF,,,,,,X,OFF,,INCOMPLETE,,,STR,PA,,BEAR,5 DOWN,,,COVER 4,,ALBI 00,ALBI 07,03,17; 88,00; 18,0,12,P,4,L,3.0,,0,0.0,,UNDEFINED,,,0,0,0,0,0,,ALBI 07,03,00; 18,17; 88,BEAR,2x2,0,R,ALBI 00,0,COVER 4
192,"2025 UAB O vs Akron, PFF Play 161",161,4,2,10,'-30,2,,,10,5,-9.0,P,L,12,ACE YU OFF,,,,,,X,OFF,,SACK,,OUTSIDE ZN LD,STR,PA,,BENCH,5 DOWN,,BLITZ,COVER 3,,ALBI 07,ALBI 07,03,17; 88,00; 01,0,12,P,5,L,,-9.0,0,0.0,,OUTSIDE ZONE,,,0,0,0,0,0,ALBI 07,ALBI 07,03,00; 01,17; 88,WIDE UNDER,2x2,0,P,,1,COVER 3
193,"2025 UAB O vs Akron, PFF Play 162",162,4,3,19,'-21,3,,,10,6,9.0,P,L,21,DUO Y OFF,SNUG,T MTR,,,,X,OFF,,COMPLETE,GN,REVERSE,STR,PA,,BENCH,4 DOWN,,,COVER 4,,ALBI 06,ALBI 07,03; 11,88,05; 06,0,21,P,6,L,-9.0,9.0,1,0.0,,TRICK,,,0,0,0,0,0,ALBI 06,ALBI 07,03; 11,05; 06,88,WIDE UNDER,2x2,0,P,ALBI 06,0,COVER 4
194,"2025 UAB O vs Akron, PFF Play 174",174,4,1,10,'-20,P,,,11,1,12.0,P,R,21,DUO Y OFF,SNUG,,,,,X,OFF,,COMPLETE,PSTL,Y INSERT,WK,PA,,WIDE OVER,4 DOWN,,,COVER 4,,ALBI 11,ALBI 07,03; 11,88,05; 18,0,21,P,1,R,9.0,12.0,1,0.0,,INSIDE ZONE,,,0,0,0,0,0,ALBI 11,ALBI 07,03; 11,05; 18,88,WIDE OVER,2x2,1,P,ALBI 11,0,COVER 4
195,"2025 UAB O vs Akron, PFF Play 175",175,4,1,10,'-32,P,,,11,2,8.0,R,L,20,TRIPS - OPEN,STK,TOZ,,X,,X,OPEN,,,GN,CTR OT RD,STR,GAP,GAP,BEAR,4 DOWN,,BLITZ,COVER 1,,ALBI 03,ALBI 07,03; 11,,02; 05; 18,0,20,R,2,L,12.0,8.0,0,,,COUNTER,,,0,0,0,0,0,ALBI 03,ALBI 07,03; 11,02; 05; 18,,BEAR,3x1,1,P,,1,COVER 1
196,"2025 UAB O vs Akron, PFF Play 176",176,4,2,2,'-40,2,SY,,11,3,4.0,R,L,12,TREY Y OFF,SNUG,,,X,X,X,OFF,CURLS,,GN,SPL ZN SS,ZN,ZN,GAP,BEAR,5 DOWN,,,COVER 3,,ALBI 04,ALBI 07,04,17; 88,08; 18,0,12,R,3,L,8.0,4.0,0,,,INSIDE ZONE,,,0,0,0,0,0,ALBI 04,ALBI 07,04,08; 18,17; 88,BEAR,1x3,0,R,,0,COVER 3
197,"2025 UAB O vs Akron, PFF Play 177",177,4,1,10,'-44,P,,,11,4,4.0,R,L,12,KING U OFF,,H IN,,,,,SLOT,CURLS,,GN,Q SPL ZN,STR,ZN,GAP,JOKER,5 DOWN,,,COVER 4,,ALBI 04,ALBI 07,04,17; 88,08; 18,0,12,R,4,L,4.0,4.0,0,,,INSIDE ZONE,,,0,0,0,0,0,ALBI 04,ALBI 07,04,08; 18,17; 88,OVER,1x3,0,R,,0,COVER 4
198,"2025 UAB O vs Akron, PFF Play 178",178,4,2,6,'-48,2,,,11,5,12.0,P,L,11,TRIPS,,,,,,,ON,,COMPLETE,GN,Y INSERT,STR,DB,,BEAR,5 DOWN,,BLITZ,COVER 0,,ALBI 00,ALBI 07,11,17,00; 01; 06,0,11,P,5,L,4.0,12.0,1,0.0,,INSIDE ZONE,,,0,0,0,0,0,ALBI 00,ALBI 07,11,00; 01; 06,17,BEAR,3x1,1,R,ALBI 00,1,COVER 0
199,"2025 UAB O vs Akron, PFF Play 179",179,4,1,10,'+40,P,,,11,6,0.0,R,R,11,TRIPS,,,,,,,ON,CURLS,,GN,Q SPL ZN,STR,ZN,GAP,BEAR,5 DOWN,,BLITZ,COVER 0,,ALBI 11,ALBI 07,11,17,00; 01; 06,0,11,R,6,R,12.0,0.0,0,,,INSIDE ZONE,,,0,0,0,0,0,ALBI 11,ALBI 07,11,00; 01; 06,17,BEAR,1x3,0,P,,1,COVER 0
200,"2025 UAB O vs Akron, PFF Play 180",180,4,2,10,'+40,2,,,11,7,-4.0,P,L,13,PRO - WING,,,,,,,,,COMPLETE,PSTL,Q SPL ZN,WK,PA,,BEAR,5 DOWN,,BLITZ,COVER 0,,ALBI 17,ALBI 07,03,17; 44; 88,18,0,13,P,7,L,0.0,-4.0,0,0.0,,INSIDE ZONE,,,0,0,0,0,0,ALBI 17,ALBI 07,03,18,17; 44; 88,BEAR,2x2,0,R,ALBI 17,1,COVER 0
201,"2025 UAB O vs Akron, PFF Play 181",181,4,3,14,'+44,3,,,11,8,0.0,P,R,12,SLOT - WING,,,,,,,SLOT,,INCOMPLETE,GF,JET SWEEP,STR,DB,,BEAR,5 DOWN,STUNT,BLITZ,COVER 4,,ALBI 00,ALBI 07,03,17; 88,00; 01,0,12,P,8,R,-4.0,,0,0.0,,,(D) ALBI 77 OH,,0,0,0,0,0,,ALBI 07,03,00; 01,17; 88,BEAR,2x2,0,P,ALBI 00,1,COVER 4
202,"2025 UAB O vs Akron, PFF Play 189",189,4,1,10,'+26,P,,,12,1,-1.0,R,M,22,CLOSED - CLOSED,,,,,,,,CURLS,,,,,ZN,GAP,BEAR,5 DOWN,,,,,ALBI 07,ALBI 07,03; 04,17; 88,18,0,22,R,1,C,,-1.0,0,,,UNDEFINED,,,0,0,0,0,0,ALBI 07,ALBI 07,03; 04,18,17; 88,BEAR,1x1,0,P,,0,
203,"2025 UAB O vs Akron, PFF Play 190",190,4,2,11,'+27,2,,,12,2,-1.0,R,M,22,CLOSED - CLOSED,,,,,,,,CURLS,,,,,ZN,GAP,BEAR,5 DOWN,,,,,ALBI 07,ALBI 07,03; 04,17; 88,18,0,22,R,2,C,-1.0,-1.0,0,,,UNDEFINED,,,0,0,0,0,0,ALBI 07,ALBI 07,03; 04,18,17; 88,BEAR,1x1,0,R,,0,
204,"2025 UAB O vs Tennessee, PFF Play 011",11,1,1,10,'-25,P,,,1,1,2.0,R,L,11,TREY Y OFF,SNUG,H IN,,X,X,X,OFF,CURLS,,GN,Q CTR OY RD,WK,GAP,GAP,WIDE OVER,4 DOWN,,,COVER 3,,ALBI 04,ALBI 07,04,17,06; 08; 18,0,11,R,1,L,,2.0,0,,,COUNTER,,,0,0,0,0,0,ALBI 04,ALBI 07,04,06; 08; 18,17,WIDE OVER,1x3,0,,,0,COVER 3
205,"2025 UAB O vs Tennessee, PFF Play 012",12,1,2,8,'-27,2,,,1,2,0.0,P,R,11,TREY Y OFF FIB,SNUG,H IN,,X,,X,OFF,,COMPLETE,PSTL,INSIDE ZN RD,WK,RPO,,BENCH,4 DOWN,,,COVER 4,,ALBI 17,ALBI 07,04,17,06; 08; 18,0,11,P,2,R,2.0,0.0,1,0.0,,MAN,,,0,0,0,0,0,ALBI 17,ALBI 07,04,06; 08; 18,17,WIDE UNDER,1x3,1,R,ALBI 17,0,COVER 4
206,"2025 UAB O vs Tennessee, PFF Play 013",13,1,3,8,'-27,3,,,1,3,0.0,P,R,11,TREY Y OFF,SNUG,,,X,,X,OFF,,INCOMPLETE,GF,JET SWEEP,STR,DB,,BENCH,4 DOWN,STUNT,,COVER 6,,ALBI 08,ALBI 07,04,17,06; 08; 18,0,11,P,3,R,0.0,,0,0.0,,,,,0,0,0,0,0,,ALBI 07,04,06; 08; 18,17,WIDE UNDER,3x1,0,P,ALBI 08,0,COVER 6
207,"2025 UAB O vs Tennessee, PFF Play 019",19,1,1,10,'-25,P,,,2,1,21.0,P,L,20,SLOT - OPEN,SNUG,T RELOAD,,X,,X,OFF,,COMPLETE,GF,Y INSERT,STR,PA,,UNDER,4 DOWN,,,COVER 4,,ALBI 02,ALBI 07,03; 04,,02; 05; 18,0,20,P,1,L,,21.0,0,0.0,,INSIDE ZONE,,,0,0,0,0,0,ALBI 02,ALBI 07,03; 04,02; 05; 18,,UNDER,2x1,1,P,ALBI 02,0,COVER 4
208,"2025 UAB O vs Tennessee, PFF Play 020",20,1,1,10,'-46,P,,,2,2,-4.0,P,L,20,OTHER,,,,,,,,,COMPLETE,GEMP,JET SWEEP,STR,DB,,ONE INTERIOR,4 DOWN,,BLITZ,COVER 4,,ALBI 11,ALBI 07,03; 11,,02; 05; 18,1,20,P,2,L,21.0,-4.0,1,0.0,,,,,0,0,1,0,0,ALBI 11,ALBI 07,03; 11,02; 05; 18,,ONE INTERIOR,4x2,0,P,ALBI 11,1,COVER 4
209,"2025 UAB O vs Tennessee, PFF Play 021",21,1,2,14,'-42,2,,,2,3,7.0,P,R,21,OTHER,,,,,,,,,COMPLETE,GEMP,JET SWEEP,STR,DB,,SPLIT,4 DOWN,,BLITZ,MISCELLANEOUS,,ALBI 06,ALBI 15,03; 11,17,05; 06,0,21,P,3,R,-4.0,7.0,0,0.0,,,,,1,0,0,0,0,ALBI 06,ALBI 15,03; 11,05; 06,17,NO INTERIOR,4x3,0,P,ALBI 06,1,MISCELLANEOUS
210,"2025 UAB O vs Tennessee, PFF Play 022",22,1,3,7,'-49,3,,,2,4,-4.0,P,L,12,ACE YU OFF,SNUG,Y MTR,,,,X,OFF,,SACK,PSTL,JET SWEEP,STR,DB,,UNDER,4 DOWN,,BLITZ,COVER 2,,ALBI 07,ALBI 07,04,17; 88,08; 18,0,12,P,4,L,7.0,-4.0,0,0.0,,,,,0,0,0,0,0,ALBI 07,ALBI 07,04,08; 18,17; 88,UNDER,2x2,0,P,,1,COVER 2
211,"2025 UAB O vs Tennessee, PFF Play 031",31,1,1,10,'-38,P,,,3,1,1.0,R,R,21,TREY Y OFF,SNUG,H IN,,X,,X,OFF,CURLS,,PSTL,Y INSERT,STR,ZN,GAP,WIDE OVER,4 DOWN,,,COVER 6,,ALBI 03,ALBI 07,03; 11,85,05; 18,0,21,R,1,R,-4.0,1.0,0,,,MAN,,,0,0,0,0,0,ALBI 03,ALBI 07,03; 11,05; 18,85,WIDE OVER,1x3,0,P,,0,COVER 6
212,"2025 UAB O vs Tennessee, PFF Play 032",32,1,2,9,'-39,2,,,3,2,0.0,P,R,20,SLOT - OPEN,SNUG,Z ORB,,X,,,OFF,,INCOMPLETE,GF,Y INSERT,STR,PA,,ODD,4 DOWN,,,COVER 3,,ALBI 02,ALBI 07,03; 11,,02; 05; 18,1,20,P,2,R,1.0,,0,0.0,,INSIDE ZONE,(D) ALBI 77 IDP,,0,0,1,0,0,,ALBI 07,03; 11,02; 05; 18,,ODD,1x2,1,R,ALBI 02,0,COVER 3
213,"2025 UAB O vs Tennessee, PFF Play 033",33,1,3,9,'-39,3,,,3,3,0.0,P,R,11,TREY Y OFF,SNUG,,,X,X,X,OFF,,INCOMPLETE,GN,JET SWEEP,STR,DB,,LOAD,4 DOWN,STUNT,,COVER 4,,ALBI 18,ALBI 07,04,88,06; 08; 18,0,11,P,3,R,,,0,0.0,,,,,0,0,0,0,0,,ALBI 07,04,06; 08; 18,88,LOAD,1x3,0,P,ALBI 18,0,COVER 4
214,"2025 UAB O vs Tennessee, PFF Play 042",42,1,1,10,'-8,P,,,4,1,7.0,P,L,20,TRIPS - OPEN,STK,,,X,,X,OPEN,,COMPLETE,GF,JET SWEEP,STR,DB,,ODD,4 DOWN,,,COVER 3,,ALBI 03,ALBI 07,03; 11,,02; 05; 18,0,20,P,1,L,,7.0,1,0.0,,,,,0,0,0,0,0,ALBI 03,ALBI 07,03; 11,02; 05; 18,,ODD,3x1,0,P,ALBI 03,0,COVER 3
215,"2025 UAB O vs Tennessee, PFF Play 043",43,1,2,3,'-15,2,SY,,4,2,1.0,R,L,11,DUO Y OFF,SNUG,Z IN,,X,,X,OFF,,,GF,Y INSERT,STR,ZN,GAP,OVER,4 DOWN,,,COVER 3,,ALBI 04,ALBI 07,04,88,00; 06; 18,1,11,R,2,L,7.0,1.0,0,,,INSIDE ZONE,,,0,0,1,0,0,ALBI 04,ALBI 07,04,00; 06; 18,88,OVER,2x2,1,P,,0,COVER 3
216,"2025 UAB O vs Tennessee, PFF Play 044",44,1,3,2,'-16,3,SY,,4,3,4.0,P,L,11,TREY Y OFF,SNUG,,,X,X,X,OFF,,COMPLETE,GF,Q CTR OT RD,STR,RPO,,BENCH,4 DOWN,STUNT,,COVER 3,,ALBI 06,ALBI 07,11,88,06; 08; 18,0,11,P,3,L,1.0,4.0,1,0.0,,COUNTER,,,0,0,0,0,0,ALBI 06,ALBI 07,11,06; 08; 18,88,WIDE UNDER,3x1,0,R,ALBI 06,0,COVER 3
217,"2025 UAB O vs Tennessee, PFF Play 045",45,1,1,10,'-20,P,,,4,4,-5.0,X,L,11,TRIPS,,H IN,,,,,ON,CURLS,,GN,JET SWEEP,STR,,GAP,EVEN,4 DOWN,,,,,,ALBI 07,03,88,05; 06; 08,0,11,X,4,L,4.0,,0,,,,ALBI 05 FST,,0,0,0,0,0,,ALBI 07,03,05; 06; 08,88,EVEN,3x1,0,P,,0,
218,"2025 UAB O vs Tennessee, PFF Play 046",46,1,1,15,'-15,1,,,4,5,-5.0,X,L,11,TREY Y OFF,SNUG,,,X,X,X,OFF,CURLS,,GN,JET SWEEP,STR,,GAP,WIDE OVER,4 DOWN,,,,,,ALBI 07,03,85,00; 06; 18,0,11,X,5,L,,,0,,,,ALBI 77 FST,,0,0,0,0,0,,ALBI 07,03,00; 06; 18,85,WIDE OVER,3x1,0,X,,0,
219,"2025 UAB O vs Tennessee, PFF Play 047",47,1,1,20,'-10,1,,,4,6,4.0,P,L,11,TREY Y OFF,SNUG,,,X,X,X,OFF,,COMPLETE,GN,JET SWEEP,STR,NKD,,BENCH,4 DOWN,,,COVER 3,,ALBI 03,ALBI 07,03,85,00; 06; 18,0,11,P,6,L,,4.0,0,0.0,,,,,0,0,0,0,0,ALBI 03,ALBI 07,03,00; 06; 18,85,WIDE UNDER,3x1,0,X,ALBI 03,0,COVER 3
220,"2025 UAB O vs Tennessee, PFF Play 048",48,1,2,16,'-14,2,,,4,7,5.0,P,L,11,TRIPS - SLOT,,,,X,,X,OPEN,,COMPLETE,GEMP,JET SWEEP,STR,DB,,BENCH,4 DOWN,STUNT,,COVER 6,,ALBI 06,ALBI 07,11,85,06; 08; 18,0,11,P,7,L,4.0,5.0,1,0.0,,,,,0,0,0,0,0,ALBI 06,ALBI 07,11,06; 08; 18,85,WIDE UNDER,3x2,0,P,ALBI 06,0,COVER 6
221,"2025 UAB O vs Tennessee, PFF Play 049",49,2,3,11,'-19,3,,,4,8,8.0,P,M,11,TRIPS - OPEN,Y FLEX/STK,,,X,,X,OFF,,COMPLETE,GN,JET SWEEP,STR,DB,,WIDE OVER,4 DOWN,STUNT,,COVER 4,,ALBI 04,ALBI 07,04,85,06; 08; 18,0,11,P,8,C,5.0,8.0,1,0.0,,,,,0,0,0,0,0,ALBI 04,ALBI 07,04,06; 08; 18,85,WIDE OVER,1x3,0,P,ALBI 04,0,COVER 4
222,"2025 UAB O vs Tennessee, PFF Play 063",63,2,1,10,'-25,P,,,5,1,4.0,R,R,11,DOUBLES,STK,,,X,,X,OPEN,,,GF,Y INSERT,STR,ZN,GAP,BENCH,4 DOWN,,,COVER 4,,ALBI 11,ALBI 07,11,88,06; 08; 18,0,11,R,1,R,8.0,4.0,0,,,INSIDE ZONE,,,0,0,0,0,0,ALBI 11,ALBI 07,11,06; 08; 18,88,WIDE UNDER,2x2,1,P,,0,COVER 4
223,"2025 UAB O vs Tennessee, PFF Play 064",64,2,2,6,'-29,2,,,5,2,9.0,P,L,11,TRIPS - SLOT,,,,X,,X,OPEN,,COMPLETE,GEMP,JET SWEEP,STR,DB,,ODD,4 DOWN,,,COVER 4,,ALBI 18,ALBI 07,11,88,06; 08; 18,1,11,P,2,L,4.0,9.0,0,0.0,,,,,0,0,1,0,0,ALBI 18,ALBI 07,11,06; 08; 18,88,ODD,3x2,0,R,ALBI 18,0,COVER 4
224,"2025 UAB O vs Tennessee, PFF Play 065",65,2,1,10,'-38,P,,,5,3,0.0,P,R,11,TRIPS - SLOT,,,,X,,X,OPEN,,INCOMPLETE,GEMP,JET SWEEP,STR,DB,,BENCH,4 DOWN,,,COVER 2,,ALBI 08,ALBI 07,11,88,06; 08; 18,0,11,P,3,R,9.0,,1,0.0,,,,,0,0,0,0,0,,ALBI 07,11,06; 08; 18,88,WIDE UNDER,3x2,0,P,ALBI 08,0,COVER 2
225,"2025 UAB O vs Tennessee, PFF Play 066",66,2,2,10,'-38,2,,,5,4,-5.0,X,R,11,TRIPS - OPEN,Y AT 2,,,X,,X,OPEN,CURLS,,GF,JET SWEEP,STR,,GAP,WIDE OVER,4 DOWN,,,,,,ALBI 07,11,88,06; 08; 18,0,11,X,4,R,,,0,,,,ALBI 70 FST,,0,0,0,0,0,,ALBI 07,11,06; 08; 18,88,WIDE OVER,1x3,0,P,,0,
226,"2025 UAB O vs Tennessee, PFF Play 067",67,2,2,15,'-33,2,,,5,5,0.0,P,R,11,DOUBLES,STK,,,X,,X,OPEN,,INCOMPLETE,GF,JET SWEEP,STR,DB,,ODD,4 DOWN,,,COVER 4,,ALBI 08,ALBI 07,11,88,06; 08; 18,0,11,P,5,R,,,0,0.0,,,,,0,0,0,0,0,,ALBI 07,11,06; 08; 18,88,ODD,2x2,0,X,ALBI 08,0,COVER 4
227,"2025 UAB O vs Tennessee, PFF Play 068",68,2,3,15,'-33,3,,,5,6,22.0,P,R,11,TREY Y OFF,SNUG,,,X,X,X,OFF,,COMPLETE,GF,JET SWEEP,STR,DB,,WIDE OVER,4 DOWN,STUNT,,COVER 4,,ALBI 00,ALBI 07,03,88,00; 06; 18,0,11,P,6,R,,22.0,0,0.0,,,,,0,0,0,0,0,ALBI 00,ALBI 07,03,00; 06; 18,88,WIDE OVER,1x3,0,P,ALBI 00,0,COVER 4
228,"2025 UAB O vs Tennessee, PFF Play 069",69,2,1,10,'+45,P,,,5,7,8.0,P,L,11,TRIPS - OPEN,Y AT 3,,,X,,X,OPEN,,COMPLETE,GF,JET SWEEP,STR,DB,,BENCH,4 DOWN,,,COVER 4,,ALBI 88,ALBI 07,03,88,00; 06; 18,1,11,P,7,L,22.0,8.0,0,0.0,,,,,0,0,1,0,0,ALBI 88,ALBI 07,03,00; 06; 18,88,WIDE UNDER,3x1,0,P,ALBI 88,0,COVER 4
229,"2025 UAB O vs Tennessee, PFF Play 070",70,2,2,2,'+37,2,SY,,5,8,7.0,P,R,12,KING U OFF,,,,,,,SLOT,,COMPLETE,GN,JET SWEEP,WK,DB,,BENCH,4 DOWN,,,COVER 3,,ALBI 08,ALBI 07,04,17; 88,08; 18,0,12,P,8,R,8.0,7.0,0,0.0,,,,,0,0,0,0,0,ALBI 08,ALBI 07,04,08; 18,17; 88,WIDE UNDER,1x3,0,P,ALBI 08,0,COVER 3
230,"2025 UAB O vs Tennessee, PFF Play 071",71,2,1,10,'+30,P,,,5,9,0.0,P,L,11,DOUBLES,STK,,,X,,X,OPEN,,INCOMPLETE,GN,JET SWEEP,WK,DB,,OVER,4 DOWN,,BLITZ,COVER 1,,ALBI 04,ALBI 07,04,17,06; 08; 18,0,11,P,9,L,7.0,,0,0.0,,,,,0,0,0,0,0,,ALBI 07,04,06; 08; 18,17,OVER,2x2,0,P,ALBI 04,1,COVER 1
231,"2025 UAB O vs Tennessee, PFF Play 072",72,2,2,10,'+30,2,,,5,10,0.0,P,L,11,TRIPS - OPEN,Y AT 3,,,X,,X,OPEN,,INCOMPLETE,GF,JET SWEEP,STR,DB,,ODD,4 DOWN,,BLITZ,COVER 1,,ALBI 18,ALBI 07,04,17,06; 08; 18,0,11,P,10,L,,,0,0.0,,,,,0,0,0,0,0,,ALBI 07,04,06; 08; 18,17,ODD,3x1,0,P,ALBI 18,1,COVER 1
232,"2025 UAB O vs Tennessee, PFF Play 073",73,2,3,10,'+30,3,,,5,11,30.0,P,L,12,OTHER,,,,,,,,,COMPLETE,GEMP,JET SWEEP,STR,DB,,DBL PLUG,5 DOWN,,BLITZ,COVER 0,,ALBI 06,ALBI 07,03,17; 85,06; 18,0,12,P,11,L,,30.0,0,0.0,,,,ALBI 06,1,0,0,0,0,ALBI 06,ALBI 07,03,06; 18,17; 85,DOUBLE PLUG,2x5,0,P,ALBI 06,1,COVER 0
233,"2025 UAB O vs Tennessee, PFF Play 093",93,2,1,10,'-25,P,,,6,1,-1.0,P,L,12,OTHER,,,,,,,,,COMPLETE,GEMP,JET SWEEP,STR,DB,,WIDE OVER,4 DOWN,,BLITZ,COVER 4,,ALBI 06,ALBI 07,03,17; 88,06; 18,0,12,P,1,L,30.0,-1.0,1,0.0,,,,,0,0,0,0,0,ALBI 06,ALBI 07,03,06; 18,17; 88,WIDE OVER,2x5,0,P,ALBI 06,1,COVER 4
234,"2025 UAB O vs Tennessee, PFF Play 094",94,2,2,11,'-24,2,,,6,2,8.0,P,R,12,OTHER,,Y FR,,,,,,,RUN,GEMP,JET SWEEP,STR,DB,,DBL PLUG,4 DOWN,,BLITZ,COVER 4,,ALBI 16,ALBI 16,03,17; 88,06; 18,0,12,P,2,R,-1.0,8.0,1,0.0,,,,,1,1,0,0,0,ALBI 16,ALBI 16,03,06; 18,17; 88,DOUBLE PLUG,4x3,0,P,,1,COVER 4
235,"2025 UAB O vs Tennessee, PFF Play 095",95,2,3,3,'-32,3,SY,,6,3,0.0,P,L,12,OTHER,,,,,,,,,INCOMPLETE,GEMP,JET SWEEP,STR,DB,,WIDE OVER,4 DOWN,,BLITZ,COVER 4,,ALBI 18,ALBI 07,03,17; 88,06; 18,0,12,P,3,L,8.0,,0,0.0,,,,,0,0,0,0,0,,ALBI 07,03,06; 18,17; 88,WIDE OVER,3x4,0,P,ALBI 18,1,COVER 4
236,"2025 UAB O vs Tennessee, PFF Play 096",96,2,4,3,'-32,4,SY,,6,4,1.0,P,L,21,TREY Y OFF,SNUG,,,X,X,X,OFF,,RUN,GF,REVERSE,STR,PA,,EVEN,4 DOWN,,BLITZ,COVER 3,,ALBI 07,ALBI 07,03; 11,17,02; 05,0,21,P,4,L,,1.0,0,0.0,,TRICK,,,0,0,0,0,0,ALBI 07,ALBI 07,03; 11,02; 05,17,EVEN,3x1,0,P,,1,COVER 3
237,"2025 UAB O vs Tennessee, PFF Play 104",104,2,1,10,'-25,P,,,7,1,6.0,P,R,11,TRIPS - OPEN,Y AT 2,,,X,,X,OPEN,,COMPLETE,GF,JET SWEEP,STR,DB,,ODD,4 DOWN,,,COVER 2,,ALBI 06,ALBI 07,04,88,06; 08; 18,0,11,P,1,R,1.0,6.0,0,0.0,,,,,0,0,0,2,0,ALBI 06,ALBI 07,04,06; 08; 18,88,ODD,1x3,0,P,ALBI 06,0,COVER 2
238,"2025 UAB O vs Tennessee, PFF Play 105",105,2,2,4,'-31,2,,,7,2,14.0,P,M,11,TRIPS - SLOT,,,,X,,X,OPEN,,COMPLETE,GEMP,JET SWEEP,STR,DB,,ODD,4 DOWN,STUNT,,COVER 3,,ALBI 18,ALBI 07,04,88,06; 08; 18,1,11,P,2,C,6.0,14.0,0,0.0,,,,,0,0,1,2,0,ALBI 18,ALBI 07,04,06; 08; 18,88,ODD,3x2,0,P,ALBI 18,0,COVER 3
239,"2025 UAB O vs Tennessee, PFF Play 106",106,2,1,10,'-45,P,,,7,3,-10.0,P,R,10,TRIPS - OPEN,STK,,,X,,X,OPEN,,SACK,GN,JET SWEEP,STR,DB,,ODD,4 DOWN,,BLITZ,COVER 3,,ALBI 07,ALBI 07,04,,02; 05; 06; 08,0,10,P,3,R,14.0,-10.0,0,0.0,,,,,0,0,0,2,0,ALBI 07,ALBI 07,04,02; 05; 06; 08,,ODD,3x1,0,P,,1,COVER 3
240,"2025 UAB O vs Tennessee, PFF Play 108",108,3,1,10,'-25,P,,,8,1,0.0,P,R,21,TRIPS - OPEN,STK,TOZ,,X,,X,OPEN,,INCOMPLETE,GN,JET SWEEP,STR,SPR,,ODD,4 DOWN,,BLITZ,COVER 4,,ALBI 11,ALBI 07,03; 11,17,05; 18,0,21,P,1,R,-10.0,,1,0.0,,,,,0,0,0,0,0,,ALBI 07,03; 11,05; 18,17,ODD,3x1,0,P,ALBI 11,1,COVER 4
241,"2025 UAB O vs Tennessee, PFF Play 109",109,3,2,10,'-25,2,,,8,2,8.0,P,R,11,TRIPS - OPEN,Y AT 2,,,X,,X,OPEN,,COMPLETE,GF,JET SWEEP,STR,DB,,ODD,4 DOWN,,,COVER 3,,ALBI 04,ALBI 07,04,17,00; 06; 18,0,11,P,2,R,,8.0,0,0.0,,,,,0,0,0,0,0,ALBI 04,ALBI 07,04,00; 06; 18,17,ODD,1x3,0,P,ALBI 04,0,COVER 3
242,"2025 UAB O vs Tennessee, PFF Play 110",110,3,3,2,'-33,3,SY,,8,3,-2.0,R,L,11,TREY Y OFF,SNUG,H IN,,X,,X,OFF,,,GN,Y INSERT,STR,ZN,GAP,BENCH,4 DOWN,,,COVER 6,,ALBI 04,ALBI 07,04,17,00; 06; 18,0,11,R,3,L,8.0,-2.0,0,,,INSIDE ZONE,,,0,0,0,0,0,ALBI 04,ALBI 07,04,00; 06; 18,17,WIDE UNDER,3x1,1,P,,0,COVER 6
243,"2025 UAB O vs Tennessee, PFF Play 112",112,3,1,10,'+31,P,,,9,1,3.0,R,R,11,DOUBLES,STK,,,X,,X,OPEN,,,GF,Y INSERT,STR,ZN,GAP,ODD,4 DOWN,,,COVER 2,,ALBI 04,ALBI 07,04,85,00; 06; 18,0,11,R,1,R,-2.0,3.0,0,,,INSIDE ZONE,,,0,0,0,0,0,ALBI 04,ALBI 07,04,00; 06; 18,85,ODD,2x2,1,R,,0,COVER 2
244,"2025 UAB O vs Tennessee, PFF Play 113",113,3,2,7,'+28,2,,,9,2,1.0,P,R,21,PRO - OPEN,SNUG,,,,,X,OFF,,COMPLETE,GS,CTR OY,STR,PA,,ODD,4 DOWN,,,COVER 6,,ALBI 04,ALBI 07,04; 11,85,05; 18,1,21,P,2,R,3.0,1.0,0,0.0,,COUNTER,,,0,0,1,0,0,ALBI 04,ALBI 07,04; 11,05; 18,85,ODD,2x1,1,R,ALBI 04,0,COVER 6
245,"2025 UAB O vs Tennessee, PFF Play 114",114,3,3,6,'+27,3,,,9,3,0.0,P,L,12,ACE YU OFF,,,,,,X,OFF,,INCOMPLETE,GF,JET SWEEP,STR,DB,,OVER,4 DOWN,,,COVER 6,,ALBI 18,ALBI 07,03,85; 88,08; 18,0,12,P,3,L,1.0,,0,0.0,,,,,0,0,0,0,0,,ALBI 07,03,08; 18,85; 88,OVER,2x2,0,P,ALBI 18,0,COVER 6
246,"2025 UAB O vs Tennessee, PFF Play 124",124,3,1,10,'-40,P,,,10,1,-1.0,P,R,20,TRIPS - OPEN,STK,TOZ,,X,,X,OPEN,,COMPLETE,GN,OUTSIDE ZN LD,STR,PA,,ODD,4 DOWN,,BLITZ,COVER 6,,ALBI 05,ALBI 07,03; 04,,02; 05; 18,0,20,P,1,R,,-1.0,1,0.0,,OUTSIDE ZONE,,,0,0,0,0,0,ALBI 05,ALBI 07,03; 04,02; 05; 18,,ODD,1x3,0,P,ALBI 05,1,COVER 6
247,"2025 UAB O vs Tennessee, PFF Play 125",125,3,2,11,'-39,2,,,10,2,0.0,P,M,11,EMPTY 3x2,,,,X,,X,OPEN,,INCOMPLETE,GEMP,JET SWEEP,STR,DB,,EVEN,4 DOWN,STUNT,,COVER 3,,ALBI 11,ALBI 07,11,88,02; 05; 08,0,11,P,2,C,-1.0,,0,0.0,,,,,0,0,0,0,0,,ALBI 07,11,02; 05; 08,88,EVEN,2x3,0,P,ALBI 11,0,COVER 3
248,"2025 UAB O vs Tennessee, PFF Play 126",126,3,3,11,'-39,3,,,10,3,10.0,P,M,11,TREY Y OFF,SNUG,,,X,X,X,OFF,,COMPLETE,GF,JET SWEEP,STR,DB,,EVEN,4 DOWN,STUNT,,COVER 6,,ALBI 08,ALBI 07,03,88,02; 05; 08,0,11,P,3,C,,10.0,0,0.0,,,,,0,0,0,0,0,ALBI 08,ALBI 07,03,02; 05; 08,88,EVEN,3x1,0,P,ALBI 08,0,COVER 6
249,"2025 UAB O vs Tennessee, PFF Play 127",127,3,4,1,'-49,4,SY,,10,4,2.0,R,M,11 (*),TREY U HIP,,Z ORB,,,,,WING PRO,CURLS,,,Y INSERT,STR,ZN,GAP,BENCH,5 DOWN,,BLITZ,COVER 3,,ALBI 03,ALBI 07,03,88,05; 06,0,11 (*),R,4,C,10.0,2.0,0,,,MAN,,,0,0,0,0,0,ALBI 03,ALBI 07,03,05; 06,88,WIDE UNDER,3x1,0,P,,1,COVER 3
250,"2025 UAB O vs Tennessee, PFF Play 128",128,3,1,10,'+49,P,,,10,5,1.0,P,R,11,DOUBLES,STK,,,X,,X,OPEN,,COMPLETE,GN,JET SWEEP,STR,DB,,EVEN,4 DOWN,,,COVER 3,,ALBI 04,ALBI 07,04,88,02; 05; 08,0,11,P,5,R,2.0,1.0,0,0.0,,,,,0,0,0,0,0,ALBI 04,ALBI 07,04,02; 05; 08,88,EVEN,2x2,0,R,ALBI 04,0,COVER 3
251,"2025 UAB O vs Tennessee, PFF Play 129",129,3,2,9,'+48,2,,,10,6,13.0,P,L,11,TRIPS - SLOT,,,,X,,X,OPEN,,COMPLETE,GEMP,JET SWEEP,STR,DB,,WIDE OVER,4 DOWN,STUNT,,COVER 4,,ALBI 11,ALBI 07,11,88,02; 05; 08,0,11,P,6,L,1.0,13.0,0,0.0,,,,,0,0,0,0,0,ALBI 11,ALBI 07,11,02; 05; 08,88,WIDE OVER,3x2,0,P,ALBI 11,0,COVER 4
252,"2025 UAB O vs Tennessee, PFF Play 130",130,3,1,10,'+35,P,,,10,7,0.0,P,R,11,EMPTY 3x2,,,,X,,X,OPEN,,INTERCEPTION,GEMP,JET SWEEP,STR,DB,,ODD,4 DOWN,,BLITZ,COVER 1,,ALBI 88,ALBI 07,11,88,02; 05; 08,0,11,P,7,R,13.0,,0,0.0,,,,,0,0,0,0,0,,ALBI 07,11,02; 05; 08,88,ODD,2x3,0,P,ALBI 88,1,COVER 1
253,"2025 UAB O vs Tennessee, PFF Play 136",136,3,1,10,'-9,P,,,11,1,8.0,R,R,12,OTHER,,,,,,,,,,GEMP,Y INSERT,STR,ZN,GAP,DBL PLUG,4 DOWN,,BLITZ,COVER 0,,ALBI 16,ALBI 16,03,17; 85,06; 18,0,12,R,1,R,,8.0,0,,,INSIDE ZONE,,,1,1,0,0,0,ALBI 16,ALBI 16,03,06; 18,17; 85,DOUBLE PLUG,5x2,1,P,,1,COVER 0
254,"2025 UAB O vs Tennessee, PFF Play 137",137,3,2,2,'-17,2,SY,,11,2,6.0,P,L,20 (*),PRO - OPEN,SNUG,,,,,X,OFF,,COMPLETE,,Q SPL ZN,STR,PA,,UNDER,4 DOWN,,BLITZ,COVER 6,,ALBI 04,ALBI 07,03; 04,,05; 18,0,20 (*),P,2,L,8.0,6.0,0,0.0,,INSIDE ZONE,,,0,0,0,0,0,ALBI 04,ALBI 07,03; 04,05; 18,,UNDER,2x1,0,R,ALBI 04,1,COVER 6
255,"2025 UAB O vs Tennessee, PFF Play 138",138,3,1,10,'-23,P,,,11,3,-6.0,P,L,21,TREY Y OFF,SNUG,,,X,X,X,OFF,,SACK,PSTL,Y INSERT,,SCR,,UNDER,4 DOWN,,BLITZ,COVER 3,,ALBI 07,ALBI 07,03; 11,17,05; 18,0,21,P,3,L,6.0,-6.0,0,0.0,,MAN,,,0,0,0,0,0,ALBI 07,ALBI 07,03; 11,05; 18,17,UNDER,2x2,0,P,,1,COVER 3
256,"2025 UAB O vs Tennessee, PFF Play 139",139,3,2,16,'-17,2,,,11,4,-5.0,X,L,11,TRIPS - SLOT,,,,X,,X,OPEN,CURLS,,GEMP,JET SWEEP,STR,,GAP,ODD,4 DOWN,,,,,,ALBI 07,11,17,00; 06; 18,0,11,X,4,L,-6.0,,0,,,,ALBI 07 DOG,,0,0,0,0,0,,ALBI 07,11,00; 06; 18,17,ODD,3x2,0,P,,0,
257,"2025 UAB O vs Tennessee, PFF Play 140",140,3,2,21,'-12,2,,,11,5,8.0,P,L,11,TRIPS - OPEN,Y AT 3,,,X,,X,OPEN,,COMPLETE,GF,JET SWEEP,STR,DB,,UNDER,4 DOWN,,,COVER 4,,ALBI 17,ALBI 07,11,17,00; 06; 18,0,11,P,5,L,,8.0,0,0.0,,,,TNUN D10,0,0,0,0,0,ALBI 17,ALBI 07,11,00; 06; 18,17,UNDER,3x1,0,X,ALBI 17,0,COVER 4
258,"2025 UAB O vs Tennessee, PFF Play 143",143,3,1,10,'-25,P,,,12,1,-1.0,R,L,11,TREY Y OFF,ENDOVER,,,X,X,,OFF,,,GF,CTR OY,WK,GAP,GAP,ODD,4 DOWN,,BLITZ,COVER 3,,ALBI 16,ALBI 16,03,85,05; 08; 18,0,11,R,1,L,8.0,-1.0,0,,,COUNTER,,,0,0,0,0,0,ALBI 16,ALBI 16,03,05; 08; 18,85,ODD,0x4,1,P,,1,COVER 3
259,"2025 UAB O vs Tennessee, PFF Play 144",144,3,2,11,'-24,2,,,12,2,15.0,P,L,11,OTHER,,,,,,,,,COMPLETE,GEMP,JET SWEEP,STR,DB,,EVEN,4 DOWN,,BLITZ,COVER 0,,ALBI 05,ALBI 07,03,85,05; 08; 18,0,11,P,2,L,-1.0,15.0,0,0.0,,,,,1,0,0,0,0,ALBI 05,ALBI 07,03,05; 08; 18,85,EVEN,3x4,0,R,ALBI 05,1,COVER 0
260,"2025 UAB O vs Tennessee, PFF Play 145",145,3,1,10,'-39,P,,,12,3,61.0,P,R,11,OTHER,,,,,,,,,COMPLETE,GEMP,JET SWEEP,STR,DB,,WIDE OVER,4 DOWN,,BLITZ,COVER 3,,ALBI 05,ALBI 07,03,85,05; 08; 18,1,11,P,3,R,15.0,61.0,0,0.0,,,,ALBI 05,1,0,1,0,0,ALBI 05,ALBI 07,03,05; 08; 18,85,WIDE OVER,4x3,0,P,ALBI 05,1,COVER 3
261,"2025 UAB O vs Tennessee, PFF Play 159",159,4,1,10,'-22,P,,,13,1,26.0,P,R,21,PRO - OPEN,SNUG,,,,,X,OFF,,COMPLETE,GS,Q POWER G LD,STR,PA,,WIDE OVER,4 DOWN,,,COVER 3,,ALBI 11,ALBI 07,04; 11,85,05; 18,0,21,P,1,R,61.0,26.0,0,0.0,,PULL LEAD,,,0,0,0,0,0,ALBI 11,ALBI 07,04; 11,05; 18,85,WIDE OVER,2x1,1,P,ALBI 11,0,COVER 3
262,"2025 UAB O vs Tennessee, PFF Play 160",160,4,1,10,'-48,P,,,13,2,0.0,P,L,21,PRO - OPEN,SNUG,,,,,X,OFF,,INCOMPLETE,GS,Y INSERT,STR,PA,,ODD,4 DOWN,,,COVER 2,,ALBI 85,ALBI 07,04; 11,85,05; 18,0,21,P,2,L,26.0,,0,0.0,,INSIDE ZONE,,,0,0,0,0,0,,ALBI 07,04; 11,05; 18,85,ODD,1x2,1,P,ALBI 85,0,COVER 2
263,"2025 UAB O vs Tennessee, PFF Play 161",161,4,2,10,'-48,2,,,13,3,5.0,R,L,21,OTHER,,,,,,,,CURLS,,GEMP,REVERSE,WK,TRICK,GAP,SPLIT,4 DOWN,,,COVER 4,,ALBI 15,ALBI 15,03; 11,17,05; 06,0,21,R,3,L,,5.0,0,,,TRICK,ALBI 05 ILF,,1,0,0,0,0,ALBI 15,ALBI 15,03; 11,05; 06,17,NO INTERIOR,3x4,0,P,,0,COVER 4
264,"2025 UAB O vs Tennessee, PFF Play 162",162,4,2,15,'-43,2,,,13,4,0.0,P,L,11,TRIPS - SLOT,,,,X,,X,OPEN,,COMPLETE,GEMP,JET SWEEP,STR,DB,,BENCH,4 DOWN,STUNT,,COVER 3,,ALBI 00,ALBI 07,11,17,00; 02; 06,0,11,P,4,L,5.0,0.0,0,0.0,,,,,0,0,0,0,0,ALBI 00,ALBI 07,11,00; 02; 06,17,WIDE UNDER,3x2,0,R,ALBI 00,0,COVER 3
265,"2025 UAB O vs Tennessee, PFF Play 163",163,4,3,15,'-43,3,,,13,5,6.0,P,R,11,EMPTY 3x2,,,,X,,X,OPEN,,COMPLETE,GEMP,JET SWEEP,STR,DB,,WIDE OVER,4 DOWN,STUNT,,COVER 3 CLOUD,,ALBI 00,ALBI 07,11,17,00; 02; 06,0,11,P,5,R,0.0,6.0,0,0.0,,,,,0,0,0,0,1,ALBI 00,ALBI 07,11,00; 02; 06,17,WIDE OVER,2x3,0,P,ALBI 00,0,COVER 3 CLOUD
266,"2025 UAB O vs Tennessee, PFF Play 171",171,4,1,10,'-18,P,,,14,1,12.0,P,R,11,DOUBLES,STK,,,,,,OPEN,,COMPLETE,GN,JET SWEEP,STR,DB,,WIDE OVER,4 DOWN,,,COVER 4,,ALBI 06,ALBI 07,03,88,00; 06; 18,0,11,P,1,R,6.0,12.0,0,0.0,,,,,0,0,0,0,1,ALBI 06,ALBI 07,03,00; 06; 18,88,WIDE OVER,2x2,0,P,ALBI 06,0,COVER 4
267,"2025 UAB O vs Tennessee, PFF Play 172",172,4,1,10,'-30,P,,,14,2,5.0,R,L,11,DUO Y OFF,SNUG,Z MTR,,X,X,X,OFF,CURLS,,PSTL,Y INSERT,STR,ZN,GAP,ODD,4 DOWN,,,COVER 6,,ALBI 03,ALBI 07,03,88,00; 06; 18,1,11,R,2,L,12.0,5.0,0,,,INSIDE ZONE,,,0,0,1,0,1,ALBI 03,ALBI 07,03,00; 06; 18,88,ODD,2x2,0,P,,0,COVER 6
268,"2025 UAB O vs Tennessee, PFF Play 173",173,4,2,5,'-35,2,,,14,3,4.0,R,M,11,DOUBLES,STK,,,X,,X,OPEN,,,GF,INSIDE ZN,STR,ZN,GAP,WIDE OVER,4 DOWN,,,COVER 4,,ALBI 03,ALBI 07,03,88,00; 06; 18,0,11,R,3,C,5.0,4.0,0,,,INSIDE ZONE,,,0,0,0,0,1,ALBI 03,ALBI 07,03,00; 06; 18,88,WIDE OVER,2x2,1,R,,0,COVER 4
269,"2025 UAB O vs Tennessee, PFF Play 174",174,4,3,1,'-39,3,SY,,14,4,-1.0,R,R,11,TREY Y OFF,ENDOVER,H IN,,X,X,,OFF,CURLS,,GF,SPL ZN,STR,ZN,GAP,BENCH,4 DOWN,,,COVER 2,,ALBI 04,ALBI 07,04,88,00; 06; 18,0,11,R,4,R,4.0,-1.0,0,,,INSIDE ZONE,,,0,0,0,0,1,ALBI 04,ALBI 07,04,00; 06; 18,88,WIDE UNDER,4x0,0,R,,0,COVER 2
270,"2025 UAB O vs Tennessee, PFF Play 175",175,4,4,2,'-38,4,SY,,14,5,4.0,P,R,12,OTHER,,,,,,,,,COMPLETE,GEMP,JET SWEEP,STR,DB,,ONE INTERIOR,4 DOWN,,,COVER 4,,ALBI 03,ALBI 07,03,17; 88,06; 18,0,12,P,5,R,-1.0,4.0,1,0.0,,,,,1,0,0,0,1,ALBI 03,ALBI 07,03,06; 18,17; 88,ONE INTERIOR,5x2,0,R,ALBI 03,0,COVER 4
271,"2025 UAB O vs Tennessee, PFF Play 176",176,4,1,10,'-42,P,,,14,6,3.0,P,R,20,OTHER,,,,,,,,,COMPLETE,GEMP,JET SWEEP,STR,DB,,BENCH,4 DOWN,,,COVER 4,,ALBI 11,ALBI 07,03; 11,,02; 05; 18,0,20,P,6,R,4.0,3.0,1,0.0,,,,,1,0,0,0,1,ALBI 11,ALBI 07,03; 11,02; 05; 18,,WIDE UNDER,2x5,0,P,ALBI 11,0,COVER 4
272,"2025 UAB O vs Tennessee, PFF Play 177",177,4,2,7,'-45,2,,,14,7,7.0,P,L,11,DOUBLES,STK,,,,,,OPEN,,COMPLETE,GN,JET SWEEP,STR,DB,,ODD,4 DOWN,,BLITZ,COVER 6,,ALBI 00,ALBI 07,03,17,00; 06; 18,0,11,P,7,L,3.0,7.0,0,0.0,,,,,0,0,0,0,1,ALBI 00,ALBI 07,03,00; 06; 18,17,ODD,2x2,0,P,ALBI 00,1,COVER 6
273,"2025 UAB O vs Tennessee, PFF Play 178",178,4,1,10,'+48,P,,,14,8,5.0,P,L,11,TREY Y OFF,SNUG,,,X,X,X,OFF,,COMPLETE,GN,JET SWEEP,WK,NKD,,BENCH,4 DOWN,,BLITZ,COVER 3,,ALBI 03,ALBI 07,03,17,00; 06; 18,0,11,P,8,L,7.0,5.0,0,0.0,,,,,0,0,0,0,1,ALBI 03,ALBI 07,03,00; 06; 18,17,WIDE UNDER,3x1,0,P,ALBI 03,1,COVER 3
274,"2025 UAB O vs Tennessee, PFF Play 179",179,4,2,5,'+43,2,,,14,9,4.0,P,L,11,DOUBLES,STK,,,X,,X,OPEN,,COMPLETE,GN,JET SWEEP,WK,DB,,SOLID,5 DOWN,,,COVER 2,,ALBI 03,ALBI 07,03,17,00; 06; 18,0,11,P,9,L,5.0,4.0,0,0.0,,,,,0,0,0,0,1,ALBI 03,ALBI 07,03,00; 06; 18,17,ODD,2x2,0,P,ALBI 03,0,COVER 2
275,"2025 UAB O vs Tennessee, PFF Play 180",180,4,3,1,'+39,3,SY,,14,10,10.0,P,L,11,DUO Y OFF,SNUG,,,,,X,OFF,,COMPLETE,GN,JET SWEEP,STR,DB,,BENCH,5 DOWN,,,COVER 3,,ALBI 06,ALBI 07,03,17,00; 06; 18,1,11,P,10,L,4.0,10.0,0,0.0,,,,,0,0,1,0,1,ALBI 06,ALBI 07,03,00; 06; 18,17,WIDE UNDER,2x2,0,P,ALBI 06,0,COVER 3
276,"2025 UAB O vs Tennessee, PFF Play 181",181,4,1,10,'+29,P,,,14,11,3.0,P,R,11,DUO Y OFF,SNUG,,,,,X,OFF,,COMPLETE,GN,JET SWEEP,WK,DB,,BENCH,5 DOWN,,BLITZ,COVER 3,,ALBI 00,ALBI 07,03,17,00; 06; 18,0,11,P,11,R,10.0,3.0,0,0.0,,,,,0,0,0,0,1,ALBI 00,ALBI 07,03,00; 06; 18,17,WIDE UNDER,2x2,0,P,ALBI 00,1,COVER 3
277,"2025 UAB O vs Tennessee, PFF Play 182",182,4,2,7,'+26,2,,,14,12,6.0,R,R,11,TRIPS,STK,Z ORB,,,,X,ON,,,GF,Y INSERT,STR,ZN,GAP,BENCH,5 DOWN,,,COVER 3,,ALBI 03,ALBI 07,03,85,06; 08; 18,0,11,R,12,R,3.0,6.0,0,,,INSIDE ZONE,,,0,0,0,0,1,ALBI 03,ALBI 07,03,06; 08; 18,85,WIDE UNDER,1x3,1,P,,0,COVER 3
278,"2025 UAB O vs Tennessee, PFF Play 183",183,4,3,1,'+20,3,SY,RA,14,13,19.0,P,R,11,SLOT - OPEN,SNUG,Y MO,,X,,X,OFF,,COMPLETE,GF,Y INSERT,STR,PA,,UNDER,5 DOWN,,BLITZ,COVER 3,,ALBI 18,ALBI 07,03,85,06; 08; 18,0,11,P,13,R,6.0,19.0,0,0.0,,INSIDE ZONE,,,0,0,0,0,1,ALBI 18,ALBI 07,03,06; 08; 18,85,UNDER,1x2,1,R,ALBI 18,1,COVER 3
279,"2025 UAB O vs Tennessee, PFF Play 184",184,4,1,1,'+1,1,SY/GL,RA,14,14,1.0,R,L,11,TREY Y OFF,ENDOVER,Z MTR,,X,X,,OFF,CURLS,,GF,Q SPL ZN,STR,ZN,GAP,WIDE OVER,5 DOWN,,,RED ZONE,,ALBI 03,ALBI 07,03,85,06; 08; 18,0,11,R,14,L,19.0,1.0,0,,,INSIDE ZONE,,ALBI 03,0,0,0,0,1,ALBI 03,ALBI 07,03,06; 08; 18,85,WIDE OVER,0x4,0,P,,0,RED ZONE
280,"2025 UAB O vs Army, PFF Play 002",2,1,1,10,'-34,P,,,1,1,0.0,P,L,11,DUO Y OFF,STK/SNUG,,,,,X,OFF,,INCOMPLETE,GF,Y INSERT,STR,PA,,ODD,4 DOWN,,BLITZ,COVER 6,,ALBI 00,ALBI 07,04,17,00; 06; 18,0,11,P,1,L,,,0,0.0,,INSIDE ZONE,,,0,0,0,0,0,,ALBI 07,04,00; 06; 18,17,ODD,2x2,1,,ALBI 00,1,COVER 6
281,"2025 UAB O vs Army, PFF Play 003",3,1,2,10,'-34,2,,,1,2,8.0,P,L,11,DOUBLES,STK,Y MO,,X,,,OPEN,,COMPLETE,GF,JET SWEEP,STR,DB,,ODD,4 DOWN,STUNT,BLITZ,COVER 4,,ALBI 18,ALBI 07,04,17,00; 06; 18,1,11,P,2,L,,8.0,0,0.0,,,,,0,0,1,0,0,ALBI 18,ALBI 07,04,00; 06; 18,17,ODD,2x2,0,P,ALBI 18,1,COVER 4
282,"2025 UAB O vs Army, PFF Play 004",4,1,3,2,'-42,3,SY,,1,3,13.0,P,L,11,DUO Y OFF,STK/SNUG,,,,,X,OFF,,COMPLETE,GF,OUTSIDE ZN,STR,PA,,WIDE OVER,4 DOWN,,BLITZ,COVER 4,,ALBI 18,ALBI 07,04,17,00; 06; 18,1,11,P,3,L,8.0,13.0,0,0.0,,OUTSIDE ZONE,,,0,0,1,0,0,ALBI 18,ALBI 07,04,00; 06; 18,17,WIDE OVER,2x2,1,P,ALBI 18,1,COVER 4
283,"2025 UAB O vs Army, PFF Play 005",5,1,1,10,'+45,P,,,1,4,4.0,R,M,11,DUO Y OFF,STK/SNUG,,,,,X,OFF,,,GF,CTR OY,STR,GAP,GAP,ODD,4 DOWN,,,COVER 2,,ALBI 04,ALBI 07,04,17,00; 06; 18,1,11,R,4,C,13.0,4.0,0,,,COUNTER,,,0,0,1,0,0,ALBI 04,ALBI 07,04,00; 06; 18,17,ODD,2x2,1,P,,0,COVER 2
284,"2025 UAB O vs Army, PFF Play 006",6,1,2,6,'+41,2,,,1,5,7.0,R,L,11,TRIPS,,,,,,,ON,,,GN,INSIDE ZN,ZN,ZN,GAP,ODD,4 DOWN,,BLITZ,COVER 3,,ALBI 04,ALBI 07,04,17,00; 06; 18,1,11,R,5,L,4.0,7.0,0,,,INSIDE ZONE,,,0,0,1,0,0,ALBI 04,ALBI 07,04,00; 06; 18,17,ODD,3x1,1,R,,1,COVER 3
285,"2025 UAB O vs Army, PFF Play 007",7,1,1,10,'+34,P,,,1,6,-2.0,R,R,12,ACE YU OFF,,,,,,X,OFF,CURLS,,,OUTSIDE ZN LD,STR,ZN,GAP,ODD,4 DOWN,,BLITZ,COVER 6,,ALBI 04,ALBI 07,04,17; 85,00; 12,0,12,R,6,R,7.0,-2.0,0,,,OUTSIDE ZONE,,,0,0,0,0,0,ALBI 04,ALBI 07,04,00; 12,17; 85,ODD,2x2,0,R,,1,COVER 6
286,"2025 UAB O vs Army, PFF Play 008",8,1,2,12,'+36,2,,,1,7,4.0,P,R,21,PRO,,,,,,,ON,,COMPLETE,,OUTSIDE ZN LD,STR,PA,,WIDE OVER,4 DOWN,,BLITZ,COVER 2,,ALBI 05,ALBI 07,03; 04,85,05; 18,0,21,P,7,R,-2.0,4.0,1,0.0,,OUTSIDE ZONE,,,0,0,0,0,0,ALBI 05,ALBI 07,03; 04,05; 18,85,WIDE OVER,1x2,0,R,ALBI 05,1,COVER 2
287,"2025 UAB O vs Army, PFF Play 009",9,1,3,8,'+32,3,,,1,8,9.0,P,L,11,DUO Y OFF,SNUG,Z MTR,,X,X,X,OFF,,COMPLETE,GF,JET SWEEP,STR,DB,,OVER,4 DOWN,STUNT,,COVER 2,,ALBI 06,ALBI 07,04,85,00; 06; 18,0,11,P,8,L,4.0,9.0,0,0.0,,,,,0,0,0,0,0,ALBI 06,ALBI 07,04,00; 06; 18,85,OVER,2x2,0,P,ALBI 06,0,COVER 2
288,"2025 UAB O vs Army, PFF Play 010",10,1,1,10,'+23,P,,,1,9,0.0,P,M,12,TREY U HIP,,,,,,,WING PRO,,INCOMPLETE,GN,OUTSIDE ZN,STR,PA,,ODD,4 DOWN,,BLITZ,COVER 0,,ALBI 85,ALBI 07,04,17; 85,06; 18,0,12,P,9,C,9.0,,0,0.0,,OUTSIDE ZONE,,,0,0,0,0,0,,ALBI 07,04,06; 18,17; 85,ODD,1x3,1,P,ALBI 85,1,COVER 0
289,"2025 UAB O vs Army, PFF Play 011",11,1,2,10,'+23,2,,,1,10,-7.0,P,M,11,DOUBLES,STK,,,X,,X,OPEN,,SACK,GN,JET SWEEP,STR,DB,,WIDE OVER,4 DOWN,STUNT,BLITZ,COVER 2,,ALBI 07,ALBI 07,04,88,00; 06; 18,0,11,P,10,C,,-7.0,0,0.0,,,,,0,0,0,0,0,ALBI 07,ALBI 07,04,00; 06; 18,88,WIDE OVER,2x2,0,P,,1,COVER 2
290,"2025 UAB O vs Army, PFF Play 012",12,1,3,17,'+30,3,,,1,11,4.0,P,M,11,EMPTY 3x2,,,,X,,X,OPEN,,COMPLETE,GEMP,QB DRAW,STR,DB,,ONE INTERIOR,4 DOWN,,,COVER 3,,ALBI 06,ALBI 07,03,88,00; 06; 18,0,11,P,11,C,-7.0,4.0,0,0.0,,DRAW,,,0,0,0,0,0,ALBI 06,ALBI 07,03,00; 06; 18,88,ONE INTERIOR,2x3,1,P,ALBI 06,0,COVER 3
291,"2025 UAB O vs Army, PFF Play 035",35,2,1,10,'-25,P,,,2,1,1.0,R,L,21,PRO - OPEN,SNUG,Y BNC,,,,X,OFF,CURLS,,GS,Q SPL ZN,WK,ZN,GAP,WIDE OVER,4 DOWN,,,COVER 3,,ALBI 04,ALBI 07,03; 04,85,05; 18,0,21,R,1,L,4.0,1.0,0,,,INSIDE ZONE,,,0,0,0,0,0,ALBI 04,ALBI 07,03; 04,05; 18,85,WIDE OVER,2x1,0,P,,0,COVER 3
292,"2025 UAB O vs Army, PFF Play 036",36,2,2,9,'-26,2,,,2,2,12.0,R,L,11,TREY Y OFF,SNUG,,,X,X,X,OFF,,,GF,OUTSIDE ZN,STR,ZN,GAP,ODD,4 DOWN,,,COVER 6,,ALBI 11,ALBI 07,11,85,00; 06; 18,0,11,R,2,L,1.0,12.0,0,,,OUTSIDE ZONE,ALBI 68 OH,,0,0,0,0,0,ALBI 11,ALBI 07,11,00; 06; 18,85,ODD,3x1,1,R,,0,COVER 6
293,"2025 UAB O vs Army, PFF Play 037",37,2,2,19,'-16,2,,,2,3,6.0,R,L,12,ACE YU OFF,,Z ORB,,,,,OFF,CURLS,,GEMP,OUTSIDE ZN LD,WK,ZN,GAP,ODD,4 DOWN,,,COVER 3,,ALBI 03,ALBI 03,03,17; 85,00; 12,0,12,R,3,L,12.0,6.0,0,,,OUTSIDE ZONE,,,1,1,0,0,0,ALBI 03,ALBI 03,03,00; 12,17; 85,ODD,3x2,0,R,,0,COVER 3
294,"2025 UAB O vs Army, PFF Play 038",38,2,3,13,'-22,3,,,2,4,0.0,P,R,11,DUO Y OFF,STK/SNUG,,,,,X,OFF,,INCOMPLETE,GF,JET SWEEP,STR,DB,,LOAD,4 DOWN,,BLITZ,COVER 6,,ALBI 00,ALBI 07,03,17,00; 06; 18,0,11,P,4,R,6.0,,0,0.0,,,,,0,0,0,0,0,,ALBI 07,03,00; 06; 18,17,LOAD,2x2,0,R,ALBI 00,1,COVER 6
295,"2025 UAB O vs Army, PFF Play 050",50,2,1,10,'-20,P,,,3,1,1.0,P,R,11,DOUBLES,STK,,,X,,X,OPEN,,COMPLETE,GF,JET SWEEP,STR,DB,,ODD,4 DOWN,,BLITZ,COVER 3,,ALBI 11,ALBI 07,11,17,00; 06; 18,0,11,P,1,R,,1.0,0,0.0,,,,,0,0,0,0,0,ALBI 11,ALBI 07,11,00; 06; 18,17,ODD,2x2,0,P,ALBI 11,1,COVER 3
296,"2025 UAB O vs Army, PFF Play 051",51,2,2,9,'-21,2,,,3,2,-5.0,X,L,11,DUO Y OFF,STK/SNUG,,,,,X,OFF,CURLS,,GF,JET SWEEP,STR,,GAP,ODD,4 DOWN,,,,,,ALBI 07,11,17,00; 06; 18,1,11,X,2,L,1.0,,0,,,,ALBI 17 FST,,0,0,1,0,0,,ALBI 07,11,00; 06; 18,17,ODD,2x2,0,P,,0,
297,"2025 UAB O vs Army, PFF Play 052",52,2,2,14,'-16,2,,,3,3,-8.0,P,L,11,TRIPS - OPEN,Y FLEX/STK,,,X,,X,OPEN,,INCOMPLETE,GN,JET SWEEP,WK,DB,,ODD,4 DOWN,STUNT,,COVER 3,,ALBI 00,ALBI 07,11,17,00; 06; 18,0,11,P,3,L,,,0,0.0,,,ALBI 68 OH,,0,0,0,0,0,,ALBI 07,11,00; 06; 18,17,ODD,3x1,0,X,ALBI 00,0,COVER 3
298,"2025 UAB O vs Army, PFF Play 053",53,2,2,22,'-8,2,,,3,4,0.0,P,L,11,DUO Y OFF,SNUG,,,,,X,OFF,,INCOMPLETE,GN,JET SWEEP,STR,DB,,ODD,4 DOWN,,BLITZ,COVER 3,,ALBI 00,ALBI 07,03,17,00; 06; 18,0,11,P,4,L,,,0,0.0,,,,,0,0,0,0,0,,ALBI 07,03,00; 06; 18,17,ODD,2x2,0,P,ALBI 00,1,COVER 3
299,"2025 UAB O vs Army, PFF Play 054",54,2,3,22,'-8,3,,,3,5,7.0,P,L,11,TREY Y OFF,SNUG,,,X,X,X,OFF,,COMPLETE,GF,JET SWEEP,STR,DB,,ONE INTERIOR,4 DOWN,STUNT,,COVER 3 CLOUD,,ALBI 17,ALBI 07,03,17,06; 18; 84,0,11,P,5,L,,7.0,0,0.0,,,,,0,0,0,0,0,ALBI 17,ALBI 07,03,06; 18; 84,17,ONE INTERIOR,3x1,0,P,ALBI 17,0,COVER 3 CLOUD
300,"2025 UAB O vs Army, PFF Play 061",61,2,1,10,'-10,P,,,4,1,26.0,R,L,11,DUO Y OFF,STK/SNUG,,,,,X,OFF,,,GF,OUTSIDE ZN,STR,ZN,GAP,ODD,4 DOWN,,,COVER 2,,ALBI 04,ALBI 07,04,88,00; 06; 18,0,11,R,1,L,7.0,26.0,0,,,OUTSIDE ZONE,,,0,0,0,0,0,ALBI 04,ALBI 07,04,00; 06; 18,88,ODD,2x2,1,P,,0,COVER 2
301,"2025 UAB O vs Army, PFF Play 062",62,2,1,10,'-36,P,,,4,2,2.0,R,R,11,TRIPS - OPEN,Y FLEX/STK,,,X,,X,OFF,,,GN,INSIDE ZN,ZN,ZN,GAP,ODD,4 DOWN,,BLITZ,COVER 6,,ALBI 04,ALBI 07,04,88,00; 06; 18,1,11,R,2,R,26.0,2.0,0,,,INSIDE ZONE,,,0,0,1,0,0,ALBI 04,ALBI 07,04,00; 06; 18,88,ODD,1x3,1,R,,1,COVER 6
302,"2025 UAB O vs Army, PFF Play 063",63,2,2,8,'-38,2,,,4,3,0.0,P,R,11,TREY Y OFF,SNUG,,,X,X,X,OFF,,INCOMPLETE,GN,Y INSERT,STR,PA,,ODD,4 DOWN,,,COVER 3,,ALBI 06,ALBI 07,04,88,00; 06; 18,0,11,P,3,R,2.0,,0,0.0,,INSIDE ZONE,,,0,0,0,0,0,,ALBI 07,04,00; 06; 18,88,ODD,1x3,1,R,ALBI 06,0,COVER 3
303,"2025 UAB O vs Army, PFF Play 064",64,2,3,8,'-38,3,,,4,4,47.0,P,R,11,TRIPS,,,,,,,ON,,COMPLETE,GN,JET SWEEP,STR,DB,,LOAD,4 DOWN,STUNT,,COVER 2,,ALBI 00,ALBI 07,04,88,00; 06; 12,0,11,P,4,R,,47.0,0,0.0,,,,,0,0,0,0,0,ALBI 00,ALBI 07,04,00; 06; 12,88,LOAD,1x3,0,P,ALBI 00,0,COVER 2
304,"2025 UAB O vs Army, PFF Play 065",65,2,1,10,'+15,P,,RA,4,5,4.0,R,L,12,EMPTY 4x1 T STING,,Z MTR,,,,,ON,CURLS,,GEMP,OUTSIDE ZN LD,WK,ZN,GAP,ODD,4 DOWN,,,COVER 4,,ALBI 16,ALBI 16,03,17; 85,06; 18,0,12,R,5,L,47.0,4.0,0,,,OUTSIDE ZONE,ALBI 72 OH,,0,0,0,0,0,ALBI 16,ALBI 16,03,06; 18,17; 85,ODD,3x2,0,P,,0,COVER 4
305,"2025 UAB O vs Army, PFF Play 066",66,2,1,20,'+25,1,,,4,6,6.0,R,M,12,KING U OFF,,,,,,,SLOT,,,GN,SPL ZN SS,ZN,ZN,GAP,ODD,4 DOWN,,BLITZ,COVER 3 CLOUD,,ALBI 04,ALBI 07,04,17; 85,05; 18,0,12,R,6,C,4.0,6.0,0,,,INSIDE ZONE,,,0,0,0,0,0,ALBI 04,ALBI 07,04,05; 18,17; 85,ODD,3x1,1,R,,1,COVER 3 CLOUD
306,"2025 UAB O vs Army, PFF Play 067",67,2,2,14,'+19,2,,RA,4,7,0.0,P,L,20,SLOT - OPEN,SNUG,,,X,,,OFF,,INCOMPLETE,GF,CTR OY,STR,PA,,BENCH,4 DOWN,,BLITZ,COVER 2,,ALBI 05,ALBI 07,03; 11,,02; 05; 18,0,20,P,7,L,6.0,,1,0.0,,COUNTER,,,0,0,0,0,0,,ALBI 07,03; 11,02; 05; 18,,WIDE UNDER,2x1,1,R,ALBI 05,1,COVER 2
307,"2025 UAB O vs Army, PFF Play 068",68,2,3,14,'+19,3,,RA,4,8,18.0,P,L,11,DUO Y OFF,STK/SNUG,,,,,X,OFF,,COMPLETE,GF,JET SWEEP,STR,DB,,ONE INTERIOR,4 DOWN,,BLITZ,COVER 2,,ALBI 85,ALBI 07,03,85,00; 06; 18,0,11,P,8,L,,18.0,0,0.0,,,,,0,0,0,0,0,ALBI 85,ALBI 07,03,00; 06; 18,85,ONE INTERIOR,2x2,0,P,ALBI 85,1,COVER 2
308,"2025 UAB O vs Army, PFF Play 069",69,2,1,1,'+1,1,SY/GL,RA,4,9,1.0,P,R,12,SLOT - WING,,,,,,,SLOT,,COMPLETE,GN,Y INSERT,STR,PA,,BEAR,4 DOWN,,BLITZ,COVER 0,,ALBI 18,ALBI 07,04,17; 85,06; 18,0,12,P,9,R,18.0,1.0,0,0.0,,INSIDE ZONE,,ALBI 18,0,0,0,0,0,ALBI 18,ALBI 07,04,06; 18,17; 85,BEAR,2x2,1,P,ALBI 18,1,COVER 0
309,"2025 UAB O vs Army, PFF Play 087",87,3,1,10,'-25,P,,,5,1,30.0,R,R,21,PRO - OPEN,SNUG,Y FR,,,,X,OFF,CURLS,,GS,ZONE RD ARC,WK,ZN,GAP,ODD,4 DOWN,STUNT,,COVER 3,,ALBI 04,ALBI 07,03; 04,85,05; 18,0,21,R,1,R,1.0,30.0,0,,,OUTSIDE ZONE,,,0,0,0,0,0,ALBI 04,ALBI 07,03; 04,05; 18,85,ODD,1x2,0,P,,0,COVER 3
310,"2025 UAB O vs Army, PFF Play 088",88,3,1,10,'+45,P,,,5,2,2.0,R,L,21,TRIPS,,,,,,,ON,,,PSTL,OUTSIDE ZN,STR,ZN,GAP,ODD,4 DOWN,,,COVER 4,,ALBI 03,ALBI 07,03; 04,85,05; 18,1,21,R,2,L,30.0,2.0,0,,,OUTSIDE ZONE,,,0,0,1,0,0,ALBI 03,ALBI 07,03; 04,05; 18,85,ODD,1x3,1,R,,0,COVER 4
311,"2025 UAB O vs Army, PFF Play 089",89,3,2,8,'+43,2,,,5,3,0.0,P,R,12,TWINS U HIP,SNUG,Y MO,,X,X,X,WING SLOT,,INCOMPLETE,GF,JET SWEEP,STR,DB,,ODD,4 DOWN,STUNT,BLITZ,COVER 3,,ALBI 85,ALBI 07,11,17; 85,06; 12,0,12,P,3,R,2.0,,0,0.0,,,,,0,0,0,0,0,,ALBI 07,11,06; 12,17; 85,ODD,2x2,0,R,ALBI 85,1,COVER 3
312,"2025 UAB O vs Army, PFF Play 090",90,3,3,8,'+43,3,,,5,4,23.0,P,R,11,DOUBLES,STK,,,X,,X,OPEN,,COMPLETE,GF,JET SWEEP,STR,DB,,OKIE,4 DOWN,STUNT,BLITZ,COVER 4,,ALBI 03,ALBI 07,03,17,00; 06; 18,0,11,P,4,R,,23.0,1,0.0,,,,,0,0,0,0,0,ALBI 03,ALBI 07,03,00; 06; 18,17,ODD,2x2,0,P,ALBI 03,1,COVER 4
313,"2025 UAB O vs Army, PFF Play 091",91,3,1,10,'+20,P,,RA,5,5,0.0,P,R,12,TREY U HIP,,,,,,,WING PRO,,THROWN AWAY,GN,Y INSERT,STR,PA,,ODD,4 DOWN,,BLITZ,COVER 0,,,ALBI 07,04,17; 88,06; 18,0,12,P,5,R,23.0,,0,0.0,,INSIDE ZONE,,,0,0,0,0,0,,ALBI 07,04,06; 18,17; 88,ODD,1x3,1,P,,1,COVER 0
314,"2025 UAB O vs Army, PFF Play 092",92,3,2,10,'+20,2,,RA,5,6,8.0,R,R,21,PRO - OPEN,SNUG,,,,,X,OFF,CURLS,,GS,Q CTR OY RD,STR,GAP,GAP,ODD,4 DOWN,,,COVER 3,,ALBI 04,ALBI 07,04; 11,85,05; 18,0,21,R,6,R,,8.0,0,,,COUNTER,,,0,0,0,0,0,ALBI 04,ALBI 07,04; 11,05; 18,85,ODD,2x1,0,P,,0,COVER 3
315,"2025 UAB O vs Army, PFF Play 093",93,3,3,2,'+12,3,SY,RA,5,7,0.0,P,R,11,DOUBLES,STK,,,X,,X,OPEN,,INCOMPLETE,GF,JET SWEEP,STR,DB,,ODD,4 DOWN,,BLITZ,COVER 0,,ALBI 04,ALBI 07,04,85,00; 06; 18,0,11,P,7,R,8.0,,0,0.0,,,,,0,0,0,0,0,,ALBI 07,04,00; 06; 18,85,ODD,2x2,0,R,ALBI 04,1,COVER 0
316,"2025 UAB O vs Army, PFF Play 111",111,3,1,10,'-21,P,,,6,1,3.0,R,M,12,TREY U HIP,,,,,,,WING PRO,CURLS,,PSTL,Q SPL ZN,STR,ZN,GAP,WIDE OVER,4 DOWN,,BLITZ,COVER 3,,ALBI 04,ALBI 07,04,40; 85,00; 12,0,12,R,1,C,,3.0,0,,,INSIDE ZONE,,,0,0,0,0,0,ALBI 04,ALBI 07,04,00; 12,40; 85,WIDE OVER,1x3,0,P,,1,COVER 3
317,"2025 UAB O vs Army, PFF Play 112",112,3,2,7,'-24,2,,,6,2,-5.0,X,L,12,KING U OFF,,,,,,,SLOT,CURLS,,GN,JET SWEEP,STR,,GAP,ODD,4 DOWN,,,,,,ALBI 07,04,17; 85,00; 12,0,12,X,2,L,3.0,,0,,,,ALBI 85 FST,,0,0,0,0,0,,ALBI 07,04,00; 12,17; 85,ODD,3x1,0,R,,0,
318,"2025 UAB O vs Army, PFF Play 113",113,3,2,12,'-19,2,,,6,3,0.0,P,L,20,SLOT - OPEN,SNUG,,,X,,,OFF,,INTERCEPTION,,JET SWEEP,STR,DB,,ODD,4 DOWN,STUNT,BLITZ,COVER 3,,ALBI 05,ALBI 07,03; 04,,00; 05; 18,0,20,P,3,L,,,0,0.0,,,,,0,0,0,0,0,,ALBI 07,03; 04,00; 05; 18,,ODD,2x1,0,X,ALBI 05,1,COVER 3
319,"2025 UAB O vs Army, PFF Play 121",121,4,1,10,'-22,P,,,7,1,17.0,P,R,11,TRIPS - OPEN,Y AT 2,,,X,,X,OPEN,,COMPLETE,GF,JET SWEEP,STR,DB,,WIDE OVER,4 DOWN,,BLITZ,COVER 3,,ALBI 00,ALBI 07,11,17,00; 06; 18,0,11,P,1,R,,17.0,0,0.0,,,,,0,0,0,0,0,ALBI 00,ALBI 07,11,00; 06; 18,17,WIDE OVER,1x3,0,P,ALBI 00,1,COVER 3
320,"2025 UAB O vs Army, PFF Play 122",122,4,1,10,'-39,P,,,7,2,13.0,P,M,11,DUO Y OFF,SNUG,H RETURN,,,,X,OFF,,COMPLETE,GN,JET SWEEP,STR,DB,,ODD,4 DOWN,,,COVER 2,,ALBI 11,ALBI 07,11,17,00; 06; 18,0,11,P,2,C,17.0,13.0,0,0.0,,,,,0,0,0,0,0,ALBI 11,ALBI 07,11,00; 06; 18,17,ODD,2x2,0,P,ALBI 11,0,COVER 2
321,"2025 UAB O vs Army, PFF Play 123",123,4,1,10,'+48,P,,,7,3,4.0,P,R,11,EMPTY 3x2,,,,X,,X,OPEN,,COMPLETE,GEMP,JET SWEEP,STR,DB,,ODD,4 DOWN,STUNT,BLITZ,COVER 6,,ALBI 18,ALBI 07,11,17,00; 06; 18,1,11,P,3,R,13.0,4.0,0,0.0,,,,,0,0,1,0,0,ALBI 18,ALBI 07,11,00; 06; 18,17,ODD,2x3,0,P,ALBI 18,1,COVER 6
322,"2025 UAB O vs Army, PFF Play 124",124,4,2,6,'+44,2,,,7,4,-5.0,X,R,12,KING U OFF,,,,,,,SLOT,CURLS,,GN,JET SWEEP,STR,,GAP,ODD,4 DOWN,,,,,,ALBI 07,11,17; 88,00; 12,1,12,X,4,R,4.0,,0,,,,ALBI 00 FST,,0,0,1,0,0,,ALBI 07,11,00; 12,17; 88,ODD,1x3,0,P,,0,
323,"2025 UAB O vs Army, PFF Play 125",125,4,2,11,'+49,2,,,7,5,7.0,P,R,11,TREY Y OFF,SNUG,,,X,X,X,OFF,,COMPLETE,GF,JET SWEEP,STR,DB,,ODD,4 DOWN,STUNT,BLITZ,COVER 6,,ALBI 18,ALBI 07,11,88,00; 06; 18,0,11,P,5,R,,7.0,0,0.0,,,,,0,0,0,0,0,ALBI 18,ALBI 07,11,00; 06; 18,88,ODD,1x3,0,X,ALBI 18,1,COVER 6
324,"2025 UAB O vs Army, PFF Play 126",126,4,3,4,'+42,3,,,7,6,0.0,P,R,11,EMPTY 3x2,,,,X,,X,OPEN,,THROWN AWAY,GEMP,JET SWEEP,STR,DB,,ODD,4 DOWN,,,COVER 4,,,ALBI 07,11,88,00; 06; 18,0,11,P,6,R,7.0,,1,0.0,,,,,0,0,0,0,0,,ALBI 07,11,00; 06; 18,88,ODD,2x3,0,P,,0,COVER 4
325,"2025 UAB O vs Army, PFF Play 127",127,4,4,4,'+42,4,,,7,7,12.0,P,R,11,TRIPS,,,,,,,ON,,COMPLETE,GN,JET SWEEP,WK,DB,,ODD,4 DOWN,STUNT,,COVER 3,,ALBI 88,ALBI 07,04,88,00; 06; 18,0,11,P,7,R,,12.0,0,0.0,,,,,0,0,0,0,0,ALBI 88,ALBI 07,04,00; 06; 18,88,ODD,1x3,0,P,ALBI 88,0,COVER 3
326,"2025 UAB O vs Army, PFF Play 128",128,4,1,10,'+30,P,,,7,8,0.0,P,R,11,DOUBLES,STK,Y MISSILE,,X,X,X,OPEN,,INCOMPLETE,GF,JET SWEEP,STR,DB,,ODD,4 DOWN,STUNT,BLITZ,COVER 2,,ALBI 00,ALBI 07,04,88,00; 06; 18,1,11,P,8,R,12.0,,0,0.0,,,,,0,0,1,0,0,,ALBI 07,04,00; 06; 18,88,ODD,2x2,0,P,ALBI 00,1,COVER 2
327,"2025 UAB O vs Army, PFF Play 129",129,4,2,10,'+30,2,,,7,9,0.0,P,R,11,TREY Y OFF,SNUG,,,X,X,X,OFF,,INCOMPLETE,GN,JET SWEEP,WK,DB,,BENCH,4 DOWN,STUNT,,COVER 2,,ALBI 88,ALBI 07,04,88,00; 06; 18,0,11,P,9,R,,,0,0.0,,,,,0,0,0,0,0,,ALBI 07,04,00; 06; 18,88,WIDE UNDER,1x3,0,P,ALBI 88,0,COVER 2
328,"2025 UAB O vs Army, PFF Play 130",130,4,3,10,'+30,3,,,7,10,4.0,P,R,11,TRIPS,,,,,,,ON,,COMPLETE,GN,JET SWEEP,STR,DB,,OKIE,4 DOWN,STUNT,,COVER 2,,ALBI 00,ALBI 07,04,88,00; 06; 18,0,11,P,10,R,,4.0,0,0.0,,,,,0,0,0,0,0,ALBI 00,ALBI 07,04,00; 06; 18,88,ODD,1x3,0,P,ALBI 00,0,COVER 2
329,"2025 UAB O vs Army, PFF Play 131",131,4,4,6,'+26,4,,,7,11,0.0,P,L,11,DUO Y OFF,STK/SNUG,,,,,X,OFF,,INCOMPLETE,GF,JET SWEEP,STR,DB,,OVER,4 DOWN,STUNT,,COVER 2,,ALBI 06,ALBI 07,04,88,00; 06; 18,0,11,P,11,L,4.0,,0,0.0,,,,,0,0,0,0,0,,ALBI 07,04,00; 06; 18,88,OVER,2x2,0,P,ALBI 06,0,COVER 2
330,"2025 UAB O vs Army, PFF Play 139",139,4,1,10,'-20,P,,,8,1,2.0,P,L,12,KING U OFF,,,,,,,SLOT,,COMPLETE,GN,JET SWEEP,STR,DB,,WIDE OVER,4 DOWN,,,COVER 4,,ALBI 17,ALBI 07,03,17; 88,00; 12,0,12,P,1,L,,2.0,0,0.0,,,,,0,0,0,0,0,ALBI 17,ALBI 07,03,00; 12,17; 88,WIDE OVER,3x1,0,P,ALBI 17,0,COVER 4
331,"2025 UAB O vs Army, PFF Play 140",140,4,2,8,'-22,2,,,8,2,-5.0,X,R,12,QUADS WING - NIX,,,,,,,SLOT,CURLS,,GN,JET SWEEP,STR,,GAP,WIDE OVER,4 DOWN,,,,,,ALBI 07,03,17; 88,00; 12,0,12,X,2,R,2.0,,0,,,,ALBI 88 FST,,0,0,0,0,0,,ALBI 07,03,00; 12,17; 88,WIDE OVER,0x4,0,P,,0,
332,"2025 UAB O vs Army, PFF Play 141",141,4,2,13,'-17,2,,,8,3,0.0,P,R,11,TRIPS - OPEN,Y AT 2,,,X,,X,OPEN,,INCOMPLETE,GF,JET SWEEP,STR,DB,,ODD,4 DOWN,STUNT,,COVER 3,,ALBI 18,ALBI 07,03,17,00; 05; 18,0,11,P,3,R,,,0,0.0,,,,,0,0,0,0,0,,ALBI 07,03,00; 05; 18,17,ODD,1x3,0,X,ALBI 18,0,COVER 3
333,"2025 UAB O vs Army, PFF Play 142",142,4,3,13,'-17,3,,,8,4,3.0,P,R,11,TRIPS,STK,Z ORB,,,,X,ON,,COMPLETE,GN,JET SWEEP,WK,DB,,ODD,4 DOWN,STUNT,,COVER 3 CLOUD,,ALBI 00,ALBI 07,03,17,00; 05; 18,0,11,P,4,R,,3.0,0,0.0,,,,,0,0,0,0,0,ALBI 00,ALBI 07,03,00; 05; 18,17,ODD,1x3,0,P,ALBI 00,0,COVER 3 CLOUD
334,"2025 UAB O vs Army, PFF Play 143",143,4,4,10,'-20,4,,,8,5,0.0,P,L,11,DUO Y OFF,STK/SNUG,H RETURN,,,,X,OFF,,INCOMPLETE,GF,JET SWEEP,STR,DB,,ODD,4 DOWN,,,COVER 3 CLOUD,,ALBI 00,ALBI 07,03,17,00; 05; 18,0,11,P,5,L,3.0,,0,0.0,,,,,0,0,0,0,0,,ALBI 07,03,00; 05; 18,17,ODD,2x2,0,P,ALBI 00,0,COVER 3 CLOUD
335,"2025 UAB O vs Army, PFF Play 150",150,4,1,10,'-21,P,,,9,1,6.0,P,L,11,DOUBLES,STK,,,X,,X,OPEN,,RUN,GN,JET SWEEP,WK,DB,,WIDE OVER,4 DOWN,STUNT,BLITZ,COVER 3,,ALBI 07,ALBI 07,04,17,00; 05; 18,0,11,P,1,L,,6.0,0,0.0,,,,,0,0,0,0,0,ALBI 07,ALBI 07,04,00; 05; 18,17,WIDE OVER,2x2,0,P,,1,COVER 3
336,"2025 UAB O vs Army, PFF Play 151",151,4,2,4,'-27,2,,,9,2,19.0,P,M,11,DUO Y OFF,STK/SNUG,,,,,X,OFF,,COMPLETE,GF,JET SWEEP,STR,DB,,ODD,4 DOWN,STUNT,,COVER 2,,ALBI 05,ALBI 07,04,17,00; 05; 18,1,11,P,2,C,6.0,19.0,0,0.0,,,,,0,0,1,0,1,ALBI 05,ALBI 07,04,00; 05; 18,17,ODD,2x2,0,P,ALBI 05,0,COVER 2
337,"2025 UAB O vs Army, PFF Play 152",152,4,1,10,'-46,P,,,9,3,10.0,P,L,11,DUO Y OFF,STK/SNUG,,,,,X,OFF,,COMPLETE,GF,JET SWEEP,STR,DB,,BENCH,4 DOWN,,,COVER 6,,ALBI 18,ALBI 07,04,17,00; 05; 18,1,11,P,3,L,19.0,10.0,0,0.0,,,,,0,0,1,0,1,ALBI 18,ALBI 07,04,00; 05; 18,17,WIDE UNDER,2x2,0,P,ALBI 18,0,COVER 6
338,"2025 UAB O vs Army, PFF Play 153",153,4,1,10,'+44,P,,,9,4,15.0,P,R,11,TRIPS - OPEN,Y AT 2,,,X,,X,OPEN,,COMPLETE,GF,JET SWEEP,STR,DB,,ODD,4 DOWN,,BLITZ,COVER 6,,ALBI 05,ALBI 07,04,17,00; 05; 18,1,11,P,4,R,10.0,15.0,0,0.0,,,,,0,0,1,0,1,ALBI 05,ALBI 07,04,00; 05; 18,17,ODD,1x3,0,P,ALBI 05,1,COVER 6
339,"2025 UAB O vs Army, PFF Play 154",154,4,1,10,'+29,P,,,9,5,7.0,P,M,11,DUO Y OFF,STK/SNUG,,,,,X,OFF,,COMPLETE,GF,JET SWEEP,STR,DB,,ODD,4 DOWN,STUNT,,COVER 3,,ALBI 18,ALBI 07,04,17,00; 05; 18,1,11,P,5,C,15.0,7.0,0,0.0,,,,,0,0,1,0,1,ALBI 18,ALBI 07,04,00; 05; 18,17,ODD,2x2,0,P,ALBI 18,0,COVER 3
340,"2025 UAB O vs Army, PFF Play 155",155,4,2,3,'+22,2,SY,,9,6,0.0,P,R,11,DUO Y OFF,STK/SNUG,,,,,X,OFF,,INCOMPLETE,GF,JET SWEEP,STR,DB,,BENCH,4 DOWN,STUNT,,COVER 2,,ALBI 00,ALBI 07,04,17,00; 05; 18,0,11,P,6,R,7.0,,0,0.0,,,,,0,0,0,0,1,,ALBI 07,04,00; 05; 18,17,WIDE UNDER,2x2,0,P,ALBI 00,0,COVER 2
341,"2025 UAB O vs Army, PFF Play 156",156,4,3,3,'+22,3,SY,,9,7,4.0,R,R,11,DUO Y OFF,SNUG,BUZZ,,,,X,OFF,CURLS,,GN,SPL ZN SS,ZN,ZN,GAP,BENCH,4 DOWN,,,COVER 2,,ALBI 04,ALBI 07,04,17,05; 18; 84,0,11,R,7,R,,4.0,0,,,INSIDE ZONE,,,0,0,0,0,1,ALBI 04,ALBI 07,04,05; 18; 84,17,WIDE UNDER,2x2,0,P,,0,COVER 2
342,"2025 UAB O vs Army, PFF Play 157",157,4,1,10,'+18,P,,RA,9,8,11.0,P,R,11,DUO Y OFF,STK/SNUG,,,,,X,OFF,,COMPLETE,GF,JET SWEEP,STR,DB,,ODD,4 DOWN,,BLITZ,COVER 3,,ALBI 04,ALBI 07,04,17,05; 18; 84,1,11,P,8,R,4.0,11.0,0,0.0,,,,,0,0,1,0,1,ALBI 04,ALBI 07,04,05; 18; 84,17,ODD,2x2,0,R,ALBI 04,1,COVER 3
343,"2025 UAB O vs Army, PFF Play 158",158,4,1,7,'+7,1,GL,RA,9,9,6.0,R,R,11,EMPTY 4x1 Y OFF,,,,,,,OFF,,,GEMP,QB DRAW,DRAW,DRAW,GAP,UNDER,4 DOWN,,BLITZ,COVER 0,,ALBI 07,ALBI 07,04,17,05; 18; 84,1,11,R,9,R,11.0,6.0,0,,,DRAW,,,0,0,1,0,1,ALBI 07,ALBI 07,04,05; 18; 84,17,UNDER,1x4,1,P,,1,COVER 0
344,"2025 UAB O vs Army, PFF Play 159",159,4,2,1,'+1,2,SY/GL,RA,9,10,0.0,R,R,11,DUO Y OFF,SNUG,Z IN,,,,X,OFF,CURLS,,GN,SPL ZN SS,ZN,ZN,GAP,ODD,4 DOWN,,BLITZ,COVER 0,,ALBI 04,ALBI 07,04,17,05; 18; 84,1,11,R,10,R,6.0,0.0,0,,,INSIDE ZONE,,,0,0,1,0,1,ALBI 04,ALBI 07,04,05; 18; 84,17,ODD,2x2,0,R,,1,COVER 0
345,"2025 UAB O vs Army, PFF Play 160",160,4,3,1,'+1,3,SY/GL,RA,9,11,0.0,P,R,23,WING - CLOSED,,,,,,,,,THROWN AWAY,,OUTSIDE ZN LD,STR,PA,,ODD,4 DOWN,,BLITZ,COVER 0,,,ALBI 07,03; 11,17; 85; 88,,0,23,P,11,R,0.0,,0,0.0,,OUTSIDE ZONE,,,0,0,0,0,1,,ALBI 07,03; 11,,17; 85; 88,ODD,1x2,0,R,,1,COVER 0
346,"2025 UAB O vs Army, PFF Play 161",161,4,4,1,'+1,4,SY/GL,RA,9,12,1.0,R,R,11,TREY Y OFF,SNUG,,,X,X,X,OFF,CURLS,,GN,Q SPL ZN,ZN,ZN,GAP,ODD,4 DOWN,,,COVER 0,,ALBI 15,ALBI 15,04,17,05; 18; 84,0,11,R,12,R,,1.0,0,,,INSIDE ZONE,,ALBI 15,0,0,0,0,1,ALBI 15,ALBI 15,04,05; 18; 84,17,ODD,3x1,0,P,,0,COVER 0
347,"2025 UAB O vs Florida Atlantic, PFF Play 002",2,1,1,10,'-25,P,,,1,1,0.0,P,M,21,DUO Y OFF,SNUG,T MTR,,,,X,OFF,,COMPLETE,GN,JET SWEEP,STR,DB,,WIDE OVER,4 DOWN,,,COVER 3,,ALBI 11,ALBI 07,03; 11,85,05; 18,0,21,P,1,C,,0.0,1,0.0,,,,,0,0,0,0,0,ALBI 11,ALBI 07,03; 11,05; 18,85,WIDE OVER,2x2,0,,ALBI 11,0,COVER 3
348,"2025 UAB O vs Florida Atlantic, PFF Play 003",3,1,2,10,'-25,2,,,1,2,0.0,P,L,12,PRO,,SHIFT,,,,,ON,,COMPLETE,,INSIDE ZN RD,STR,RPO,,WIDE OVER,4 DOWN,,,COVER 4,,ALBI 08,ALBI 07,04,85; 88,08; 18,0,12,P,2,L,0.0,0.0,1,0.0,,MAN,,,0,0,0,0,0,ALBI 08,ALBI 07,04,08; 18,85; 88,WIDE OVER,2x1,1,P,ALBI 08,0,COVER 4
349,"2025 UAB O vs Florida Atlantic, PFF Play 004",4,1,3,10,'-25,3,,,1,3,0.0,P,R,11,TRIPS,Y FLEX/STK,Y MTR,,X,,,ON,,INCOMPLETE,GN,JET SWEEP,WK,DB,,BENCH,4 DOWN,STUNT,,COVER 1,,ALBI 05,ALBI 07,04,88,00; 05; 18,0,11,P,3,R,0.0,,0,0.0,,,,,0,0,0,0,0,,ALBI 07,04,00; 05; 18,88,WIDE UNDER,1x3,0,P,ALBI 05,0,COVER 1
350,"2025 UAB O vs Florida Atlantic, PFF Play 016",16,1,1,10,'-25,P,,,2,1,1.0,R,R,11,DOUBLES,STK,Y MTR,,X,,X,OPEN,,,GF,SPL ZN SS,STR,ZN,GAP,WIDE OVER,4 DOWN,,,COVER 4,,ALBI 04,ALBI 07,04,17,00; 06; 18,0,11,R,1,R,,1.0,0,,,INSIDE ZONE,,,0,0,0,0,0,ALBI 04,ALBI 07,04,00; 06; 18,17,WIDE OVER,2x2,1,P,,0,COVER 4
351,"2025 UAB O vs Florida Atlantic, PFF Play 017",17,1,2,9,'-26,2,,,2,2,-7.0,P,R,11,DUO Y OFF,SNUG,Z MTR,,,,X,OFF,,SACK,GN,JET SWEEP,STR,DB,,BENCH,4 DOWN,,,COVER 3,,ALBI 07,ALBI 07,04,17,00; 06; 18,1,11,P,2,R,1.0,-7.0,0,0.0,,,,,0,0,1,0,0,ALBI 07,ALBI 07,04,00; 06; 18,17,WIDE UNDER,2x2,0,R,,0,COVER 3
352,"2025 UAB O vs Florida Atlantic, PFF Play 018",18,1,3,16,'-19,3,,,2,3,11.0,P,R,11,TREY Y OFF,SNUG,Y FR,,X,,X,OFF,,COMPLETE,GF,JET SWEEP,STR,DB,,SPLIT,4 DOWN,,,COVER 3,,ALBI 00,ALBI 07,04,17,00; 06; 18,0,11,P,3,R,-7.0,11.0,0,0.0,,,,,0,0,0,0,0,ALBI 00,ALBI 07,04,00; 06; 18,17,EVEN,1x3,0,P,ALBI 00,0,COVER 3
353,"2025 UAB O vs Florida Atlantic, PFF Play 030",30,1,1,10,'-25,P,,,3,1,5.0,P,R,22,ACE YU OFF,,,,,,X,OFF,,COMPLETE,PSTL,INSIDE ZN RD,WK,PA,,WIDE OVER,4 DOWN,,,COVER 4,,ALBI 85,ALBI 07,03; 11,17; 85,12,0,22,P,1,R,11.0,5.0,0,0.0,,MAN,,,0,0,0,0,0,ALBI 85,ALBI 07,03; 11,12,17; 85,WIDE OVER,2x2,1,P,ALBI 85,0,COVER 4
354,"2025 UAB O vs Florida Atlantic, PFF Play 031",31,1,2,5,'-30,2,,,3,2,5.0,R,R,12,PRO - OPEN,SNUG,Y MO,,,,X,OFF,CURLS,,PSTL,SPL ZN,STR,ZN,GAP,UNDER,4 DOWN,,,COVER 4,,ALBI 03,ALBI 07,03,17; 85,08; 18,0,12,R,2,R,5.0,5.0,0,,,OUTSIDE ZONE,,,0,0,0,0,0,ALBI 03,ALBI 07,03,08; 18,17; 85,UNDER,1x2,0,P,,0,COVER 4
355,"2025 UAB O vs Florida Atlantic, PFF Play 032",32,1,1,10,'-35,P,,,3,3,5.0,R,L,12,KING U OFF,,,,,,,SLOT,CURLS,,GF,Y INSERT,STR,ZN,GAP,ODD,4 DOWN,,,COVER 1,,ALBI 03,ALBI 07,03,17; 85,08; 18,1,12,R,3,L,5.0,5.0,0,,,MAN,,,0,0,1,0,0,ALBI 03,ALBI 07,03,08; 18,17; 85,ODD,3x1,0,R,,0,COVER 1
356,"2025 UAB O vs Florida Atlantic, PFF Play 033",33,1,2,5,'-40,2,,,3,4,-6.0,P,L,12,ACE YU OFF,,,,,,X,OFF,,SACK,GN,JET SWEEP,STR,DB,,WIDE OVER,4 DOWN,,BLITZ,COVER 3,,ALBI 07,ALBI 07,03,17; 85,08; 12,1,12,P,4,L,5.0,-6.0,0,0.0,,,,,0,0,1,0,0,ALBI 07,ALBI 07,03,08; 12,17; 85,WIDE OVER,2x2,0,R,,1,COVER 3
357,"2025 UAB O vs Florida Atlantic, PFF Play 034",34,1,3,11,'-34,3,,,3,5,20.0,P,L,11,EMPTY 3x2 Y OFF,SNUG,TOZ,,X,X,X,OFF,,COMPLETE,GEMP,JET SWEEP,STR,DB,,SPLIT,4 DOWN,,,COVER 4,,ALBI 05,ALBI 07,04,85,00; 05; 18,0,11,P,5,L,-6.0,20.0,1,0.0,,,,,0,0,0,0,0,ALBI 05,ALBI 07,04,00; 05; 18,85,EVEN,2x3,0,P,ALBI 05,0,COVER 4
358,"2025 UAB O vs Florida Atlantic, PFF Play 035",35,1,1,10,'+46,P,,,3,6,-5.0,X,R,11,TREY Y OFF,SNUG,Y FR,,X,,X,OFF,CURLS,,GF,JET SWEEP,STR,,GAP,BENCH,4 DOWN,,,,,,ALBI 07,04,85,00; 05; 12,0,11,X,6,R,20.0,,0,,,,ALBI 77 FST,,0,0,0,0,0,,ALBI 07,04,00; 05; 12,85,WIDE UNDER,1x3,0,P,,0,
359,"2025 UAB O vs Florida Atlantic, PFF Play 036",36,1,1,15,'-49,1,,,3,7,-3.0,R,R,12,DUO Y OFF,SNUG,,,,,X,OFF,CURLS,,GN,OUTSIDE ZN LD,WK,ZN,GAP,OVER,4 DOWN,,,COVER 4,,ALBI 04,ALBI 07,04,17; 88,08; 18,0,12,R,7,R,,-3.0,0,,,OUTSIDE ZONE,,,0,0,0,0,0,ALBI 04,ALBI 07,04,08; 18,17; 88,OVER,2x2,0,X,,0,COVER 4
360,"2025 UAB O vs Florida Atlantic, PFF Play 037",37,1,2,18,'-46,2,,,3,8,2.0,P,R,12,OTHER,,,,,,,,,COMPLETE,GEMP,JET SWEEP,STR,DB,,BENCH,4 DOWN,,,COVER 2,,ALBI 11,ALBI 07,11,17; 88,06; 18,0,12,P,8,R,-3.0,2.0,1,0.0,,,,,1,0,0,0,0,ALBI 11,ALBI 07,11,06; 18,17; 88,WIDE UNDER,4x3,0,R,ALBI 11,0,COVER 2
361,"2025 UAB O vs Florida Atlantic, PFF Play 038",38,1,3,16,'-48,3,,,3,9,0.0,P,L,11,TREY Y OFF,SNUG,,,X,X,X,OFF,,INCOMPLETE,GF,JET SWEEP,STR,DB,,EVEN,4 DOWN,,,COVER 4,,ALBI 00,ALBI 07,03,88,00; 06; 18,0,11,P,9,L,2.0,,0,0.0,,,(D) ALBI 72 ILF,,0,0,0,0,0,,ALBI 07,03,00; 06; 18,88,EVEN,3x1,0,P,ALBI 00,0,COVER 4
362,"2025 UAB O vs Florida Atlantic, PFF Play 045",45,1,1,10,'-36,P,,,4,1,1.0,R,L,11,DUO Y OFF,SNUG,,,,,X,OFF,CURLS,,GN,OUTSIDE ZN LD,WK,ZN,GAP,WIDE OVER,4 DOWN,,,COVER 4,,ALBI 04,ALBI 07,04,85,00; 06; 18,0,11,R,1,L,,1.0,0,,,OUTSIDE ZONE,,,0,0,0,0,0,ALBI 04,ALBI 07,04,00; 06; 18,85,WIDE OVER,2x2,0,P,,0,COVER 4
363,"2025 UAB O vs Florida Atlantic, PFF Play 046",46,1,2,9,'-37,2,,,4,2,-2.0,P,R,11,TREY Y OFF,SNUG,,,X,X,X,OFF,,COMPLETE,GN,JET SWEEP,STR,SPR,,WIDE OVER,4 DOWN,,BLITZ,COVER 3,,ALBI 06,ALBI 07,04,85,00; 06; 18,1,11,P,2,R,1.0,-2.0,1,0.0,,,,,0,0,1,0,0,ALBI 06,ALBI 07,04,00; 06; 18,85,WIDE OVER,1x3,0,R,ALBI 06,1,COVER 3
364,"2025 UAB O vs Florida Atlantic, PFF Play 047",47,2,3,11,'-35,3,,,4,3,-5.0,X,R,12,OTHER,,,,,,,,CURLS,,GEMP,JET SWEEP,STR,,GAP,UNDER,4 DOWN,,,,,,ALBI 07,11,17; 85,06; 18,0,12,X,3,R,-2.0,,0,,,,ALBI 06 FST,,0,0,0,0,0,,ALBI 07,11,06; 18,17; 85,UNDER,5x2,0,P,,0,
365,"2025 UAB O vs Florida Atlantic, PFF Play 048",48,2,3,16,'-30,3,,,4,4,-3.0,P,R,12,OTHER,,,,,,,,,SACK,GEMP,JET SWEEP,STR,DB,,OVER,4 DOWN,,,COVER 2,,ALBI 07,ALBI 07,11,17; 85,06; 18,0,12,P,4,R,,-3.0,0,0.0,,,,,1,0,0,0,0,ALBI 07,ALBI 07,11,06; 18,17; 85,OVER,5x2,0,X,,0,COVER 2
366,"2025 UAB O vs Florida Atlantic, PFF Play 055",55,2,1,10,'-23,P,,,5,1,5.0,R,L,21,PRO - OPEN,SNUG,,,,,X,OFF,,,GF,CTR OY,STR,GAP,GAP,WIDE OVER,4 DOWN,,,COVER 4,,ALBI 03,ALBI 07,03; 11,17,05; 18,0,21,R,1,L,-3.0,5.0,0,,,COUNTER,,,0,0,0,0,0,ALBI 03,ALBI 07,03; 11,05; 18,17,WIDE OVER,1x2,1,P,,0,COVER 4
367,"2025 UAB O vs Florida Atlantic, PFF Play 056",56,2,2,5,'-28,2,,,5,2,5.0,P,L,12,TRIPS - SLOT,,,,X,,X,OPEN,,COMPLETE,GEMP,JET SWEEP,STR,DB,,WIDE OVER,4 DOWN,STUNT,,COVER 4,,ALBI 03,ALBI 07,03,17; 88,06; 18,0,12,P,2,L,5.0,5.0,0,0.0,,,,,0,0,0,0,0,ALBI 03,ALBI 07,03,06; 18,17; 88,WIDE OVER,3x2,0,R,ALBI 03,0,COVER 4
368,"2025 UAB O vs Florida Atlantic, PFF Play 057",57,2,1,10,'-33,P,,,5,3,-8.0,P,L,11,DOUBLES,STK,,,,,X,OPEN,,SACK,GN,JET SWEEP,WK,DB,,BENCH,4 DOWN,,BLITZ,COVER 3,,ALBI 07,ALBI 07,03,17,00; 06; 18,0,11,P,3,L,5.0,-8.0,0,0.0,,,,,0,0,0,0,0,ALBI 07,ALBI 07,03,00; 06; 18,17,WIDE UNDER,2x2,0,P,,1,COVER 3
369,"2025 UAB O vs Florida Atlantic, PFF Play 058",58,2,2,18,'-25,2,,,5,4,9.0,P,L,11,TREY Y OFF,SNUG,,,X,X,X,OFF,,COMPLETE,GF,JET SWEEP,STR,DB,,WIDE OVER,4 DOWN,,,COVER 3,,ALBI 11,ALBI 07,11,17,00; 06; 18,0,11,P,4,L,-8.0,9.0,1,0.0,,,,,0,0,0,0,0,ALBI 11,ALBI 07,11,00; 06; 18,17,WIDE OVER,3x1,0,P,ALBI 11,0,COVER 3
370,"2025 UAB O vs Florida Atlantic, PFF Play 059",59,2,3,9,'-34,3,,,5,5,17.0,P,L,11,TRIPS - OPEN,Y FLEX/STK,,,X,,X,OPEN,,COMPLETE,GN,JET SWEEP,STR,DB,,BENCH,4 DOWN,STUNT,,COVER 4,,ALBI 00,ALBI 07,11,17,00; 06; 18,0,11,P,5,L,9.0,17.0,0,0.0,,,,,0,0,0,0,0,ALBI 00,ALBI 07,11,00; 06; 18,17,WIDE UNDER,3x1,0,P,ALBI 00,0,COVER 4
371,"2025 UAB O vs Florida Atlantic, PFF Play 060",60,2,1,10,'+49,P,,,5,6,5.0,P,R,11,DUO Y OFF,SNUG,Z BNC,,X,X,X,OFF,,COMPLETE,GN,JET SWEEP,STR,DB,,WIDE OVER,4 DOWN,,BLITZ,COVER 3,,ALBI 06,ALBI 07,11,17,00; 06; 18,0,11,P,6,R,17.0,5.0,0,0.0,,,,,0,0,0,0,0,ALBI 06,ALBI 07,11,00; 06; 18,17,WIDE OVER,2x2,0,P,ALBI 06,1,COVER 3
372,"2025 UAB O vs Florida Atlantic, PFF Play 061",61,2,2,5,'+44,2,,,5,7,0.0,P,M,12,TREY U STING BUNCH,,Y BNC,,,,,PRO,,INCOMPLETE,PSTL,OUTSIDE ZN LD,STR,PA,,UNDER,4 DOWN,,,COVER 4,,ALBI 00,ALBI 07,04,17; 85,00; 12,0,12,P,7,C,5.0,,0,0.0,,OUTSIDE ZONE,,,0,0,0,0,0,,ALBI 07,04,00; 12,17; 85,UNDER,3x1,0,P,ALBI 00,0,COVER 4
373,"2025 UAB O vs Florida Atlantic, PFF Play 062",62,2,3,5,'+44,3,,,5,8,0.0,P,L,22,SLOT - OPEN,SNUG,,,X,,,OFF,,INCOMPLETE,GS,JET SWEEP,STR,DB,,WIDE OVER,4 DOWN,,BLITZ,COVER 1,,ALBI 85,ALBI 07,03; 11,17; 85,12,0,22,P,8,L,,,0,0.0,,,,,0,0,0,0,0,,ALBI 07,03; 11,12,17; 85,WIDE OVER,1x2,0,P,ALBI 85,1,COVER 1
374,"2025 UAB O vs Florida Atlantic, PFF Play 063",63,2,4,5,'+44,4,,,5,9,15.0,P,L,11,DUO Y OFF,SNUG,,,,,X,OFF,,INCOMPLETE,GN,JET SWEEP,STR,DB,,LOAD,4 DOWN,STUNT,BLITZ,COVER 1,,ALBI 00,ALBI 07,03,85,00; 06; 18,0,11,P,9,L,,,0,0.0,,,FLAT D00 DPI,,0,0,0,0,0,,ALBI 07,03,00; 06; 18,85,LOAD,2x2,0,P,ALBI 00,1,COVER 1
375,"2025 UAB O vs Florida Atlantic, PFF Play 064",64,2,1,10,'+29,P,,,5,10,0.0,R,M,12,KING U OFF,,,,,,,SLOT,CURLS,,GN,Q CTR OT RD,WK,GAP,GAP,UNDER,4 DOWN,,BLITZ,COVER 3,,ALBI 03,ALBI 07,03,17; 85,08; 18,0,12,R,10,C,,0.0,0,,,COUNTER,,,0,0,0,0,0,ALBI 03,ALBI 07,03,08; 18,17; 85,UNDER,3x1,0,P,,1,COVER 3
376,"2025 UAB O vs Florida Atlantic, PFF Play 065",65,2,2,10,'+29,2,,,5,11,4.0,R,R,12,ACE YU OFF,,,,,,X,OFF,CURLS,,,Q SPL ZN,STR,ZN,GAP,UNDER,4 DOWN,,,COVER 4,,ALBI 03,ALBI 07,03,17; 85,00; 12,0,12,R,11,R,0.0,4.0,0,,,INSIDE ZONE,,,0,0,0,0,0,ALBI 03,ALBI 07,03,00; 12,17; 85,UNDER,2x2,0,R,,0,COVER 4
377,"2025 UAB O vs Florida Atlantic, PFF Play 066",66,2,3,6,'+25,3,,,5,12,6.0,P,M,11,TREY Y OFF,SNUG,,,X,X,X,OFF,,COMPLETE,GF,JET SWEEP,STR,DB,,BEAR,4 DOWN,STUNT,BLITZ,COVER 1,,ALBI 03,ALBI 07,03,17,00; 06; 18,0,11,P,12,C,4.0,6.0,0,0.0,,,,,0,0,0,0,0,ALBI 03,ALBI 07,03,00; 06; 18,17,BEAR,3x1,0,R,ALBI 03,1,COVER 1
378,"2025 UAB O vs Florida Atlantic, PFF Play 067",67,2,1,10,'+19,P,,RA,5,13,0.0,P,L,22,KING U OFF,,Y BNC,,,,,SLOT,,INCOMPLETE,PSTL,Y INSERT,STR,PA,,EVEN,4 DOWN,,,COVER 4,,ALBI 17,ALBI 07,03; 11,17; 88,18,0,22,P,13,L,6.0,,0,0.0,,MAN,,,0,0,0,0,0,,ALBI 07,03; 11,18,17; 88,EVEN,3x1,0,P,ALBI 17,0,COVER 4
379,"2025 UAB O vs Florida Atlantic, PFF Play 068",68,2,2,10,'+19,2,,RA,5,14,5.0,P,L,12,TRIPS - SLOT,,,,X,,X,OPEN,,COMPLETE,GEMP,JET SWEEP,STR,DB,,UNDER,4 DOWN,,,COVER 3,,ALBI 11,ALBI 07,11,17; 88,00; 18,0,12,P,14,L,,5.0,1,0.0,,,,,0,0,0,0,0,ALBI 11,ALBI 07,11,00; 18,17; 88,UNDER,3x2,0,P,ALBI 11,0,COVER 3
380,"2025 UAB O vs Florida Atlantic, PFF Play 069",69,2,3,5,'+14,3,,RA,5,15,14.0,R,R,12,SLOT - WING,,,,,,,SLOT,CURLS,,GN,CTR OY,STR,GAP,GAP,BEAR,4 DOWN,STUNT,,COVER 1,,ALBI 11,ALBI 07,11,17; 88,08; 18,0,12,R,15,R,5.0,14.0,0,,,COUNTER,,ALBI 11,0,0,0,0,0,ALBI 11,ALBI 07,11,08; 18,17; 88,BEAR,2x2,0,P,,0,COVER 1
381,"2025 UAB O vs Florida Atlantic, PFF Play 073",73,2,1,10,'+21,P,,,6,1,0.0,R,L,11,TREY Y OFF,SNUG,Y BNC,,X,,X,OFF,,,GN,Y INSERT,STR,ZN,GAP,WIDE OVER,4 DOWN,,,COVER 4,,ALBI 04,ALBI 07,04,85,00; 06; 18,0,11,R,1,L,14.0,0.0,0,,,INSIDE ZONE,,,0,0,0,0,0,ALBI 04,ALBI 07,04,00; 06; 18,85,WIDE OVER,3x1,1,R,,0,COVER 4
382,"2025 UAB O vs Florida Atlantic, PFF Play 074",74,2,2,10,'+21,2,,,6,2,8.0,P,L,11,TRIPS,,H IN,,,,,ON,,COMPLETE,GN,JET SWEEP,STR,DB,,BENCH,4 DOWN,,,COVER 3,,ALBI 04,ALBI 07,04,85,00; 05; 18,0,11,P,2,L,0.0,8.0,0,0.0,,,,,0,0,0,0,0,ALBI 04,ALBI 07,04,00; 05; 18,85,WIDE UNDER,3x1,0,R,ALBI 04,0,COVER 3
383,"2025 UAB O vs Florida Atlantic, PFF Play 075",75,2,3,2,'+13,3,SY,RA,6,3,0.0,R,M,12,KING U OFF,,BUZZ,,,,,SLOT,CURLS,,GF,Q POWER G LD,STR,GAP,GAP,ODD,4 DOWN,,,COVER 6,,ALBI 16,ALBI 16,03,85; 88,06; 18,0,12,R,3,C,8.0,0.0,0,,,PULL LEAD,,,0,0,0,0,0,ALBI 16,ALBI 16,03,06; 18,85; 88,ODD,3x1,0,P,,0,COVER 6
384,"2025 UAB O vs Florida Atlantic, PFF Play 076",76,2,4,2,'+13,4,SY,RA,6,4,13.0,R,L,21,TRIPS - SLOT,,T MTR,,X,,X,OPEN,CURLS,,,Q POWER G LD,STR,GAP,GAP,EVEN,4 DOWN,STUNT,BLITZ,COVER 0,,ALBI 11,ALBI 07,03; 11,85,05; 18,0,21,R,4,L,0.0,13.0,0,,,PULL LEAD,,ALBI 11,0,0,0,0,0,ALBI 11,ALBI 07,03; 11,05; 18,85,EVEN,3x2,0,R,,1,COVER 0
385,"2025 UAB O vs Florida Atlantic, PFF Play 089",89,2,1,10,'-25,P,,,7,1,10.0,P,R,11,TREY Y OFF,SNUG,,,X,X,X,OFF,,COMPLETE,GF,JET SWEEP,STR,DB,,WIDE OVER,4 DOWN,STUNT,,COVER 3,,ALBI 00,ALBI 07,03,85,00; 06; 18,0,11,P,1,R,13.0,10.0,0,0.0,,,,,0,0,0,2,0,ALBI 00,ALBI 07,03,00; 06; 18,85,WIDE OVER,1x3,0,R,ALBI 00,0,COVER 3
386,"2025 UAB O vs Florida Atlantic, PFF Play 090",90,2,1,10,'-35,P,,,7,2,6.0,P,M,11,DUO Y OFF,STK/SNUG,,,,,X,OFF,,COMPLETE,GF,JET SWEEP,STR,DB,,WIDE OVER,4 DOWN,STUNT,,COVER 3 DBL CLOUD,,ALBI 85,ALBI 07,03,85,00; 06; 18,1,11,P,2,C,10.0,6.0,0,0.0,,,,,0,0,1,2,0,ALBI 85,ALBI 07,03,00; 06; 18,85,WIDE OVER,2x2,0,P,ALBI 85,0,COVER 3 DBL CLOUD
387,"2025 UAB O vs Florida Atlantic, PFF Play 091",91,2,2,4,'-41,2,,,7,3,0.0,P,L,11,DUO Y OFF,SNUG,,,,,X,OFF,,INCOMPLETE,GN,JET SWEEP,STR,DB,,EVEN,4 DOWN,STUNT,,COVER 4,,ALBI 06,ALBI 07,11,85,00; 06; 18,0,11,P,3,L,6.0,,0,0.0,,,,,0,0,0,2,0,,ALBI 07,11,00; 06; 18,85,EVEN,2x2,0,P,ALBI 06,0,COVER 4
388,"2025 UAB O vs Florida Atlantic, PFF Play 092",92,2,3,4,'-41,3,,,7,4,0.0,P,L,11,DOUBLES,STK,Z MTR,,X,,X,OPEN,,INCOMPLETE,GN,JET SWEEP,STR,DB,,EVEN,4 DOWN,STUNT,,COVER 4,,ALBI 06,ALBI 07,03,85,00; 06; 18,0,11,P,4,L,,,0,0.0,,,,,0,0,0,2,0,,ALBI 07,03,00; 06; 18,85,EVEN,2x2,0,P,ALBI 06,0,COVER 4
389,"2025 UAB O vs Florida Atlantic, PFF Play 111",111,3,1,10,'-25,P,,,8,1,2.0,R,L,12,TREY U STING BUNCH,,Y BNC,,,,,PRO,CURLS,,PSTL,OUTSIDE ZN LD,STR,ZN,GAP,ODD,4 DOWN,,,COVER 4,,ALBI 04,ALBI 07,04,17; 88,06; 18,0,12,R,1,L,,2.0,0,,,OUTSIDE ZONE,,,0,0,0,0,0,ALBI 04,ALBI 07,04,06; 18,17; 88,ODD,3x1,0,P,,0,COVER 4
390,"2025 UAB O vs Florida Atlantic, PFF Play 112",112,3,2,8,'-27,2,,,8,2,11.0,P,R,12,DOUBLES,SNUG,Z MTR,,X,X,X,OPEN,,COMPLETE,PSTL,JET SWEEP,STR,DB,,OVER,4 DOWN,,BLITZ,COVER 3 CLOUD,,ALBI 06,ALBI 07,04,17; 88,06; 18,1,12,P,2,R,2.0,11.0,0,0.0,,,,,0,0,1,0,0,ALBI 06,ALBI 07,04,06; 18,17; 88,OVER,2x2,0,R,ALBI 06,1,COVER 3 CLOUD
391,"2025 UAB O vs Florida Atlantic, PFF Play 113",113,3,1,10,'-38,P,,,8,3,0.0,P,L,12,DOUBLES,SNUG,Z BNC,,X,X,X,OPEN,,INCOMPLETE,PSTL,INSIDE ZN RD,WK,PA,,ODD,4 DOWN,,,COVER 4,,ALBI 88,ALBI 07,04,17; 88,06; 18,0,12,P,3,L,11.0,,0,0.0,,MAN,,,0,0,0,0,0,,ALBI 07,04,06; 18,17; 88,ODD,2x2,1,P,ALBI 88,0,COVER 4
392,"2025 UAB O vs Florida Atlantic, PFF Play 114",114,3,2,10,'-38,2,,,8,4,2.0,R,L,21,PRO - OPEN,SNUG,,,,,X,OFF,,,GF,Y INSERT,STR,ZN,GAP,EVEN,4 DOWN,,,COVER 3,,ALBI 03,ALBI 07,03; 11,85,05; 18,0,21,R,4,L,,2.0,0,,,INSIDE ZONE,,,0,0,0,0,0,ALBI 03,ALBI 07,03; 11,05; 18,85,EVEN,1x2,1,P,,0,COVER 3
393,"2025 UAB O vs Florida Atlantic, PFF Play 115",115,3,3,8,'-40,3,,,8,5,11.0,P,M,11,TREY Y OFF,SNUG,Z OUT,,X,X,X,OFF,,INCOMPLETE,GF,JET SWEEP,STR,DB,,UNDER,4 DOWN,STUNT,BLITZ,COVER 1,,ALBI 00,ALBI 07,03,85,00; 05; 18,0,11,P,5,C,2.0,,0,0.0,,,FLAT D08 DPI,,0,0,0,0,0,,ALBI 07,03,00; 05; 18,85,UNDER,3x1,0,R,ALBI 00,1,COVER 1
394,"2025 UAB O vs Florida Atlantic, PFF Play 116",116,3,1,10,'+49,P,,,8,6,0.0,P,M,11,DOUBLES,STK,,,X,,X,OPEN,,INCOMPLETE,GN,JET SWEEP,STR,DB,,EVEN,4 DOWN,,,COVER 4,,ALBI 00,ALBI 07,11,85,00; 05; 18,0,11,P,6,C,,,0,0.0,,,,,0,0,0,0,0,,ALBI 07,11,00; 05; 18,85,EVEN,2x2,0,P,ALBI 00,0,COVER 4
395,"2025 UAB O vs Florida Atlantic, PFF Play 117",117,3,2,10,'+49,2,,,8,7,7.0,P,M,11,DUO Y OFF,STK/SNUG,,,,,X,OFF,,COMPLETE,GF,JET SWEEP,STR,DB,,EVEN,4 DOWN,STUNT,,COVER 2,,ALBI 18,ALBI 07,11,85,00; 05; 18,0,11,P,7,C,,7.0,0,0.0,,,,,0,0,0,0,0,ALBI 18,ALBI 07,11,00; 05; 18,85,EVEN,2x2,0,P,ALBI 18,0,COVER 2
396,"2025 UAB O vs Florida Atlantic, PFF Play 118",118,3,3,3,'+42,3,SY,,8,8,19.0,P,M,21,PRO - OPEN,SNUG,,,,,X,OFF,,COMPLETE,PSTL,JET SWEEP,STR,DB,,WIDE OVER,4 DOWN,STUNT,BLITZ,COVER 3,,ALBI 85,ALBI 07,03; 11,85,05; 18,0,21,P,8,C,7.0,19.0,0,0.0,,,,,0,0,0,0,0,ALBI 85,ALBI 07,03; 11,05; 18,85,WIDE OVER,1x2,0,P,ALBI 85,1,COVER 3
397,"2025 UAB O vs Florida Atlantic, PFF Play 119",119,3,1,10,'+23,P,,,8,9,12.0,P,R,12,ACE YU OFF,,,,,,X,OFF,,COMPLETE,PSTL,INSIDE ZN RD,WK,PA,,ODD,4 DOWN,,BLITZ,COVER 3,,ALBI 17,ALBI 07,04,17; 88,06; 18,0,12,P,9,R,19.0,12.0,1,0.0,,MAN,,,0,0,0,0,0,ALBI 17,ALBI 07,04,06; 18,17; 88,ODD,2x2,1,P,ALBI 17,1,COVER 3
398,"2025 UAB O vs Florida Atlantic, PFF Play 120",120,3,1,10,'+11,P,,RA,8,10,11.0,P,L,11,TREY Y OFF,ENDOVER,,,X,X,,OFF,,RUN,GN,JET SWEEP,STR,DB,,ODD,4 DOWN,,,RED ZONE,,ALBI 16,ALBI 16,03,88,00; 05; 18,0,11,P,10,L,12.0,11.0,0,0.0,,,,ALBI 16,0,1,0,0,0,ALBI 16,ALBI 16,03,00; 05; 18,88,ODD,0x4,0,P,,0,RED ZONE
399,"2025 UAB O vs Florida Atlantic, PFF Play 132",132,3,1,10,'-25,P,,,9,1,19.0,R,R,21,PRO - OPEN,SNUG,Y FR,,X,,,OFF,CURLS,,GS,REVERSE,STR,TRICK,GAP,BENCH,4 DOWN,,,COVER 2,,ALBI 05,ALBI 07,03; 11,17,05; 18,0,21,R,1,R,11.0,19.0,0,,,TRICK,ALBI 05 ILF,,0,1,0,0,0,ALBI 05,ALBI 07,03; 11,05; 18,17,WIDE UNDER,1x2,0,P,,0,COVER 2
400,"2025 UAB O vs Florida Atlantic, PFF Play 133",133,3,1,15,'-20,1,,,9,2,43.0,P,R,12,OTHER,,,,,,,,,COMPLETE,GEMP,JET SWEEP,STR,DB,,ONE INTERIOR,4 DOWN,,,COVER 6,,ALBI 11,ALBI 07,11,17; 88,06; 18,0,12,P,2,R,19.0,43.0,1,0.0,,,,,1,0,0,0,0,ALBI 11,ALBI 07,11,06; 18,17; 88,ONE INTERIOR,5x2,0,R,ALBI 11,0,COVER 6
401,"2025 UAB O vs Florida Atlantic, PFF Play 134",134,3,1,10,'+37,P,,,9,3,9.0,R,L,11,TREY Y OFF FIB,SNUG,,,X,X,X,OFF,CURLS,,PSTL,OUTSIDE ZN LD,STR,ZN,GAP,EVEN,4 DOWN,,,COVER 4,,ALBI 11,ALBI 07,11,17,00; 05; 18,0,11,R,3,L,43.0,9.0,0,,,OUTSIDE ZONE,,,0,0,0,0,0,ALBI 11,ALBI 07,11,00; 05; 18,17,EVEN,3x1,0,P,,0,COVER 4
402,"2025 UAB O vs Florida Atlantic, PFF Play 135",135,3,2,1,'+28,2,SY,,9,4,-2.0,R,L,11,TREY Y OFF,SNUG,,,X,X,X,OFF,CURLS,,GN,Y INSERT,WK,ZN,GAP,EVEN,4 DOWN,STUNT,,COVER 2,,ALBI 11,ALBI 07,11,17,00; 05; 18,1,11,R,4,L,9.0,-2.0,0,,,MAN,,,0,0,1,0,0,ALBI 11,ALBI 07,11,00; 05; 18,17,EVEN,3x1,0,R,,0,COVER 2
403,"2025 UAB O vs Florida Atlantic, PFF Play 136",136,3,3,3,'+30,3,SY,,9,5,0.0,P,L,12,TREY U STING,SNUG,,,X,X,X,PRO,,INCOMPLETE,GN,JET SWEEP,STR,DB,,ODD,4 DOWN,,,COVER 4,,ALBI 17,ALBI 07,04,17; 88,06; 18,0,12,P,5,L,-2.0,,0,0.0,,,,,0,0,0,0,0,,ALBI 07,04,06; 18,17; 88,ODD,3x1,0,R,ALBI 17,0,COVER 4
404,"2025 UAB O vs Florida Atlantic, PFF Play 137",137,3,4,3,'+30,4,SY,,9,6,27.0,P,L,11,DUO Y OFF,SNUG,,,,,X,OFF,,COMPLETE,PSTL,JET SWEEP,WK,DB,,WIDE OVER,4 DOWN,STUNT,BLITZ,COVER 1,,ALBI 04,ALBI 07,04,17,00; 05; 18,0,11,P,6,L,,27.0,0,0.0,,,,,0,0,0,0,0,ALBI 04,ALBI 07,04,00; 05; 18,17,WIDE OVER,2x2,0,P,ALBI 04,1,COVER 1
405,"2025 UAB O vs Florida Atlantic, PFF Play 138",138,3,1,3,'+3,1,SY/GL,RA,9,7,3.0,P,R,22,WING - OPEN,,,,,,,,,COMPLETE,,Y INSERT,STR,PA,,BEAR,4 DOWN,,BLITZ,COVER 1,,ALBI 03,ALBI 07,03; 04,17; 88,18,0,22,P,7,R,27.0,3.0,0,0.0,,MAN,,ALBI 03,0,0,0,0,0,ALBI 03,ALBI 07,03; 04,18,17; 88,BEAR,1x2,0,P,ALBI 03,1,COVER 1
406,"2025 UAB O vs Florida Atlantic, PFF Play 151",151,4,1,10,'-37,P,,,10,1,9.0,R,M,21,PRO - OPEN,SNUG,,,,,X,OFF,,,GS,CTR OY,WK,GAP,GAP,WIDE OVER,4 DOWN,STUNT,,COVER 2,,ALBI 04,ALBI 07,04; 11,17,05; 18,0,21,R,1,C,3.0,9.0,0,,,COUNTER,,,0,0,0,0,0,ALBI 04,ALBI 07,04; 11,05; 18,17,WIDE OVER,2x1,1,P,,0,COVER 2
407,"2025 UAB O vs Florida Atlantic, PFF Play 152",152,4,2,1,'-46,2,SY,,10,2,5.0,R,L,21,DUO Y OFF,SNUG,T MTR,,,,X,OFF,CURLS,,GN,Q CTR OT RD,STR,GAP,GAP,WIDE OVER,4 DOWN,,,COVER 3,,ALBI 04,ALBI 07,04; 11,17,05; 18,1,21,R,2,L,9.0,5.0,0,,,COUNTER,,,0,0,1,0,0,ALBI 04,ALBI 07,04; 11,05; 18,17,WIDE OVER,2x2,0,R,,0,COVER 3
408,"2025 UAB O vs Florida Atlantic, PFF Play 153",153,4,1,10,'+49,P,,,10,3,4.0,P,L,21,DOUBLES,STK,,,X,,X,OPEN,,COMPLETE,GF,JET SWEEP,STR,DB,,WIDE OVER,4 DOWN,,,COVER 2,,ALBI 11,ALBI 07,04; 11,17,05; 18,0,21,P,3,L,5.0,4.0,1,0.0,,,,,0,0,0,0,0,ALBI 11,ALBI 07,04; 11,05; 18,17,WIDE OVER,2x2,0,R,ALBI 11,0,COVER 2
409,"2025 UAB O vs Florida Atlantic, PFF Play 154",154,4,2,6,'+45,2,,,10,4,4.0,R,L,12,PRO - OPEN,SNUG,B MTR,,,,X,OFF,CURLS,,PSTL,OUTSIDE ZN LD,STR,ZN,GAP,ODD,4 DOWN,,,COVER 4,,ALBI 04,ALBI 07,04,17; 88,06; 18,0,12,R,4,L,4.0,4.0,0,,,OUTSIDE ZONE,,,0,0,0,0,0,ALBI 04,ALBI 07,04,06; 18,17; 88,ODD,2x1,0,P,,0,COVER 4
410,"2025 UAB O vs Florida Atlantic, PFF Play 155",155,4,3,2,'+41,3,SY,,10,5,3.0,R,R,12,TREY U HIP,,X MTR,,,,,WING PRO,,,GF,Y INSERT,STR,ZN,GAP,UNDER,4 DOWN,,,COVER 4,,ALBI 03,ALBI 07,03,17; 88,06; 18,0,12,R,5,R,4.0,3.0,0,,,INSIDE ZONE,,,0,0,0,0,0,ALBI 03,ALBI 07,03,06; 18,17; 88,UNDER,1x3,1,R,,0,COVER 4
411,"2025 UAB O vs Florida Atlantic, PFF Play 156",156,4,1,10,'+38,P,,,10,6,9.0,P,R,12,KING U OFF,,,,,,,SLOT,,COMPLETE,GF,,STR,PA,,BENCH,4 DOWN,,BLITZ,COVER 3,,ALBI 03,ALBI 07,03,17; 88,06; 12,0,12,P,6,R,3.0,9.0,0,0.0,,UNDEFINED,,,0,0,0,0,0,ALBI 03,ALBI 07,03,06; 12,17; 88,WIDE UNDER,1x3,0,R,ALBI 03,1,COVER 3
412,"2025 UAB O vs Florida Atlantic, PFF Play 157",157,4,2,1,'+29,2,SY,,10,7,0.0,R,R,12,TREY Y OFF,SNUG,,,X,X,X,OFF,CURLS,,GN,Q POWER G LD,STR,GAP,GAP,WIDE OVER,4 DOWN,STUNT,,COVER 2,,ALBI 03,ALBI 07,03,17; 88,06; 12,1,12,R,7,R,9.0,0.0,0,,,PULL LEAD,,,0,0,1,0,0,ALBI 03,ALBI 07,03,06; 12,17; 88,WIDE OVER,1x3,0,P,,0,COVER 2
413,"2025 UAB O vs Florida Atlantic, PFF Play 158",158,4,3,1,'+29,3,SY,,10,8,8.0,R,L,12,TREY U STING,SNUG,,,X,X,X,PRO,CURLS,,GN,Y INSERT,WK,ZN,GAP,UNDER,4 DOWN,,BLITZ,COVER 4,,ALBI 03,ALBI 07,03,17; 88,06; 12,0,12,R,8,L,0.0,8.0,0,,,MAN,,,0,0,0,0,0,ALBI 03,ALBI 07,03,06; 12,17; 88,UNDER,3x1,0,R,,1,COVER 4
414,"2025 UAB O vs Florida Atlantic, PFF Play 159",159,4,1,10,'+21,P,,,10,9,-5.0,P,M,12,TREY U HIP,,X MTR,,,,,WING PRO,,INCOMPLETE,GN,Y INSERT,STR,PA,,ODD,4 DOWN,STUNT,BLITZ,COVER 3,,ALBI 17,ALBI 07,04,17; 88,06; 18,0,12,P,9,C,8.0,,0,0.0,,INSIDE ZONE,ALBI 68 IDP; (D) ALBI 70 IDP,,0,0,0,0,0,,ALBI 07,04,06; 18,17; 88,ODD,1x3,1,R,ALBI 17,1,COVER 3
415,"2025 UAB O vs Florida Atlantic, PFF Play 160",160,4,1,15,'+26,1,,,10,10,2.0,P,M,11,TRIPS - OPEN,Y AT 3,T RELOAD,,X,,X,OPEN,,COMPLETE,GF,JET SWEEP,STR,DB,,ODD,4 DOWN,,,COVER 3,,ALBI 04,ALBI 07,04,88,00; 05; 18,0,11,P,10,C,,2.0,0,0.0,,,,,0,0,0,0,0,ALBI 04,ALBI 07,04,00; 05; 18,88,ODD,3x1,0,P,ALBI 04,0,COVER 3
416,"2025 UAB O vs Florida Atlantic, PFF Play 161",161,4,2,13,'+24,2,,,10,11,7.0,P,R,11,TREY Y OFF,SNUG,,,X,X,X,OFF,,COMPLETE,GF,JET SWEEP,STR,DB,,BENCH,4 DOWN,STUNT,,COVER 2,,ALBI 00,ALBI 07,11,88,00; 05; 18,0,11,P,11,R,2.0,7.0,1,0.0,,,,,0,0,0,0,0,ALBI 00,ALBI 07,11,00; 05; 18,88,WIDE UNDER,1x3,0,P,ALBI 00,0,COVER 2
417,"2025 UAB O vs Florida Atlantic, PFF Play 162",162,4,3,6,'+17,3,,RA,10,12,0.0,P,L,11,TRIPS,,,,,,,ON,,INCOMPLETE,GN,JET SWEEP,STR,DB,,BEAR,4 DOWN,STUNT,BLITZ,COVER 1,,ALBI 00,ALBI 07,11,88,00; 05; 18,0,11,P,12,L,7.0,,0,0.0,,,,,0,0,0,0,0,,ALBI 07,11,00; 05; 18,88,BEAR,3x1,0,P,ALBI 00,1,COVER 1
418,"2025 UAB O vs Florida Atlantic, PFF Play 163",163,4,4,6,'+17,4,,RA,10,13,13.0,P,L,11,TREY Y OFF,SNUG,,,X,,X,OFF,,RUN,GF,JET SWEEP,STR,DB,,BEAR,4 DOWN,STUNT,BLITZ,COVER 1,,ALBI 07,ALBI 07,03,88,00; 05; 18,0,11,P,13,L,,13.0,0,0.0,,,ALBI 77 OH,,0,0,0,0,0,ALBI 07,ALBI 07,03,00; 05; 18,88,BEAR,3x1,0,P,,1,COVER 1
419,"2025 UAB O vs Florida Atlantic, PFF Play 176",176,4,1,10,'-25,P,,,11,1,5.0,P,R,11,DUO Y OFF,SNUG,Y MTR,,X,,X,OFF,,COMPLETE,GN,JET SWEEP,STR,DB,,BENCH,4 DOWN,,BLITZ,COVER 3,,ALBI 18,ALBI 07,04,88,00; 05; 18,0,11,P,1,R,13.0,5.0,0,0.0,,,ALBI 77 UNR,,0,0,0,0,1,ALBI 18,ALBI 07,04,00; 05; 18,88,WIDE UNDER,2x2,0,P,ALBI 18,1,COVER 3
420,"2025 UAB O vs Florida Atlantic, PFF Play 177",177,4,2,20,'-15,2,,,11,2,5.0,P,R,11,DOUBLES,STK,,,X,,X,OPEN,,COMPLETE,GN,JET SWEEP,WK,DB,,EVEN,4 DOWN,,BLITZ,COVER 3,,ALBI 00,ALBI 07,04,88,00; 05; 18,0,11,P,2,R,5.0,5.0,0,0.0,,,,,0,0,0,0,1,ALBI 00,ALBI 07,04,00; 05; 18,88,EVEN,2x2,0,P,ALBI 00,1,COVER 3
421,"2025 UAB O vs Florida Atlantic, PFF Play 178",178,4,3,15,'-20,3,,,11,3,0.0,P,R,11,TREY Y OFF,SNUG,,,X,X,X,OFF,,INCOMPLETE,GF,JET SWEEP,STR,DB,,ODD,4 DOWN,,,COVER 2,,ALBI 88,ALBI 07,04,88,00; 05; 18,0,11,P,3,R,5.0,,0,0.0,,,,,0,0,0,0,1,,ALBI 07,04,00; 05; 18,88,ODD,1x3,0,P,ALBI 88,0,COVER 2
422,"2025 UAB O vs Florida Atlantic, PFF Play 179",179,4,4,15,'-20,4,,,11,4,-4.0,P,R,11,DUO Y OFF,SNUG,,,,,X,OFF,,SACK,GN,JET SWEEP,STR,DB,,ODD,4 DOWN,,,COVER 2,,ALBI 07,ALBI 07,04,88,00; 05; 18,0,11,P,4,R,,-4.0,0,0.0,,,,,0,0,0,0,1,ALBI 07,ALBI 07,04,00; 05; 18,88,ODD,2x2,0,P,,0,COVER 2
423,"2025 UAB O vs Memphis, PFF Play 002",2,1,1,10,'-25,P,,,1,1,5.0,R,R,10,DOUBLES,STK,,,X,,X,OPEN,,,GN,Y INSERT,ZN,ZN,GAP,ODD,4 DOWN,,,COVER 3,,ALBI 04,ALBI 15,04,,00; 02; 06; 18,0,10,R,1,R,,5.0,0,,,INSIDE ZONE,,,0,0,0,0,0,ALBI 04,ALBI 15,04,00; 02; 06; 18,,ODD,2x2,1,,,0,COVER 3
424,"2025 UAB O vs Memphis, PFF Play 003",3,1,2,5,'-30,2,,,1,2,3.0,R,R,12,TREY U STING,SNUG,Y FR,,,,X,PRO,,,GN,ZONE RD ARC,STR,ZN,GAP,OVER,4 DOWN,,,COVER 4,,ALBI 04,ALBI 15,04,17; 88,00; 06,1,12,R,2,R,5.0,3.0,0,,,INSIDE ZONE,,,0,0,1,0,0,ALBI 04,ALBI 15,04,00; 06,17; 88,OVER,1x3,1,R,,0,COVER 4
425,"2025 UAB O vs Memphis, PFF Play 004",4,1,3,2,'-33,3,SY,,1,3,3.0,P,M,22,DUO Y OFF,SNUG,T MTR,,,,X,OFF,,COMPLETE,GN,JET SWEEP,STR,DB,,UNDER,4 DOWN,,BLITZ,COVER 3,,ALBI 11,ALBI 15,03; 11,17; 85,12,0,22,P,3,C,3.0,3.0,1,0.0,,,,,0,0,0,0,0,ALBI 11,ALBI 15,03; 11,12,17; 85,UNDER,2x2,0,R,ALBI 11,1,COVER 3
426,"2025 UAB O vs Memphis, PFF Play 005",5,1,1,10,'-36,P,,,1,4,-1.0,R,R,12,TREY Y OFF,SNUG,Y FR,,X,,X,OFF,CURLS,,PSTL,PIN PULL SS,STR,GAP,GAP,OVER,4 DOWN,,,COVER 3,,ALBI 04,ALBI 15,04,17; 85,06; 18,1,12,R,4,R,3.0,-1.0,0,,,COUNTER,,,0,0,1,0,0,ALBI 04,ALBI 15,04,06; 18,17; 85,OVER,1x3,0,P,,0,COVER 3
427,"2025 UAB O vs Memphis, PFF Play 006",6,1,2,11,'-35,2,,,1,5,9.0,P,R,11,TRIPS - PRO,Y FLEX/STK,TOZ,,X,,,OPEN,,COMPLETE,GEMP,JET SWEEP,STR,DB,,ODD,4 DOWN,STUNT,,COVER 3,,ALBI 00,ALBI 15,04,85,00; 06; 18,0,11,P,5,R,-1.0,9.0,0,0.0,,,,,0,0,0,0,0,ALBI 00,ALBI 15,04,00; 06; 18,85,ODD,2x3,0,R,ALBI 00,0,COVER 3
428,"2025 UAB O vs Memphis, PFF Play 007",7,1,3,2,'-44,3,SY,,1,6,3.0,R,L,12,TREY Y OFF,SNUG,,,X,X,X,OFF,CURLS,,,,,ZN,GAP,OVER,4 DOWN,,,COVER 3 CLOUD,,ALBI 15,ALBI 15,11,17; 85,06; 18,0,12,R,6,L,9.0,3.0,0,,,SNEAK,,,0,0,0,0,0,ALBI 15,ALBI 15,11,06; 18,17; 85,OVER,3x1,0,P,,0,COVER 3 CLOUD
429,"2025 UAB O vs Memphis, PFF Play 008",8,1,1,10,'-47,P,,,1,7,15.0,R,L,30,OPEN - OPEN,,,,,,,,,,,INSIDE ZN RD,STR,ZN,GAP,ODD,4 DOWN,,,COVER 3 CLOUD,,ALBI 16,ALBI 16,03; 04; 11,,02; 18,0,30,R,7,L,3.0,15.0,0,,,MAN,,,0,0,0,0,0,ALBI 16,ALBI 16,03; 04; 11,02; 18,,ODD,1x1,1,R,,0,COVER 3 CLOUD
430,"2025 UAB O vs Memphis, PFF Play 009",9,1,1,10,'+38,P,,,1,8,5.0,R,R,12,TREY YU OFF,ENDOVER,,,X,X,,OFF,CURLS,,,REVERSE,STR,TRICK,GAP,UNDER,4 DOWN,,,COVER 3 CLOUD,,ALBI 06,ALBI 15,11,17; 85,06; 18,0,12,R,8,R,15.0,5.0,0,,,TRICK,,,0,1,0,0,0,ALBI 06,ALBI 15,11,06; 18,17; 85,UNDER,4x0,0,R,,0,COVER 3 CLOUD
431,"2025 UAB O vs Memphis, PFF Play 010",10,1,2,5,'+33,2,,,1,9,18.0,R,L,11,TREY Y OFF,SNUG,Y MTR,,X,,X,OFF,CURLS,,GN,Q SPL ZN,STR,ZN,GAP,ODD,4 DOWN,STUNT,,COVER 1,,ALBI 11,ALBI 15,11,88,00; 06; 12,0,11,R,9,L,5.0,18.0,0,,,INSIDE ZONE,,,0,0,0,0,0,ALBI 11,ALBI 15,11,00; 06; 12,88,ODD,3x1,0,R,,0,COVER 1
432,"2025 UAB O vs Memphis, PFF Play 011",11,1,1,10,'+15,P,,RA,1,10,15.0,P,L,11,EMPTY 3x2 Y OFF,,Y MTR,,X,,X,OFF,,COMPLETE,GEMP,JET SWEEP,STR,DB,,ODD,4 DOWN,STUNT,,COVER 3,,ALBI 00,ALBI 15,11,88,00; 06; 12,0,11,P,10,L,18.0,15.0,0,0.0,,,,ALBI 00,0,0,0,0,0,ALBI 00,ALBI 15,11,00; 06; 12,88,ODD,3x2,0,R,ALBI 00,0,COVER 3
433,"2025 UAB O vs Memphis, PFF Play 016",16,1,1,10,'-25,P,,,2,1,4.0,R,R,13,TOAD WING - CLOSED,,,,,,,,CURLS,,GN,SPL ZN SS,ZN,ZN,GAP,ONE INTERIOR,5 DOWN,STUNT,,COVER 2,,ALBI 04,ALBI 15,04,17; 40; 85,00,0,13,R,1,R,15.0,4.0,0,,,INSIDE ZONE,,,0,1,0,0,0,ALBI 04,ALBI 15,04,00,17; 40; 85,ONE INTERIOR,1x3,0,P,,0,COVER 2
434,"2025 UAB O vs Memphis, PFF Play 017",17,1,2,6,'-29,2,,,2,2,-11.0,P,R,12,ACE YU OFF,,,,,,X,OFF,,SACK,GF,JET SWEEP,STR,DB,,ODD,4 DOWN,STUNT,BLITZ,COVER 2,,ALBI 15,ALBI 15,04,17; 85,00; 06,0,12,P,2,R,4.0,-11.0,0,0.0,,,,,0,0,0,0,0,ALBI 15,ALBI 15,04,00; 06,17; 85,ODD,2x2,0,R,,1,COVER 2
435,"2025 UAB O vs Memphis, PFF Play 018",18,1,3,17,'-18,3,,,2,3,15.0,P,R,11,TREY Y OFF,SNUG,,,X,X,X,OFF,,COMPLETE,GF,JET SWEEP,STR,DB,,BEAR,4 DOWN,STUNT,BLITZ,COVER 1,,ALBI 18,ALBI 15,04,17,00; 06; 18,0,11,P,3,R,-11.0,15.0,0,0.0,,,TNMS D02 DH,,0,0,0,0,0,ALBI 18,ALBI 15,04,00; 06; 18,17,BEAR,1x3,0,P,ALBI 18,1,COVER 1
436,"2025 UAB O vs Memphis, PFF Play 019",19,1,1,10,'-28,P,,,2,4,3.0,R,R,11,TRIPS,STK,Z ORB,,,,X,ON,,,GN,Y INSERT,STR,ZN,GAP,OVER,4 DOWN,STUNT,,COVER 2,,ALBI 04,ALBI 15,04,17,00; 06; 18,0,11,R,4,R,15.0,3.0,0,,,INSIDE ZONE,,,0,0,0,0,0,ALBI 04,ALBI 15,04,00; 06; 18,17,OVER,1x3,1,P,,0,COVER 2
437,"2025 UAB O vs Memphis, PFF Play 020",20,1,2,7,'-31,2,,,2,5,3.0,R,M,30,DOUBLES,STK,TOZ,,,,,OPEN,,,GN,ZONE RD ARC,STR,ZN,GAP,ODD,4 DOWN,STUNT,,COVER 3,,ALBI 03,ALBI 15,03; 04; 11,,02; 18,0,30,R,5,C,3.0,3.0,0,,,INSIDE ZONE,,,0,0,0,0,0,ALBI 03,ALBI 15,03; 04; 11,02; 18,,ODD,2x2,1,R,,0,COVER 3
438,"2025 UAB O vs Memphis, PFF Play 021",21,1,3,4,'-34,3,,,2,6,9.0,P,M,11,TREY Y OFF,SNUG,,,X,X,X,OFF,,COMPLETE,GF,JET SWEEP,STR,DB,,BEAR,4 DOWN,STUNT,BLITZ,COVER 2,,ALBI 00,ALBI 15,03,17,00; 06; 18,0,11,P,6,C,3.0,9.0,0,0.0,,,,,0,0,0,0,0,ALBI 00,ALBI 15,03,00; 06; 18,17,BEAR,3x1,0,R,ALBI 00,1,COVER 2
439,"2025 UAB O vs Memphis, PFF Play 022",22,1,1,10,'-43,P,,,2,7,7.0,P,R,12,OTHER,,,,,,,,,COMPLETE,GF,Y INSERT,STR,PA,,WIDE OVER,4 DOWN,,BLITZ,COVER 3,,ALBI 88,ALBI 15,11,17; 88,00; 18,0,12,P,7,R,9.0,7.0,0,0.0,,INSIDE ZONE,,,1,1,0,0,0,ALBI 88,ALBI 15,11,00; 18,17; 88,WIDE OVER,4x2,1,P,ALBI 88,1,COVER 3
440,"2025 UAB O vs Memphis, PFF Play 023",23,1,2,3,'+50,2,SY,,2,8,4.0,R,L,21,PRO - OPEN,SNUG,Z ORB,,,,,OFF,CURLS,,PSTL,Y INSERT,STR,ZN,GAP,OVER,4 DOWN,,,COVER 3,,ALBI 04,ALBI 15,03; 04,88,00; 06,0,21,R,8,L,7.0,4.0,0,,,MAN,,,0,0,0,0,0,ALBI 04,ALBI 15,03; 04,00; 06,88,OVER,1x2,0,P,,0,COVER 3
441,"2025 UAB O vs Memphis, PFF Play 024",24,1,1,10,'+46,P,,,2,9,3.0,R,L,21,TRIPS - OPEN,STK,,,X,,X,OPEN,,,GN,ZONE RD ARC,STR,ZN,GAP,UNDER,4 DOWN,STUNT,BLITZ,COVER 3,,ALBI 15,ALBI 15,04; 11,85,00; 06,0,21,R,9,L,4.0,3.0,0,,,INSIDE ZONE,,,0,0,0,0,0,ALBI 15,ALBI 15,04; 11,00; 06,85,UNDER,3x1,1,R,,1,COVER 3
442,"2025 UAB O vs Memphis, PFF Play 025",25,1,2,7,'+43,2,,,2,10,-3.0,R,R,12,TREY Y OFF,SNUG,Y FR,,X,,X,OFF,CURLS,,PSTL,OUTSIDE ZN LD,STR,ZN,GAP,OVER,4 DOWN,,BLITZ,COVER 4,,ALBI 03,ALBI 15,03,17; 85,06; 18,0,12,R,10,R,3.0,-3.0,0,,,OUTSIDE ZONE,,,0,0,0,0,0,ALBI 03,ALBI 15,03,06; 18,17; 85,OVER,1x3,0,R,,1,COVER 4
443,"2025 UAB O vs Memphis, PFF Play 026",26,1,3,10,'+46,3,,,2,11,-5.0,X,M,11,TREY Y OFF,SNUG,H IN,,X,X,X,OFF,CURLS,,GF,JET SWEEP,STR,,GAP,WIDE OVER,4 DOWN,,,,,,ALBI 15,03,85,00; 06; 18,0,11,X,11,C,-3.0,,0,,,,ALBI 72 FST,,0,0,0,0,0,,ALBI 15,03,00; 06; 18,85,WIDE OVER,1x3,0,R,,0,
444,"2025 UAB O vs Memphis, PFF Play 027",27,1,3,15,'-49,3,,,2,12,0.0,P,M,11,TRIPS,,,,,,,ON,,INTERCEPTION,GN,JET SWEEP,WK,DB,,LOAD,4 DOWN,STUNT,,COVER 3,,ALBI 06,ALBI 15,03,85,00; 06; 18,0,11,P,12,C,,,0,0.0,,,,,0,0,0,0,0,,ALBI 15,03,00; 06; 18,85,LOAD,1x3,0,X,ALBI 06,0,COVER 3
445,"2025 UAB O vs Memphis, PFF Play 034",34,1,1,10,'-40,P,,,3,1,2.0,R,L,21,TREY Y OFF,SNUG,,,X,X,X,OFF,,,GN,CTR OY,WK,GAP,GAP,OVER,4 DOWN,,,COVER 3,,ALBI 03,ALBI 15,03; 11,85,00; 12,0,21,R,1,L,,2.0,0,,,COUNTER,,,0,0,0,0,0,ALBI 03,ALBI 15,03; 11,00; 12,85,OVER,1x3,1,P,,0,COVER 3
446,"2025 UAB O vs Memphis, PFF Play 035",35,2,2,8,'-42,2,,,3,2,3.0,R,M,13,PRO - WING,,,,,,,,CURLS,,GF,Q SPL ZN,STR,ZN,GAP,WIDE OVER,5 DOWN,STUNT,,COVER 2,,ALBI 03,ALBI 15,03,17; 85; 88,12,0,13,R,2,C,2.0,3.0,0,,,INSIDE ZONE,,,0,0,0,0,0,ALBI 03,ALBI 15,03,12,17; 85; 88,WIDE OVER,2x2,0,R,,0,COVER 2
447,"2025 UAB O vs Memphis, PFF Play 036",36,2,3,5,'-45,3,,,3,3,8.0,P,L,21,DUO Y OFF,SNUG,TOZ,,X,,X,OFF,,COMPLETE,GN,JET SWEEP,WK,DB,,BEAR,4 DOWN,STUNT,,COVER 2,,ALBI 00,ALBI 15,03; 11,17,00; 06,0,21,P,3,L,3.0,8.0,0,0.0,,,,,0,0,0,0,0,ALBI 00,ALBI 15,03; 11,00; 06,17,BEAR,2x2,0,R,ALBI 00,0,COVER 2
448,"2025 UAB O vs Memphis, PFF Play 037",37,2,1,10,'+47,P,,,3,4,0.0,R,L,11,DUO Y OFF,STK/SNUG,Z MTR,,,,X,OFF,CURLS,,GF,SPL ZN,STR,ZN,GAP,ODD,4 DOWN,STUNT,BLITZ,COVER 4,,ALBI 16,ALBI 16,04,17,00; 06; 12,0,11,R,4,L,8.0,0.0,0,,,INSIDE ZONE,,,0,0,0,0,0,ALBI 16,ALBI 16,04,00; 06; 12,17,ODD,2x2,0,P,,1,COVER 4
449,"2025 UAB O vs Memphis, PFF Play 038",38,2,2,10,'+47,2,,,3,5,6.0,R,L,12,KING U OFF,,Z ORB,,,,X,SLOT,,,GF,INSIDE ZN,STR,ZN,GAP,UNDER,4 DOWN,STUNT,,COVER 3,,ALBI 04,ALBI 15,04,17; 88,00; 06,0,12,R,5,L,0.0,6.0,0,,,INSIDE ZONE,,,0,0,0,0,0,ALBI 04,ALBI 15,04,00; 06,17; 88,UNDER,1x3,1,R,,0,COVER 3
450,"2025 UAB O vs Memphis, PFF Play 039",39,2,3,4,'+41,3,,,3,6,2.0,P,L,21,PRO,,H MTR,,,,,ON,,COMPLETE,GS,JET SWEEP,WK,DB,,BEAR,4 DOWN,,BLITZ,COVER 3,,ALBI 06,ALBI 15,03; 11,17,00; 06,0,21,P,6,L,6.0,2.0,0,0.0,,,,,0,0,0,0,0,ALBI 06,ALBI 15,03; 11,00; 06,17,BEAR,2x1,0,R,ALBI 06,1,COVER 3
451,"2025 UAB O vs Memphis, PFF Play 040",40,2,4,2,'+39,4,SY,,3,7,10.0,R,L,13,ACE YU OFF,,T MTR,,,,X,OFF,CURLS,,,REVERSE,STR,TRICK,GAP,BEAR,4 DOWN,,,COVER 4,,ALBI 04,ALBI 15,04,17; 40; 88,18,0,13,R,7,L,2.0,10.0,0,,,TRICK,,,0,0,0,0,0,ALBI 04,ALBI 15,04,18,17; 40; 88,BEAR,2x2,0,P,,0,COVER 4
452,"2025 UAB O vs Memphis, PFF Play 041",41,2,1,10,'+29,P,,,3,8,10.0,P,R,11,DUO Y OFF,SNUG,Z OUT,,,,X,OFF,,COMPLETE,GN,JET SWEEP,STR,DB,,ODD,4 DOWN,STUNT,,COVER 4,,ALBI 00,ALBI 15,11,85,00; 06; 18,0,11,P,8,R,10.0,10.0,0,0.0,,,,,0,0,0,0,0,ALBI 00,ALBI 15,11,00; 06; 18,85,ODD,2x2,0,R,ALBI 00,0,COVER 4
453,"2025 UAB O vs Memphis, PFF Play 042",42,2,1,10,'+19,P,,RA,3,9,19.0,R,L,12,SLOT - WING,,,,,,,SLOT,,,GN,INSIDE ZN,ZN,ZN,GAP,OVER,4 DOWN,STUNT,,COVER 4,,ALBI 11,ALBI 15,11,17; 85,00; 06,0,12,R,9,L,10.0,19.0,0,,,INSIDE ZONE,ALBI 85 OH,,0,0,0,0,0,ALBI 11,ALBI 15,11,00; 06,17; 85,OVER,2x2,1,P,,0,COVER 4
454,"2025 UAB O vs Memphis, PFF Play 043",43,2,1,20,'+29,1,,,3,10,0.0,P,L,11,TREY Y OFF,SNUG,Y MTR,,X,,X,OFF,,INCOMPLETE,GN,Y INSERT,STR,PA,,OVER,4 DOWN,,,COVER 2,,ALBI 06,ALBI 15,11,17,00; 06; 18,0,11,P,10,L,19.0,,0,0.0,,INSIDE ZONE,,,0,0,0,0,0,,ALBI 15,11,00; 06; 18,17,OVER,3x1,1,R,ALBI 06,0,COVER 2
455,"2025 UAB O vs Memphis, PFF Play 044",44,2,2,20,'+29,2,,,3,11,11.0,P,L,10,DOUBLES,STK,Z IN,,X,,X,OPEN,,COMPLETE,GN,JET SWEEP,STR,DB,,ODD,4 DOWN,STUNT,,COVER 2,,ALBI 00,ALBI 15,11,,00; 02; 06; 18,0,10,P,11,L,,11.0,0,0.0,,,,,0,0,0,0,0,ALBI 00,ALBI 15,11,00; 02; 06; 18,,ODD,2x2,0,P,ALBI 00,0,COVER 2
456,"2025 UAB O vs Memphis, PFF Play 045",45,2,3,9,'+18,3,,RA,3,12,13.0,R,M,12,KING U OFF,,,,,,,SLOT,,,GN,SPL ZN SS,ZN,ZN,GAP,BEAR,4 DOWN,STUNT,,COVER 4,,ALBI 03,ALBI 15,03,17; 88,06; 18,0,12,R,12,C,11.0,13.0,0,,,INSIDE ZONE,,,0,0,0,0,0,ALBI 03,ALBI 15,03,06; 18,17; 88,BEAR,3x1,1,P,,0,COVER 4
457,"2025 UAB O vs Memphis, PFF Play 046",46,2,1,5,'+5,1,GL,RA,3,13,1.0,R,M,13,PRO - WING,,,,,,,,,,GN,INSIDE ZN,ZN,ZN,GAP,BEAR,5 DOWN,STUNT,,RED ZONE,,ALBI 03,ALBI 15,03,17; 85; 88,12,0,13,R,13,C,13.0,1.0,0,,,INSIDE ZONE,,,0,0,0,0,0,ALBI 03,ALBI 15,03,12,17; 85; 88,BEAR,2x2,1,R,,0,RED ZONE
458,"2025 UAB O vs Memphis, PFF Play 047",47,2,2,4,'+4,2,GL,RA,3,14,1.0,R,M,12,TREY U STING,SNUG,,,X,X,X,PRO,CURLS,,GN,Q SPL ZN,STR,ZN,GAP,JACK,4 DOWN,STUNT,,RED ZONE,,ALBI 16,ALBI 16,03,17; 85,06; 18,0,12,R,14,C,1.0,1.0,0,,,INSIDE ZONE,,,0,0,0,0,0,ALBI 16,ALBI 16,03,06; 18,17; 85,OTHER,3x1,0,R,,0,RED ZONE
459,"2025 UAB O vs Memphis, PFF Play 048",48,2,3,3,'+3,3,SY/GL,RA,3,15,0.0,R,L,11,DUO Y OFF,SNUG,,,,,X,OFF,,,GN,INSIDE ZN,ZN,ZN,GAP,OVER,4 DOWN,STUNT,,RED ZONE,,ALBI 11,ALBI 15,11,85,00; 06; 18,0,11,R,15,L,1.0,0.0,0,,,INSIDE ZONE,,,0,0,0,0,0,ALBI 11,ALBI 15,11,00; 06; 18,85,OVER,2x2,1,R,,0,RED ZONE
460,"2025 UAB O vs Memphis, PFF Play 066",66,2,1,10,'-25,P,,,4,1,7.0,P,R,11,TRIPS - OPEN,Y AT 2,,,X,,X,OPEN,,COMPLETE,GF,JET SWEEP,STR,DB,,ODD,4 DOWN,STUNT,,COVER 2,,ALBI 17,ALBI 15,04,17,00; 06; 18,0,11,P,1,R,0.0,7.0,0,0.0,,,,,0,0,0,2,0,ALBI 17,ALBI 15,04,00; 06; 18,17,ODD,1x3,0,R,ALBI 17,0,COVER 2
461,"2025 UAB O vs Memphis, PFF Play 067",67,2,2,3,'-32,2,SY,,4,2,17.0,P,L,11,DUO Y OFF,SNUG,,,,,X,OFF,,COMPLETE,GN,JET SWEEP,STR,DB,,ODD,4 DOWN,STUNT,,COVER 3,,ALBI 06,ALBI 15,04,17,00; 06; 18,1,11,P,2,L,7.0,17.0,0,0.0,,,,,0,0,1,2,0,ALBI 06,ALBI 15,04,00; 06; 18,17,ODD,2x2,0,P,ALBI 06,0,COVER 3
462,"2025 UAB O vs Memphis, PFF Play 068",68,2,1,10,'-49,P,,,4,3,0.0,P,L,11,DUO Y OFF,STK/SNUG,,,,,X,OFF,,INCOMPLETE,GF,JET SWEEP,STR,DB,,UNDER,4 DOWN,STUNT,,COVER 3 SEAM,,ALBI 06,ALBI 15,04,17,00; 06; 18,1,11,P,3,L,17.0,,0,0.0,,,,,0,0,1,2,0,,ALBI 15,04,00; 06; 18,17,UNDER,2x2,0,P,ALBI 06,0,COVER 3 SEAM
463,"2025 UAB O vs Memphis, PFF Play 069",69,2,2,10,'-49,2,,,4,4,15.0,P,L,11,TRIPS - OPEN,Y AT 3,,,X,,X,OPEN,,COMPLETE,GF,JET SWEEP,STR,DB,,BEAR,4 DOWN,STUNT,BLITZ,COVER 1,,ALBI 17,ALBI 15,04,17,00; 06; 18,0,11,P,4,L,,15.0,0,0.0,,,,,0,0,0,2,0,ALBI 17,ALBI 15,04,00; 06; 18,17,BEAR,3x1,0,P,ALBI 17,1,COVER 1
464,"2025 UAB O vs Memphis, PFF Play 070",70,2,1,10,'+36,P,,,4,5,0.0,P,L,11,DUO Y OFF,SNUG,,,,,X,OFF,,INCOMPLETE,GN,JET SWEEP,STR,DB,,ODD,4 DOWN,,,COVER 3,,ALBI 04,ALBI 15,04,17,00; 06; 12,0,11,P,5,L,15.0,,0,0.0,,,,,0,0,0,2,0,,ALBI 15,04,00; 06; 12,17,ODD,2x2,0,P,ALBI 04,0,COVER 3
465,"2025 UAB O vs Memphis, PFF Play 071",71,2,2,10,'+36,2,,,4,6,20.0,P,L,11,TRIPS,,,,,,,ON,,COMPLETE,GN,JET SWEEP,STR,DB,,OVER,4 DOWN,,,COVER 3 DBL CLOUD,,ALBI 00,ALBI 15,04,17,00; 06; 12,0,11,P,6,L,,20.0,0,0.0,,,,,0,0,0,2,0,ALBI 00,ALBI 15,04,00; 06; 12,17,OVER,3x1,0,P,ALBI 00,0,COVER 3 DBL CLOUD
466,"2025 UAB O vs Memphis, PFF Play 072",72,2,1,10,'+16,P,,RA,4,7,16.0,P,R,11,DOUBLES,STK,,,X,,X,OPEN,,COMPLETE,GN,JET SWEEP,WK,DB,,ODD,4 DOWN,STUNT,BLITZ,COVER 1,,ALBI 00,ALBI 15,04,17,00; 06; 18,0,11,P,7,R,20.0,16.0,0,0.0,,,,ALBI 00,0,0,0,2,0,ALBI 00,ALBI 15,04,00; 06; 18,17,ODD,2x2,0,P,ALBI 00,1,COVER 1
467,"2025 UAB O vs Memphis, PFF Play 083",83,3,1,10,'-21,P,,,5,1,-2.0,R,L,21,TREY Y OFF,ENDOVER,,,X,X,,OFF,,,GF,CTR OY,WK,GAP,GAP,BEAR,4 DOWN,,,COVER 4,,ALBI 04,ALBI 15,04; 11,85,06; 18,0,21,R,1,L,16.0,-2.0,0,,,COUNTER,,,0,0,0,0,0,ALBI 04,ALBI 15,04; 11,06; 18,85,BEAR,4x0,1,P,,0,COVER 4
468,"2025 UAB O vs Memphis, PFF Play 084",84,3,2,12,'-19,2,,,5,2,81.0,R,M,10,DOUBLES,STK,,,X,,X,OPEN,,,GN,INSIDE ZN,ZN,ZN,GAP,BEAR,4 DOWN,,,COVER 1,,ALBI 11,ALBI 15,11,,00; 02; 05; 18,0,10,R,2,C,-2.0,81.0,0,,,INSIDE ZONE,,ALBI 11,0,0,0,0,0,ALBI 11,ALBI 15,11,00; 02; 05; 18,,BEAR,2x2,1,R,,0,COVER 1
469,"2025 UAB O vs Memphis, PFF Play 104",104,3,1,10,'-19,P,,,6,1,11.0,P,M,11,DUO Y OFF,SNUG,,,,,X,OFF,,COMPLETE,GN,Y INSERT,STR,PA,,OVER,4 DOWN,STUNT,,COVER 1,,ALBI 06,ALBI 15,04,17,00; 06; 18,0,11,P,1,C,81.0,11.0,0,0.0,,INSIDE ZONE,,,0,0,0,0,0,ALBI 06,ALBI 15,04,00; 06; 18,17,OVER,2x2,1,R,ALBI 06,0,COVER 1
470,"2025 UAB O vs Memphis, PFF Play 105",105,3,1,10,'-30,P,,,6,2,3.0,R,R,11,TREY Y OFF,ENDOVER,,,X,X,,OFF,,,GN,INSIDE ZN,ZN,ZN,GAP,OVER,4 DOWN,STUNT,,COVER 4,,ALBI 04,ALBI 15,04,17,00; 06; 18,0,11,R,2,R,11.0,3.0,0,,,INSIDE ZONE,,,0,0,0,0,0,ALBI 04,ALBI 15,04,00; 06; 18,17,OVER,0x4,1,P,,0,COVER 4
471,"2025 UAB O vs Memphis, PFF Play 106",106,3,2,7,'-33,2,,,6,3,2.0,R,R,21,TREY Y OFF,SNUG,,,X,X,X,OFF,CURLS,,PSTL,Q CTR OT RD,WK,GAP,GAP,ODD,4 DOWN,STUNT,,COVER 4,,ALBI 11,ALBI 15,04; 11,17,05; 18,0,21,R,3,R,3.0,2.0,0,,,COUNTER,,,0,1,0,0,0,ALBI 11,ALBI 15,04; 11,05; 18,17,ODD,3x1,0,R,,0,COVER 4
472,"2025 UAB O vs Memphis, PFF Play 107",107,3,3,5,'-35,3,,,6,4,9.0,P,L,11,TRIPS,,,,,,,ON,,COMPLETE,GN,JET SWEEP,STR,DB,,OVER,4 DOWN,STUNT,BLITZ,COVER 2,,ALBI 06,ALBI 15,03,17,00; 05; 06,0,11,P,4,L,2.0,9.0,0,0.0,,,,,0,0,0,0,0,ALBI 06,ALBI 15,03,00; 05; 06,17,OVER,3x1,0,R,ALBI 06,1,COVER 2
473,"2025 UAB O vs Memphis, PFF Play 108",108,3,1,10,'-44,P,,,6,5,7.0,R,L,21,TRIPS - OPEN,STK,TOZ,,X,,X,OPEN,,,GN,ZONE RD ARC,STR,ZN,GAP,UNDER,4 DOWN,,,COVER 3,,ALBI 15,ALBI 15,04; 11,85,00; 05,0,21,R,5,L,9.0,7.0,0,,,INSIDE ZONE,,,0,0,0,0,0,ALBI 15,ALBI 15,04; 11,00; 05,85,UNDER,3x1,1,P,,0,COVER 3
474,"2025 UAB O vs Memphis, PFF Play 109",109,4,2,3,'+49,2,SY,,6,6,4.0,R,R,11,TREY Y OFF FIB,SNUG,H IN,,X,X,X,OFF,,,PSTL,INSIDE ZN RD,STR,ZN,GAP,ODD,4 DOWN,,,COVER 4,,ALBI 04,ALBI 15,04,85,00; 06; 18,0,11,R,6,R,7.0,4.0,0,,,MAN,,,0,0,0,0,0,ALBI 04,ALBI 15,04,00; 06; 18,85,ODD,3x1,1,R,,0,COVER 4
475,"2025 UAB O vs Memphis, PFF Play 110",110,4,1,10,'+45,P,,,6,7,2.0,R,R,13,PRO - WING,,,,,,,,CURLS,,GF,Q SPL ZN,STR,ZN,GAP,WIDE OVER,5 DOWN,,,COVER 2,,ALBI 03,ALBI 15,03,17; 85; 88,12,0,13,R,7,R,4.0,2.0,0,,,INSIDE ZONE,,,0,0,0,0,0,ALBI 03,ALBI 15,03,12,17; 85; 88,WIDE OVER,2x2,0,R,,0,COVER 2
476,"2025 UAB O vs Memphis, PFF Play 111",111,4,2,8,'+43,2,,,6,8,8.0,P,R,11,DUO Y OFF,STK/SNUG,,,,,X,OFF,,COMPLETE,GF,JET SWEEP,STR,DB,,ODD,4 DOWN,STUNT,,COVER 2,,ALBI 85,ALBI 15,11,85,00; 06; 18,0,11,P,8,R,2.0,8.0,0,0.0,,,,,0,0,0,0,0,ALBI 85,ALBI 15,11,00; 06; 18,85,ODD,2x2,0,R,ALBI 85,0,COVER 2
477,"2025 UAB O vs Memphis, PFF Play 112",112,4,1,10,'+35,P,,,6,9,0.0,P,L,13,PRO - WING,,,,,,,,,INCOMPLETE,GN,JET SWEEP,STR,DB,,BEAR,4 DOWN,,BLITZ,COVER 4,,ALBI 12,ALBI 15,11,17; 40; 88,12,0,13,P,9,L,8.0,,0,0.0,,,,,0,0,0,0,0,,ALBI 15,11,12,17; 40; 88,BEAR,2x2,0,P,ALBI 12,1,COVER 4
478,"2025 UAB O vs Memphis, PFF Play 113",113,4,2,10,'+35,2,,,6,10,10.0,R,L,30,OPEN - OPEN,,,,,,,,,,,Y INSERT,STR,ZN,GAP,OVER,4 DOWN,STUNT,,COVER 4,,ALBI 16,ALBI 16,03; 04; 11,,06; 18,0,30,R,10,L,,10.0,0,,,MAN,,,0,0,0,0,0,ALBI 16,ALBI 16,03; 04; 11,06; 18,,OVER,1x1,1,P,,0,COVER 4
479,"2025 UAB O vs Memphis, PFF Play 119",119,4,1,10,'-1,P,,,7,1,2.0,R,L,12,KING U OFF,,Y MTR,,,,,SLOT,CURLS,,GN,SPL ZN SS,ZN,ZN,GAP,OVER,4 DOWN,STUNT,,COVER 3,,ALBI 04,ALBI 15,04,85; 88,06; 18,0,12,R,1,L,10.0,2.0,0,,,INSIDE ZONE,,,0,0,0,0,0,ALBI 04,ALBI 15,04,06; 18,85; 88,OVER,3x1,0,R,,0,COVER 3
480,"2025 UAB O vs Memphis, PFF Play 120",120,4,2,8,'-3,2,,,7,2,2.0,R,M,12,KING U OFF,,,,,,,SLOT,,,GN,Y INSERT,STR,ZN,GAP,BEAR,4 DOWN,,BLITZ,COVER 6,,ALBI 04,ALBI 15,04,85; 88,06; 18,0,12,R,2,C,2.0,2.0,0,,,INSIDE ZONE,,,0,0,0,0,0,ALBI 04,ALBI 15,04,06; 18,85; 88,BEAR,1x3,1,R,,1,COVER 6
481,"2025 UAB O vs Memphis, PFF Play 121",121,4,3,6,'-5,3,,,7,3,-2.0,X,L,11,TRIPS,,,,,,,ON,CURLS,,GN,JET SWEEP,STR,,GAP,LOAD,4 DOWN,,,,,,ALBI 15,04,85,00; 06; 18,0,11,X,3,L,2.0,,0,,,,ALBI 85 FST,,0,0,0,0,0,,ALBI 15,04,00; 06; 18,85,LOAD,3x1,0,R,,0,
482,"2025 UAB O vs Memphis, PFF Play 122",122,4,3,8,'-3,3,,,7,4,31.0,P,L,11,TRIPS,,,,,,,ON,,COMPLETE,GN,Y INSERT,STR,PA,,EVEN,4 DOWN,,BLITZ,COVER 1,,ALBI 00,ALBI 15,04,85,00; 06; 18,0,11,P,4,L,,31.0,0,0.0,,INSIDE ZONE,,,0,0,0,0,0,ALBI 00,ALBI 15,04,00; 06; 18,85,EVEN,3x1,1,X,ALBI 00,1,COVER 1
483,"2025 UAB O vs Memphis, PFF Play 123",123,4,1,10,'-34,P,,,7,5,2.0,R,L,21,PRO - OPEN,SNUG,Z ORB,,,,,OFF,CURLS,,PSTL,Y INSERT,STR,ZN,GAP,OVER,4 DOWN,,,COVER 3,,ALBI 04,ALBI 15,03; 04,17,00; 05,0,21,R,5,L,31.0,2.0,0,,,MAN,,,0,0,0,0,0,ALBI 04,ALBI 15,03; 04,00; 05,17,OVER,1x2,0,P,,0,COVER 3
484,"2025 UAB O vs Memphis, PFF Play 124",124,4,2,8,'-36,2,,,7,6,5.0,R,L,12,TREY YU OFF,ENDOVER,,,X,X,,OFF,CURLS,,,Q POWER G LD,STR,GAP,GAP,BEAR,4 DOWN,STUNT,,COVER 6,,ALBI 11,ALBI 15,11,17; 88,05; 18,0,12,R,6,L,2.0,5.0,0,,,PULL LEAD,,,0,0,0,0,0,ALBI 11,ALBI 15,11,05; 18,17; 88,BEAR,0x4,0,R,,0,COVER 6
485,"2025 UAB O vs Memphis, PFF Play 125",125,4,3,3,'-41,3,SY,,7,7,9.0,P,L,12,KING U OFF,,,,,,,SLOT,,INCOMPLETE,GN,Y INSERT,STR,PA,,JACK,4 DOWN,STUNT,BLITZ,COVER 0,,ALBI 18,ALBI 15,11,17; 88,06; 18,0,12,P,7,L,5.0,,0,0.0,,INSIDE ZONE,TNMS D05 DPI,,0,0,0,0,0,,ALBI 15,11,06; 18,17; 88,OTHER,3x1,1,R,ALBI 18,1,COVER 0
486,"2025 UAB O vs Memphis, PFF Play 126",126,4,1,10,'+50,P,,,7,8,3.0,R,M,12,TREY U STING,SNUG,,,X,X,X,PRO,CURLS,,GN,Q SPL ZN,STR,ZN,GAP,OVER,4 DOWN,,,COVER 4,,ALBI 03,ALBI 15,03,17; 88,00; 05,0,12,R,8,C,,3.0,0,,,INSIDE ZONE,,,0,0,0,0,0,ALBI 03,ALBI 15,03,00; 05,17; 88,OVER,3x1,0,P,,0,COVER 4
487,"2025 UAB O vs Memphis, PFF Play 127",127,4,2,7,'+47,2,,,7,9,15.0,P,R,12,ACE YU OFF,,,,,,X,OFF,,COMPLETE,PSTL,INSIDE ZN RD,WK,PA,,BENCH,4 DOWN,,,COVER 4,,ALBI 88,ALBI 15,03,17; 88,05; 18,0,12,P,9,R,3.0,15.0,0,0.0,,MAN,ALBI 71 IDP,,0,0,0,0,0,ALBI 88,ALBI 15,03,05; 18,17; 88,WIDE UNDER,2x2,1,R,ALBI 88,0,COVER 4
488,"2025 UAB O vs Memphis, PFF Play 128",128,4,2,12,'-48,2,,,7,10,4.0,P,R,11,DUO Y OFF,SNUG,Z OUT,,,,X,OFF,,RUN,GN,JET SWEEP,STR,DB,,OVER,4 DOWN,,,COVER 2,,ALBI 15,ALBI 15,03,17,00; 06; 18,0,11,P,10,R,15.0,4.0,0,0.0,,,,,0,0,0,0,0,ALBI 15,ALBI 15,03,00; 06; 18,17,OVER,2x2,0,P,,0,COVER 2
489,"2025 UAB O vs Memphis, PFF Play 129",129,4,3,8,'+48,3,,,7,11,23.0,P,R,11,TREY Y OFF,SNUG,,,X,X,X,OFF,,COMPLETE,GF,JET SWEEP,STR,DB,,OVER,4 DOWN,STUNT,,COVER 3,,ALBI 00,ALBI 15,03,17,00; 06; 18,0,11,P,11,R,4.0,23.0,0,0.0,,,,,0,0,0,0,0,ALBI 00,ALBI 15,03,00; 06; 18,17,OVER,1x3,0,P,ALBI 00,0,COVER 3
490,"2025 UAB O vs Memphis, PFF Play 130",130,4,1,10,'+25,P,,,7,12,5.0,R,L,12,TREY U HIP,,,,,,,WING PRO,CURLS,,PSTL,Q POWER G LD,STR,GAP,GAP,OVER,4 DOWN,,,COVER 4,,ALBI 04,ALBI 15,04,17; 85,00; 05,0,12,R,12,L,23.0,5.0,0,,,PULL LEAD,,,0,0,0,0,0,ALBI 04,ALBI 15,04,00; 05,17; 85,OVER,1x3,0,P,,0,COVER 4
491,"2025 UAB O vs Memphis, PFF Play 131",131,4,2,5,'+20,2,,RA,7,13,0.0,P,L,11,TREY Y OFF,ENDOVER,,,X,X,,OFF,,INCOMPLETE,GN,Y INSERT,STR,PA,,BEAR,4 DOWN,,BLITZ,COVER 3 CLOUD,,ALBI 06,ALBI 15,04,85,00; 06; 18,0,11,P,13,L,5.0,,0,0.0,,INSIDE ZONE,,,0,0,0,0,0,,ALBI 15,04,00; 06; 18,85,BEAR,4x0,1,R,ALBI 06,1,COVER 3 CLOUD
492,"2025 UAB O vs Memphis, PFF Play 132",132,4,3,5,'+20,3,,RA,7,14,20.0,P,L,12,SLOT - WING,,,,,,,SLOT,,COMPLETE,GN,Y INSERT,STR,PA,,EVEN,4 DOWN,STUNT,BLITZ,COVER 3,,ALBI 00,ALBI 15,04,17; 85,00; 05,0,12,P,14,L,,20.0,0,0.0,,INSIDE ZONE,,ALBI 00,0,0,0,0,0,ALBI 00,ALBI 15,04,00; 05,17; 85,EVEN,2x2,1,P,ALBI 00,1,COVER 3
493,"2025 UAB O vs Memphis, PFF Play 146",146,4,1,10,'-25,P,,,8,1,2.0,R,L,12,TREY Y OFF,SNUG,,,X,X,X,OFF,CURLS,,GN,SPL ZN SS,ZN,ZN,GAP,OVER,4 DOWN,STUNT,,COVER 4,,ALBI 04,ALBI 15,04,17; 85,00; 05,0,12,R,1,L,20.0,2.0,0,,,INSIDE ZONE,,,0,0,0,4,0,ALBI 04,ALBI 15,04,00; 05,17; 85,OVER,1x3,0,P,,0,COVER 4
494,"2025 UAB O vs Memphis, PFF Play 147",147,4,2,8,'-27,2,,,8,2,2.0,R,L,12,TREY U HIP,,,,,,,WING PRO,CURLS,,PSTL,SPL ZN,STR,ZN,GAP,EVEN,4 DOWN,,,COVER 4,,ALBI 04,ALBI 15,04,17; 85,00; 05,0,12,R,2,L,2.0,2.0,0,,,OUTSIDE ZONE,,,0,0,0,4,0,ALBI 04,ALBI 15,04,00; 05,17; 85,EVEN,1x3,0,R,,0,COVER 4
495,"2025 UAB O vs Memphis, PFF Play 148",148,4,3,6,'-29,3,,,8,3,0.0,P,L,11,TRIPS - OPEN,Y AT 3,,,X,,X,OPEN,,INCOMPLETE,GF,JET SWEEP,STR,DB,,ODD,4 DOWN,STUNT,BLITZ,COVER 1,,ALBI 17,ALBI 15,03,17,00; 05; 18,0,11,P,3,L,2.0,,0,0.0,,,,,0,0,0,4,0,,ALBI 15,03,00; 05; 18,17,ODD,3x1,0,R,ALBI 17,1,COVER 1
496,"2025 UAB O vs Memphis, PFF Play 163",163,4,1,10,'-11,P,,,9,1,-2.0,R,R,22,CLOSED - CLOSED,,,,,,,,CURLS,,,,,ZN,GAP,OVER,4 DOWN,,,,,ALBI 15,ALBI 15,03; 04,17; 85,00,0,22,R,1,R,,-2.0,0,,,UNDEFINED,,,0,0,0,0,0,ALBI 15,ALBI 15,03; 04,00,17; 85,OVER,1x1,0,P,,0,
497,"2025 UAB O vs UConn, PFF Play 013",13,1,1,10,'-20,P,,,1,1,4.0,R,L,11,TREY Y OFF FIB,SNUG,Z MTR,,X,,X,OFF,,,PSTL,INSIDE ZN RD,STR,ZN,GAP,ODD,4 DOWN,STUNT,BLITZ,COVER 4,,ALBI 04,ALBI 07,04,85,00; 01; 06,0,11,R,1,L,,4.0,0,,,MAN,,,0,0,0,0,0,ALBI 04,ALBI 07,04,00; 01; 06,85,ODD,3x1,1,,,1,COVER 4
498,"2025 UAB O vs UConn, PFF Play 014",14,1,2,7,'-24,2,,,1,2,0.0,P,L,12,KING U OFF,,,,,,,SLOT,,INCOMPLETE,GN,Y INSERT,STR,PA,,WIDE OVER,4 DOWN,,,COVER 3,,ALBI 05,ALBI 07,04,17; 85,01; 05,0,12,P,2,L,4.0,,0,0.0,,INSIDE ZONE,,,0,0,0,0,0,,ALBI 07,04,01; 05,17; 85,WIDE OVER,1x3,1,R,ALBI 05,0,COVER 3
499,"2025 UAB O vs UConn, PFF Play 015",15,1,3,7,'-24,3,,,1,3,7.0,P,L,11,TRIPS,,,,,,,ON,,COMPLETE,GN,JET SWEEP,WK,DB,,ONE INTERIOR,4 DOWN,STUNT,BLITZ,COVER 2,,ALBI 06,ALBI 07,04,85,00; 05; 06,0,11,P,3,L,,7.0,0,0.0,,,,,0,0,0,0,0,ALBI 06,ALBI 07,04,00; 05; 06,85,ONE INTERIOR,3x1,0,P,ALBI 06,1,COVER 2
500,"2025 UAB O vs UConn, PFF Play 016",16,1,1,10,'-31,P,,,1,4,3.0,R,M,11,DUO Y OFF,SNUG,,,,,X,OFF,,,GF,Y INSERT,STR,ZN,GAP,ODD,4 DOWN,,,COVER 4,,ALBI 11,ALBI 07,11,85,00; 01; 06,0,11,R,4,C,7.0,3.0,0,,,INSIDE ZONE,,,0,0,0,0,0,ALBI 11,ALBI 07,11,00; 01; 06,85,ODD,2x2,1,P,,0,COVER 4
501,"2025 UAB O vs UConn, PFF Play 017",17,1,2,7,'-34,2,,,1,5,17.0,R,L,21,PRO - OPEN,SNUG,,,,,X,OFF,,,PSTL,CTR OY,STR,GAP,GAP,ODD,4 DOWN,STUNT,,COVER 3 CLOUD,,ALBI 11,ALBI 07,04; 11,85,05; 18,0,21,R,5,L,3.0,17.0,0,,,COUNTER,,,0,0,0,0,0,ALBI 11,ALBI 07,04; 11,05; 18,85,ODD,2x1,1,R,,0,COVER 3 CLOUD
502,"2025 UAB O vs UConn, PFF Play 018",18,1,1,10,'+49,P,,,1,6,9.0,R,L,11,TREY Y OFF FIB,SNUG,,,X,X,X,OFF,CURLS,,PSTL,OUTSIDE ZN LD,STR,ZN,GAP,ODD,4 DOWN,,,COVER 3 CLOUD,,ALBI 04,ALBI 07,04,17,00; 01; 06,0,11,R,6,L,17.0,9.0,0,,,OUTSIDE ZONE,,,0,0,0,0,0,ALBI 04,ALBI 07,04,00; 01; 06,17,ODD,1x3,0,R,,0,COVER 3 CLOUD
503,"2025 UAB O vs UConn, PFF Play 019",19,1,2,1,'+40,2,SY,,1,7,18.0,R,L,11,DUO Y OFF,SNUG,Z MTR,,X,X,X,OFF,,,PSTL,INSIDE ZN RD,STR,ZN,GAP,UNDER,4 DOWN,,,COVER 3,,ALBI 04,ALBI 07,04,17,00; 01; 06,0,11,R,7,L,9.0,18.0,0,,,MAN,,,0,0,0,0,0,ALBI 04,ALBI 07,04,00; 01; 06,17,UNDER,2x2,1,R,,0,COVER 3
504,"2025 UAB O vs UConn, PFF Play 020",20,1,1,10,'+22,P,,,1,8,1.0,R,R,12,ACE YU OFF,,Z ORB,,,,,OFF,CURLS,,GEMP,OUTSIDE ZN LD,WK,ZN,GAP,EVEN,4 DOWN,,,COVER 4,,ALBI 03,ALBI 03,03,17; 88,08; 18,0,12,R,8,R,18.0,1.0,0,,,OUTSIDE ZONE,,,1,1,0,0,0,ALBI 03,ALBI 03,03,08; 18,17; 88,EVEN,3x2,0,R,,0,COVER 4
505,"2025 UAB O vs UConn, PFF Play 021",21,1,2,9,'+21,2,,,1,9,0.0,P,R,12,ACE YU OFF,SNUG,Y MTR,,,,X,OFF,,INTERCEPTION,PSTL,JET SWEEP,STR,DB,,WIDE OVER,4 DOWN,STUNT,BLITZ,COVER 1,,ALBI 08,ALBI 07,03,17; 88,08; 18,0,12,P,9,R,1.0,,0,0.0,,,,,0,0,0,0,0,,ALBI 07,03,08; 18,17; 88,WIDE OVER,2x2,0,R,ALBI 08,1,COVER 1
506,"2025 UAB O vs UConn, PFF Play 034",34,1,1,10,'-25,P,,,2,1,1.0,R,L,12,ACE YU OFF,,,,,,X,OFF,,,PSTL,INSIDE ZN RD,STR,ZN,GAP,BENCH,4 DOWN,,,COVER 3,,ALBI 04,ALBI 07,04,17; 85,01; 18,0,12,R,1,L,,1.0,0,,,MAN,,,0,0,0,0,0,ALBI 04,ALBI 07,04,01; 18,17; 85,WIDE UNDER,2x2,1,P,,0,COVER 3
507,"2025 UAB O vs UConn, PFF Play 035",35,1,2,9,'-26,2,,,2,2,2.0,P,M,11,TRIPS,,,,,,,ON,,COMPLETE,GN,Y INSERT,STR,DB,,WIDE OVER,4 DOWN,,BLITZ,COVER 6,,ALBI 00,ALBI 07,04,85,00; 06; 18,1,11,P,2,C,1.0,2.0,1,0.0,,INSIDE ZONE,,,0,0,1,0,0,ALBI 00,ALBI 07,04,00; 06; 18,85,WIDE OVER,3x1,1,R,ALBI 00,1,COVER 6
508,"2025 UAB O vs UConn, PFF Play 036",36,2,3,7,'-28,3,,,2,3,0.0,P,R,11,TRIPS - OPEN,Y AT 2,,,X,,X,OPEN,,INCOMPLETE,GF,JET SWEEP,STR,DB,,ODD,4 DOWN,STUNT,BLITZ,COVER 1,,ALBI 85,ALBI 07,04,85,01; 05; 06,0,11,P,3,R,2.0,,0,0.0,,,,,0,0,0,0,0,,ALBI 07,04,01; 05; 06,85,ODD,1x3,0,P,ALBI 85,1,COVER 1
509,"2025 UAB O vs UConn, PFF Play 051",51,2,1,10,'-25,P,,,3,1,0.0,P,R,11,DUO Y OFF,STK/SNUG,BUZZ,,,,X,OFF,,INTERCEPTION,GF,Y INSERT,STR,PA,,WIDE OVER,4 DOWN,,,COVER 3,,ALBI 06,ALBI 15,11,88,00; 01; 06,0,11,P,1,R,,,0,0.0,,INSIDE ZONE,,,0,0,0,0,0,,ALBI 15,11,00; 01; 06,88,WIDE OVER,2x2,1,P,ALBI 06,0,COVER 3
510,"2025 UAB O vs UConn, PFF Play 057",57,2,1,10,'-25,P,,,4,1,2.0,R,R,12,TREY U HIP,,H IN,,,,,PRO,,,PSTL,OUTSIDE ZN,STR,ZN,GAP,WIDE OVER,4 DOWN,,BLITZ,COVER 3,,ALBI 11,ALBI 15,11,17; 85,01; 05,0,12,R,1,R,,2.0,0,,,OUTSIDE ZONE,,,0,0,0,0,0,ALBI 11,ALBI 15,11,01; 05,17; 85,WIDE OVER,3x1,1,P,,1,COVER 3
511,"2025 UAB O vs UConn, PFF Play 058",58,2,2,8,'-27,2,,,4,2,8.0,P,R,11,EMPTY 3x2,,,,X,,X,OPEN,,RUN,GEMP,JET SWEEP,STR,DB,,ODD,4 DOWN,,,COVER 4,,ALBI 15,ALBI 15,11,85,00; 01; 06,0,11,P,2,R,2.0,8.0,0,0.0,,,,,0,0,0,0,0,ALBI 15,ALBI 15,11,00; 01; 06,85,ODD,2x3,0,R,,0,COVER 4
512,"2025 UAB O vs UConn, PFF Play 059",59,2,1,10,'-35,P,,,4,3,0.0,P,M,30,SLOT - OPEN,SNUG,TOZ,,X,,,OFF,,COMPLETE,,INSIDE ZN RD,STR,PA,,EVEN,4 DOWN,STUNT,,COVER 3,,ALBI 03,ALBI 16,03; 04; 11,,05; 18,0,30,P,3,C,8.0,0.0,0,0.0,,MAN,,,0,0,0,0,0,ALBI 03,ALBI 16,03; 04; 11,05; 18,,EVEN,1x2,1,P,ALBI 03,0,COVER 3
513,"2025 UAB O vs UConn, PFF Play 060",60,2,2,10,'-35,2,,,4,4,-16.0,P,L,20,TRIPS - OPEN,STK,,,X,,X,OPEN,,SACK,GF,JET SWEEP,STR,DB,,BENCH,4 DOWN,STUNT,,COVER 4,,ALBI 15,ALBI 15,03; 11,,00; 01; 05,0,20,P,4,L,0.0,-16.0,0,0.0,,,(D) ALBI 77 OH,,0,0,0,0,0,ALBI 15,ALBI 15,03; 11,00; 01; 05,,WIDE UNDER,3x1,0,P,,0,COVER 4
514,"2025 UAB O vs UConn, PFF Play 061",61,2,3,26,'-19,3,,,4,5,-14.0,R,M,11,TREY Y OFF,SNUG,,,X,X,X,OFF,CURLS,,GN,,,ZN,GAP,SPLIT,4 DOWN,,,COVER 3,,ALBI 15,ALBI 15,04,85,00; 01; 06,0,11,R,5,C,-16.0,-14.0,0,,,UNDEFINED,,,0,0,0,0,0,ALBI 15,ALBI 15,04,00; 01; 06,85,NO INTERIOR,1x3,0,P,,0,COVER 3
515,"2025 UAB O vs UConn, PFF Play 068",68,2,1,10,'-25,P,,,5,1,13.0,R,R,12,KING U OFF,,,,,,,SLOT,,,GN,SPL ZN SS,ZN,ZN,GAP,BENCH,4 DOWN,,,COVER 3,,ALBI 04,ALBI 15,04,17; 88,01; 05,0,12,R,1,R,-14.0,13.0,0,,,INSIDE ZONE,ALBI 75 OH,,0,0,0,0,0,ALBI 04,ALBI 15,04,01; 05,17; 88,WIDE UNDER,3x1,1,R,,0,COVER 3
516,"2025 UAB O vs UConn, PFF Play 069",69,2,1,20,'-15,1,,,5,2,12.0,P,R,11,DUO Y OFF,SNUG,,,,,X,OFF,,RUN,PSTL,Y INSERT,,PA,,ODD,4 DOWN,STUNT,,COVER 6,,ALBI 15,ALBI 15,04,85,00; 01; 06,0,11,P,2,R,13.0,12.0,0,0.0,,MAN,,,0,0,0,0,0,ALBI 15,ALBI 15,04,00; 01; 06,85,ODD,2x2,0,R,,0,COVER 6
517,"2025 UAB O vs UConn, PFF Play 070",70,2,2,8,'-27,2,,,5,3,7.0,P,R,11,DUO Y OFF,STK/SNUG,BUZZ,,,,X,OFF,,COMPLETE,GF,JET SWEEP,STR,DB,,ODD,4 DOWN,STUNT,,COVER 6,,ALBI 06,ALBI 15,04,85,00; 01; 06,0,11,P,3,R,12.0,7.0,0,0.0,,,,,0,0,0,0,0,ALBI 06,ALBI 15,04,00; 01; 06,85,ODD,2x2,0,P,ALBI 06,0,COVER 6
518,"2025 UAB O vs UConn, PFF Play 071",71,2,3,1,'-34,3,SY,,5,4,10.0,R,L,12,TREY Y OFF,SNUG,,,X,X,X,OFF,CURLS,,,Q POWER G LD,STR,GAP,GAP,EVEN,4 DOWN,,,COVER 3,,ALBI 04,ALBI 15,04,17; 85,06; 18,0,12,R,4,L,7.0,10.0,0,,,PULL LEAD,,,0,0,0,0,0,ALBI 04,ALBI 15,04,06; 18,17; 85,EVEN,1x3,0,P,,0,COVER 3
519,"2025 UAB O vs UConn, PFF Play 072",72,2,1,10,'-44,P,,,5,5,10.0,R,L,11,DUO Y OFF,SNUG,Z MTR,,,,X,OFF,,,PSTL,INSIDE ZN RD,STR,ZN,GAP,ODD,4 DOWN,STUNT,,COVER 2,,ALBI 04,ALBI 15,04,17,05; 06; 18,0,11,R,5,L,10.0,10.0,0,,,MAN,,,0,0,0,2,0,ALBI 04,ALBI 15,04,05; 06; 18,17,ODD,2x2,1,R,,0,COVER 2
520,"2025 UAB O vs UConn, PFF Play 073",73,2,1,10,'+46,P,,,5,6,3.0,P,L,11,DUO Y OFF,SNUG,,,,,X,OFF,,RUN,GN,JET SWEEP,STR,DB,,EVEN,4 DOWN,STUNT,BLITZ,COVER 4,,ALBI 15,ALBI 15,03,17,00; 01; 06,1,11,P,6,L,10.0,3.0,0,0.0,,,,,0,0,1,2,0,ALBI 15,ALBI 15,03,00; 01; 06,17,EVEN,2x2,0,R,,1,COVER 4
521,"2025 UAB O vs UConn, PFF Play 074",74,2,2,7,'+43,2,,,5,7,6.0,R,L,11,DUO Y OFF,SNUG,,,,,X,OFF,CURLS,,GN,SPL ZN SS,ZN,ZN,GAP,WIDE OVER,4 DOWN,,BLITZ,COVER 1,,ALBI 03,ALBI 15,03,17,00; 01; 06,0,11,R,7,L,3.0,6.0,0,,,INSIDE ZONE,,,0,0,0,2,0,ALBI 03,ALBI 15,03,00; 01; 06,17,WIDE OVER,2x2,0,P,,1,COVER 1
522,"2025 UAB O vs UConn, PFF Play 075",75,2,3,1,'+37,3,SY,,5,8,5.0,R,M,11,DUO Y OFF,SNUG,Z IN,,,,X,OFF,CURLS,,PSTL,Y INSERT,STR,ZN,GAP,ODD,4 DOWN,,,COVER 1,,ALBI 03,ALBI 15,03,17,00; 01; 06,1,11,R,8,C,6.0,5.0,0,,,MAN,,,0,0,1,2,0,ALBI 03,ALBI 15,03,00; 01; 06,17,ODD,2x2,0,R,,0,COVER 1
523,"2025 UAB O vs UConn, PFF Play 076",76,2,1,10,'+32,P,,,5,9,13.0,P,M,11,DUO Y OFF,SNUG,,,,,X,OFF,,RUN,GN,JET SWEEP,STR,DB,,WIDE OVER,4 DOWN,STUNT,BLITZ,COVER 4,,ALBI 15,ALBI 15,03,17,00; 01; 06,0,11,P,9,C,5.0,13.0,0,0.0,,,,,0,0,0,2,0,ALBI 15,ALBI 15,03,00; 01; 06,17,WIDE OVER,2x2,0,R,,1,COVER 4
524,"2025 UAB O vs UConn, PFF Play 077",77,2,1,10,'+19,P,,RA,5,10,0.0,P,L,11,TRIPS,,,,,,,ON,,INCOMPLETE,GN,JET SWEEP,STR,DB,,LOAD,4 DOWN,STUNT,,COVER 4,,ALBI 01,ALBI 15,03,17,00; 01; 06,0,11,P,10,L,13.0,,0,0.0,,,,,0,0,0,2,0,,ALBI 15,03,00; 01; 06,17,LOAD,3x1,0,P,ALBI 01,0,COVER 4
525,"2025 UAB O vs UConn, PFF Play 078",78,2,2,10,'+19,2,,RA,5,11,6.0,P,L,11,DUO Y OFF,SNUG,Y MISSILE,,X,X,X,OFF,,COMPLETE,GF,JET SWEEP,STR,DB,,ONE INTERIOR,4 DOWN,STUNT,BLITZ,COVER 4,,ALBI 17,ALBI 15,03,17,00; 01; 06,0,11,P,11,L,,6.0,0,0.0,,,,,0,0,0,2,0,ALBI 17,ALBI 15,03,00; 01; 06,17,ONE INTERIOR,2x2,0,P,ALBI 17,1,COVER 4
526,"2025 UAB O vs UConn, PFF Play 079",79,2,3,4,'+13,3,,RA,5,12,0.0,P,L,11,TRIPS,,,,,,,ON,,BATTED PASS,GN,JET SWEEP,STR,DB,,ODD,4 DOWN,,,COVER 4,,,ALBI 15,03,17,00; 01; 06,0,11,P,12,L,6.0,,0,0.0,,,,,0,0,0,2,0,,ALBI 15,03,00; 01; 06,17,ODD,3x1,0,P,,0,COVER 4
527,"2025 UAB O vs UConn, PFF Play 080",80,2,4,4,'+13,4,,RA,5,13,0.0,P,L,11,TRIPS - OPEN,Y AT 3,,,X,,X,OPEN,,INCOMPLETE,GF,JET SWEEP,STR,DB,,ONE INTERIOR,4 DOWN,STUNT,BLITZ,COVER 2,,ALBI 01,ALBI 15,03,17,00; 01; 06,0,11,P,13,L,,,0,0.0,,,,,0,0,0,2,0,,ALBI 15,03,00; 01; 06,17,ONE INTERIOR,3x1,0,P,ALBI 01,1,COVER 2
528,"2025 UAB O vs UConn, PFF Play 082",82,3,1,10,'-25,P,,,6,1,3.0,R,R,11,DUO Y OFF,SNUG,Z IN,,,,X,OFF,,,PSTL,CTR OY,STR,GAP,GAP,BENCH,4 DOWN,STUNT,,COVER 3,,ALBI 04,ALBI 15,04,85,00; 01; 06,0,11,R,1,R,,3.0,0,,,COUNTER,,,0,0,0,0,0,ALBI 04,ALBI 15,04,00; 01; 06,85,WIDE UNDER,2x2,1,P,,0,COVER 3
529,"2025 UAB O vs UConn, PFF Play 083",83,3,2,7,'-28,2,,,6,2,0.0,P,R,11,DUO Y OFF,SNUG,,,,,X,OFF,,INCOMPLETE,GN,JET SWEEP,WK,DB,,WIDE OVER,4 DOWN,STUNT,,COVER 3,,ALBI 06,ALBI 15,04,85,00; 01; 06,1,11,P,2,R,3.0,,0,0.0,,,,,0,0,1,0,0,,ALBI 15,04,00; 01; 06,85,WIDE OVER,2x2,0,R,ALBI 06,0,COVER 3
530,"2025 UAB O vs UConn, PFF Play 084",84,3,3,7,'-28,3,,,6,3,5.0,P,R,11,TRIPS,,,,,,,ON,,COMPLETE,GN,JET SWEEP,WK,DB,,LOAD,4 DOWN,STUNT,,COVER 2,,ALBI 01,ALBI 15,04,85,00; 01; 06,0,11,P,3,R,,5.0,0,0.0,,,,,0,0,0,0,0,ALBI 01,ALBI 15,04,00; 01; 06,85,LOAD,1x3,0,P,ALBI 01,0,COVER 2
531,"2025 UAB O vs UConn, PFF Play 085",85,3,4,2,'-33,4,SY,,6,4,4.0,R,R,12,TREY Y OFF,SNUG,BUZZ,,X,X,X,OFF,CURLS,,,,,ZN,GAP,ODD,4 DOWN,,BLITZ,COVER 0,,ALBI 15,ALBI 15,04,17; 85,06; 18,0,12,R,4,R,5.0,4.0,0,,,SNEAK,,,0,0,0,0,0,ALBI 15,ALBI 15,04,06; 18,17; 85,ODD,3x1,0,P,,1,COVER 0
532,"2025 UAB O vs UConn, PFF Play 086",86,3,1,10,'-37,P,,,6,5,8.0,P,R,12,KING U OFF,,,,,,,SLOT,,COMPLETE,,Y INSERT,STR,PA,,BENCH,4 DOWN,STUNT,,COVER 3 CLOUD,,ALBI 17,ALBI 15,04,17; 85,01; 12,0,12,P,5,R,4.0,8.0,0,0.0,,MAN,,,0,0,0,0,0,ALBI 17,ALBI 15,04,01; 12,17; 85,WIDE UNDER,1x3,0,R,ALBI 17,0,COVER 3 CLOUD
533,"2025 UAB O vs UConn, PFF Play 087",87,3,2,2,'-45,2,SY,,6,6,1.0,R,L,11,DUO Y OFF,SNUG,Z MTR,,X,X,X,OFF,,,PSTL,INSIDE ZN RD,STR,ZN,GAP,ODD,4 DOWN,STUNT,,COVER 3,,ALBI 04,ALBI 15,04,17,00; 01; 06,0,11,R,6,L,8.0,1.0,0,,,MAN,,,0,0,0,0,0,ALBI 04,ALBI 15,04,00; 01; 06,17,ODD,2x2,1,P,,0,COVER 3
534,"2025 UAB O vs UConn, PFF Play 088",88,3,3,1,'-46,3,SY,,6,7,-1.0,R,L,13,TREY Y OFF,ENDOVER,Y MTR,,X,X,,OFF,CURLS,,GN,Q SPL ZN,WK,ZN,GAP,BENCH,4 DOWN,,,COVER 1,,ALBI 15,ALBI 15,03,17; 85; 88,18,0,13,R,7,L,1.0,-1.0,0,,,MAN,,,0,0,0,0,0,ALBI 15,ALBI 15,03,18,17; 85; 88,WIDE UNDER,2x2,0,R,,0,COVER 1
535,"2025 UAB O vs UConn, PFF Play 089",89,3,4,2,'-45,4,SY,,6,8,0.0,P,L,11,DUO Y OFF,SNUG,,,,,X,OFF,,INCOMPLETE,GN,JET SWEEP,WK,DB,,EVEN,4 DOWN,STUNT,BLITZ,COVER 1,,ALBI 01,ALBI 15,03,88,00; 01; 05,0,11,P,8,L,-1.0,,0,0.0,,,,,0,0,0,0,0,,ALBI 15,03,00; 01; 05,88,EVEN,2x2,0,R,ALBI 01,1,COVER 1
536,"2025 UAB O vs UConn, PFF Play 099",99,3,1,10,'-25,P,,,7,1,7.0,P,M,12,ACE YU OFF,,,,,,X,OFF,,COMPLETE,GN,Y INSERT,STR,QK,,EVEN,4 DOWN,,,COVER 4,,ALBI 88,ALBI 15,11,17; 88,00; 01,0,12,P,1,C,,7.0,0,0.0,,INSIDE ZONE,,,0,0,0,0,0,ALBI 88,ALBI 15,11,00; 01,17; 88,EVEN,2x2,1,P,ALBI 88,0,COVER 4
537,"2025 UAB O vs UConn, PFF Play 100",100,3,2,3,'-32,2,SY,,7,2,68.0,P,R,11,OTHER,,,,,,,,,COMPLETE,GEMP,JET SWEEP,STR,DB,,BENCH,4 DOWN,,BLITZ,COVER 1,,ALBI 06,ALBI 15,11,88,00; 01; 06,1,11,P,2,R,7.0,68.0,0,0.0,,,,ALBI 06,0,0,1,0,0,ALBI 06,ALBI 15,11,00; 01; 06,88,WIDE UNDER,5x2,0,P,ALBI 06,1,COVER 1
538,"2025 UAB O vs UConn, PFF Play 111",111,3,1,10,'-25,P,,,8,1,5.0,R,M,12,ACE YU OFF,,,,,,X,OFF,CURLS,,PSTL,OUTSIDE ZN LD,STR,ZN,GAP,WIDE OVER,4 DOWN,,,COVER 4,,ALBI 04,ALBI 15,04,17; 85,00; 01,0,12,R,1,C,68.0,5.0,0,,,OUTSIDE ZONE,,,0,0,0,0,0,ALBI 04,ALBI 15,04,00; 01,17; 85,WIDE OVER,2x2,0,P,,0,COVER 4
539,"2025 UAB O vs UConn, PFF Play 112",112,3,2,5,'-30,2,,,8,2,0.0,P,L,11,TRIPS - SLOT,,,,X,,X,OPEN,,INCOMPLETE,GEMP,JET SWEEP,STR,DB,,BENCH,4 DOWN,STUNT,,COVER 4,,ALBI 01,ALBI 15,11,85,00; 01; 06,0,11,P,2,L,5.0,,0,0.0,,,,,0,0,0,0,0,,ALBI 15,11,00; 01; 06,85,WIDE UNDER,3x2,0,R,ALBI 01,0,COVER 4
540,"2025 UAB O vs UConn, PFF Play 113",113,3,3,5,'-30,3,,,8,3,7.0,P,L,11,TRIPS - SLOT,,,,X,,X,OPEN,,COMPLETE,GEMP,JET SWEEP,STR,DB,,EVEN,4 DOWN,STUNT,BLITZ,COVER 0,,ALBI 06,ALBI 15,11,85,00; 01; 06,0,11,P,3,L,,7.0,0,0.0,,,,,0,0,0,0,0,ALBI 06,ALBI 15,11,00; 01; 06,85,EVEN,3x2,0,P,ALBI 06,1,COVER 0
541,"2025 UAB O vs UConn, PFF Play 114",114,3,1,10,'-37,P,,,8,4,14.0,P,L,11,DOUBLES,STK,Y MTR,,X,,X,OPEN,,COMPLETE,GF,Y INSERT,STR,PA,,BENCH,4 DOWN,,,COVER 3,,ALBI 00,ALBI 15,11,85,00; 01; 06,0,11,P,4,L,7.0,14.0,0,0.0,,INSIDE ZONE,,,0,0,0,0,0,ALBI 00,ALBI 15,11,00; 01; 06,85,WIDE UNDER,2x2,1,P,ALBI 00,0,COVER 3
542,"2025 UAB O vs UConn, PFF Play 115",115,3,1,10,'+49,P,,,8,5,5.0,R,R,12,KING U OFF,,,,,,,SLOT,,,GN,Y INSERT,ZN,ZN,GAP,WIDE OVER,4 DOWN,,,COVER 4,,ALBI 11,ALBI 15,11,17; 85,00; 18,0,12,R,5,R,14.0,5.0,0,,,INSIDE ZONE,,,0,0,0,0,0,ALBI 11,ALBI 15,11,00; 18,17; 85,WIDE OVER,3x1,1,P,,0,COVER 4
543,"2025 UAB O vs UConn, PFF Play 116",116,3,2,5,'+44,2,,,8,6,-5.0,X,R,12,KING U OFF,,H IN,,,,,SLOT,CURLS,,GF,JET SWEEP,STR,,GAP,BENCH,4 DOWN,,,,,,ALBI 15,11,17; 85,01; 06,0,12,X,6,R,5.0,,0,,,,ALBI 85 FST,,0,0,0,0,0,,ALBI 15,11,01; 06,17; 85,WIDE UNDER,1x3,0,R,,0,
544,"2025 UAB O vs UConn, PFF Play 117",117,3,2,10,'+49,2,,,8,7,3.0,P,R,11,EMPTY 3x2,,,,X,,X,OPEN,,RUN,GEMP,JET SWEEP,STR,DB,,BENCH,4 DOWN,STUNT,,COVER 4,,ALBI 15,ALBI 15,11,17,00; 01; 06,0,11,P,7,R,,3.0,0,0.0,,,,,0,0,0,0,0,ALBI 15,ALBI 15,11,00; 01; 06,17,WIDE UNDER,2x3,0,X,,0,COVER 4
545,"2025 UAB O vs UConn, PFF Play 118",118,3,3,7,'+46,3,,,8,8,7.0,P,R,02,EMPTY 4x1 T STING,,,,,,,ON,,COMPLETE,GEMP,JET SWEEP,STR,DB,,SPLIT,4 DOWN,STUNT,,COVER 3 DBL CLOUD,,ALBI 85,ALBI 15,,17; 85,00; 01; 06,0,02,P,8,R,3.0,7.0,0,0.0,,,,,0,0,0,0,0,ALBI 85,ALBI 15,,00; 01; 06,17; 85,NO INTERIOR,3x2,0,P,ALBI 85,0,COVER 3 DBL CLOUD
546,"2025 UAB O vs UConn, PFF Play 119",119,3,1,10,'+39,P,,,8,9,-5.0,P,M,12,KING U OFF,,H IN,,,,,SLOT,,SACK,GF,,STR,PA,,EVEN,4 DOWN,,BLITZ,COVER 1,,ALBI 15,ALBI 15,03,17; 85,00; 01,0,12,P,9,C,7.0,-5.0,0,0.0,,UNDEFINED,,,0,0,0,0,0,ALBI 15,ALBI 15,03,00; 01,17; 85,EVEN,1x3,0,P,,1,COVER 1
547,"2025 UAB O vs UConn, PFF Play 120",120,3,2,15,'+44,2,,,8,10,7.0,P,R,11,DUO Y OFF,SNUG,,,,,X,OFF,,COMPLETE,GN,JET SWEEP,WK,DB,,ONE INTERIOR,4 DOWN,STUNT,BLITZ,COVER 3 CLOUD,,ALBI 03,ALBI 15,03,17,00; 01; 06,0,11,P,10,R,-5.0,7.0,0,0.0,,,,,0,0,0,0,0,ALBI 03,ALBI 15,03,00; 01; 06,17,ONE INTERIOR,2x2,0,P,ALBI 03,1,COVER 3 CLOUD
548,"2025 UAB O vs UConn, PFF Play 121",121,3,3,8,'+37,3,,,8,11,-6.0,P,R,11,TRIPS,,,,,,,ON,,SACK,GN,JET SWEEP,WK,DB,,ONE INTERIOR,4 DOWN,,BLITZ,COVER 6,,ALBI 15,ALBI 15,03,17,00; 01; 06,0,11,P,11,R,7.0,-6.0,0,0.0,,,,,0,0,0,0,0,ALBI 15,ALBI 15,03,00; 01; 06,17,ONE INTERIOR,1x3,0,P,,1,COVER 6
549,"2025 UAB O vs UConn, PFF Play 122",122,4,4,14,'+43,4,,,8,12,0.0,P,R,11,TRIPS,,,,,,,ON,,INTERCEPTION,GN,JET SWEEP,WK,DB,,ONE INTERIOR,4 DOWN,STUNT,BLITZ,COVER 2,,ALBI 01,ALBI 15,03,85,00; 01; 06,0,11,P,12,R,-6.0,,0,0.0,,,,,0,0,0,0,0,,ALBI 15,03,00; 01; 06,85,ONE INTERIOR,1x3,0,P,ALBI 01,1,COVER 2
550,"2025 UAB O vs UConn, PFF Play 127",127,4,1,10,'-41,P,,,9,1,10.0,R,R,20,SLOT - OPEN,SNUG,,,X,,,OFF,CURLS,,GS,Q DART,STR,GAP,GAP,EVEN,4 DOWN,STUNT,,COVER 3,,ALBI 16,ALBI 16,04; 11,,05; 06; 18,0,20,R,1,R,,10.0,0,,,POWER,,,0,0,0,0,0,ALBI 16,ALBI 16,04; 11,05; 06; 18,,EVEN,1x2,0,P,,0,COVER 3
551,"2025 UAB O vs UConn, PFF Play 128",128,4,1,10,'+49,P,,,9,2,5.0,R,L,21,PRO - OPEN,SNUG,,,,,X,OFF,CURLS,,GS,Q CTR OT RD,STR,GAP,GAP,EVEN,4 DOWN,STUNT,,COVER 3,,ALBI 16,ALBI 16,03; 11,88,05; 18,1,21,R,2,L,10.0,5.0,0,,,COUNTER,,,0,0,1,0,0,ALBI 16,ALBI 16,03; 11,05; 18,88,EVEN,1x2,0,R,,0,COVER 3
552,"2025 UAB O vs UConn, PFF Play 129",129,4,1,10,'+37,P,,,9,3,5.0,P,M,11,OTHER,,,,,,,,,COMPLETE,GEMP,JET SWEEP,STR,DB,,ODD,4 DOWN,,,COVER 3 DBL CLOUD,,ALBI 11,ALBI 15,11,88,00; 01; 06,0,11,P,3,C,5.0,5.0,0,0.0,,,,,0,0,0,0,0,ALBI 11,ALBI 15,11,00; 01; 06,88,ODD,2x5,0,R,ALBI 11,0,COVER 3 DBL CLOUD
553,"2025 UAB O vs UConn, PFF Play 130",130,4,2,5,'+32,2,,,9,4,32.0,P,L,11,OTHER,,,,,,,,,LATERAL,GEMP,JET SWEEP,STR,DB,,ODD,4 DOWN,,,COVER 3 DBL CLOUD,,ALBI 06,ALBI 15,11,88,00; 01; 06,1,11,P,4,L,5.0,32.0,0,0.0,,,,ALBI 06,0,0,1,0,0,ALBI 06,ALBI 15,11,00; 01; 06,88,ODD,2x5,0,P,,0,COVER 3 DBL CLOUD
554,"2025 UAB O vs UConn, PFF Play 142",142,4,1,10,'-18,P,,,10,1,6.0,P,M,11,DOUBLES,STK,Z BNC,,X,,,OPEN,,COMPLETE,GN,JET SWEEP,WK,DB,,ONE INTERIOR,4 DOWN,STUNT,BLITZ,COVER 4,,ALBI 05,ALBI 15,04,17,00; 01; 05,0,11,P,1,C,32.0,6.0,0,0.0,,,,,0,0,0,0,1,ALBI 05,ALBI 15,04,00; 01; 05,17,ONE INTERIOR,2x2,0,P,ALBI 05,1,COVER 4
555,"2025 UAB O vs UConn, PFF Play 143",143,4,2,4,'-24,2,,,10,2,4.0,P,R,12,ACE YU OFF,,,,,,X,OFF,,COMPLETE,GF,JET SWEEP,STR,DB,,EVEN,4 DOWN,,,COVER 2,,ALBI 01,ALBI 15,04,17; 88,00; 01,0,12,P,2,R,6.0,4.0,0,0.0,,,,,0,0,0,0,1,ALBI 01,ALBI 15,04,00; 01,17; 88,EVEN,2x2,0,P,ALBI 01,0,COVER 2
556,"2025 UAB O vs UConn, PFF Play 144",144,4,1,10,'-28,P,,,10,3,11.0,P,L,12,DUO Y OFF,SNUG,Y MO,,X,X,X,OFF,,COMPLETE,GN,JET SWEEP,STR,DB,,ODD,4 DOWN,,,COVER 2,,ALBI 01,ALBI 15,04,17; 88,00; 01,0,12,P,3,L,4.0,11.0,0,0.0,,,,,0,0,0,0,1,ALBI 01,ALBI 15,04,00; 01,17; 88,ODD,2x2,0,P,ALBI 01,0,COVER 2
557,"2025 UAB O vs UConn, PFF Play 145",145,4,1,10,'-39,P,,,10,4,9.0,P,L,11,TRIPS - OPEN,Y FLEX/STK,Y BNC,,X,,X,OPEN,,COMPLETE,GN,Y INSERT,STR,PA,,EVEN,4 DOWN,,BLITZ,COVER 6,,ALBI 00,ALBI 15,11,85,00; 05; 18,0,11,P,4,L,11.0,9.0,1,0.0,,INSIDE ZONE,,,0,0,0,0,1,ALBI 00,ALBI 15,11,00; 05; 18,85,EVEN,3x1,1,P,ALBI 00,1,COVER 6
558,"2025 UAB O vs UConn, PFF Play 146",146,4,2,1,'-48,2,SY,,10,5,3.0,R,R,11,DUO Y OFF,SNUG,Z BNC,,X,X,X,OFF,,,PSTL,ZONE RD ARC,STR,ZN,GAP,BENCH,4 DOWN,,BLITZ,COVER 3,,ALBI 11,ALBI 15,11,85,00; 01; 05,1,11,R,5,R,9.0,3.0,0,,,MAN,,,0,0,1,0,1,ALBI 11,ALBI 15,11,00; 01; 05,85,WIDE UNDER,2x2,1,P,,1,COVER 3
559,"2025 UAB O vs UConn, PFF Play 147",147,4,1,10,'+49,P,,,10,6,10.0,P,R,11,EMPTY 3x2,,,,X,,X,OPEN,,COMPLETE,GEMP,JET SWEEP,STR,DB,,SPLIT,4 DOWN,STUNT,BLITZ,COVER 2,,ALBI 85,ALBI 15,11,85,00; 01; 05,1,11,P,6,R,3.0,10.0,1,0.0,,,,,0,0,1,0,1,ALBI 85,ALBI 15,11,00; 01; 05,85,NO INTERIOR,2x3,0,R,ALBI 85,1,COVER 2
560,"2025 UAB O vs UConn, PFF Play 148",148,4,1,10,'+39,P,,,10,7,3.0,P,L,11,TRIPS - SLOT,,,,X,,X,OPEN,,RUN,GEMP,JET SWEEP,STR,DB,,EVEN,4 DOWN,STUNT,BLITZ,COVER 2,,ALBI 15,ALBI 15,11,85,00; 01; 05,0,11,P,7,L,10.0,3.0,0,0.0,,,,,0,0,0,0,1,ALBI 15,ALBI 15,11,00; 01; 05,85,EVEN,3x2,0,P,,1,COVER 2
561,"2025 UAB O vs UConn, PFF Play 149",149,4,2,7,'+36,2,,,10,8,6.0,P,L,11,TRIPS - SLOT,,,,X,,X,OPEN,,COMPLETE,GEMP,JET SWEEP,STR,DB,,WIDE OVER,4 DOWN,STUNT,BLITZ,COVER 2,,ALBI 05,ALBI 15,11,85,00; 01; 05,1,11,P,8,L,3.0,6.0,0,0.0,,,,,0,0,1,0,1,ALBI 05,ALBI 15,11,00; 01; 05,85,WIDE OVER,3x2,0,P,ALBI 05,1,COVER 2
562,"2025 UAB O vs UConn, PFF Play 150",150,4,3,1,'+30,3,SY,,10,9,3.0,R,L,11,TREY Y OFF,SNUG,Z MTR,,X,,X,OFF,,,GN,Y INSERT,STR,ZN,GAP,EVEN,4 DOWN,STUNT,,COVER 3,,ALBI 11,ALBI 15,11,88,00; 01; 05,0,11,R,9,L,6.0,3.0,0,,,INSIDE ZONE,,,0,0,0,0,1,ALBI 11,ALBI 15,11,00; 01; 05,88,EVEN,3x1,1,P,,0,COVER 3
563,"2025 UAB O vs UConn, PFF Play 151",151,4,1,10,'+27,P,,,10,10,0.0,P,L,11,TRIPS - SLOT,,,,X,,X,OPEN,,COMPLETE,GEMP,JET SWEEP,STR,DB,,ONE INTERIOR,4 DOWN,STUNT,,COVER 2,,ALBI 05,ALBI 15,03,88,00; 01; 05,0,11,P,10,L,3.0,0.0,0,0.0,,,,,0,0,0,0,1,ALBI 05,ALBI 15,03,00; 01; 05,88,ONE INTERIOR,3x2,0,R,ALBI 05,0,COVER 2
564,"2025 UAB O vs UConn, PFF Play 152",152,4,2,10,'+27,2,,,10,11,-10.0,P,L,11,TRIPS - SLOT,,,,X,,X,OPEN,,SACK,GEMP,JET SWEEP,STR,DB,,ONE INTERIOR,4 DOWN,STUNT,BLITZ,COVER 2,,ALBI 15,ALBI 15,03,17,00; 01; 05,0,11,P,11,L,0.0,-10.0,0,0.0,,,,,0,0,0,0,1,ALBI 15,ALBI 15,03,00; 01; 05,17,ONE INTERIOR,3x2,0,P,,1,COVER 2
565,"2025 UAB O vs UConn, PFF Play 153",153,4,3,20,'+37,3,,,10,12,6.0,P,L,11,TRIPS - OPEN,Y AT 3,,,X,,X,OPEN,,COMPLETE,GF,JET SWEEP,STR,DB,,SPLIT,4 DOWN,STUNT,,COVER 3 DBL CLOUD,,ALBI 01,ALBI 15,03,17,00; 01; 05,0,11,P,12,L,-10.0,6.0,0,0.0,,,,,0,0,0,0,1,ALBI 01,ALBI 15,03,00; 01; 05,17,NO INTERIOR,3x1,0,P,ALBI 01,0,COVER 3 DBL CLOUD
566,"2025 UAB O vs UConn, PFF Play 154",154,4,4,14,'+31,4,,,10,13,15.0,P,L,11,TREY Y OFF,SNUG,,,X,X,X,OFF,,INCOMPLETE,GF,JET SWEEP,STR,DB,,ONE INTERIOR,4 DOWN,,BLITZ,COVER 6,,ALBI 01,ALBI 15,03,17,00; 01; 05,0,11,P,13,L,6.0,,0,0.0,,,CTUN D21 RPS,,0,0,0,0,1,,ALBI 15,03,00; 01; 05,17,ONE INTERIOR,3x1,0,P,ALBI 01,1,COVER 6
567,"2025 UAB O vs UConn, PFF Play 155",155,4,1,10,'+16,P,,RA,10,14,3.0,P,L,11,DUO Y OFF,SNUG,,,,,X,OFF,,COMPLETE,GN,JET SWEEP,STR,DB,,ODD,4 DOWN,,BLITZ,COVER 2,,ALBI 00,ALBI 15,03,17,00; 05; 18,0,11,P,14,L,,3.0,0,0.0,,,,,0,0,0,0,1,ALBI 00,ALBI 15,03,00; 05; 18,17,ODD,2x2,0,P,ALBI 00,1,COVER 2
568,"2025 UAB O vs UConn, PFF Play 156",156,4,2,7,'+13,2,,RA,10,15,0.0,P,R,11,TRIPS,,,,,,,ON,,INCOMPLETE,GN,JET SWEEP,WK,DB,,ONE INTERIOR,4 DOWN,STUNT,BLITZ,COVER 1,,ALBI 03,ALBI 15,03,17,00; 01; 05,0,11,P,15,R,3.0,,0,0.0,,,,,0,0,0,0,1,,ALBI 15,03,00; 01; 05,17,ONE INTERIOR,1x3,0,P,ALBI 03,1,COVER 1
569,"2025 UAB O vs UConn, PFF Play 157",157,4,3,7,'+13,3,,RA,10,16,13.0,P,R,11,TRIPS - OPEN,Y AT 2,,,X,,X,OPEN,,COMPLETE,GF,JET SWEEP,STR,DB,,WIDE OVER,4 DOWN,STUNT,BLITZ,COVER 1,,ALBI 05,ALBI 15,03,17,00; 01; 05,0,11,P,16,R,,13.0,0,0.0,,,,ALBI 05,0,0,0,0,1,ALBI 05,ALBI 15,03,00; 01; 05,17,WIDE OVER,1x3,0,P,ALBI 05,1,COVER 1
570,"2025 UAB O vs Rice, PFF Play 002",2,1,1,10,'-25,P,,,1,1,4.0,R,L,20 (*),TREY Y OFF,ENDOVER,,,X,X,,OFF,CURLS,,GN,Q DART,STR,GAP,GAP,UNDER,4 DOWN,,,COVER 3,,ALBI 04,ALBI 15,04; 11,,05; 18,0,20 (*),R,1,L,,4.0,0,,,POWER,,,0,0,0,0,0,ALBI 04,ALBI 15,04; 11,05; 18,,UNDER,4x0,0,,,0,COVER 3
571,"2025 UAB O vs Rice, PFF Play 003",3,1,2,6,'-29,2,,,1,2,1.0,R,M,11,DUO Y OFF,SNUG,Y MTR,,,,X,OFF,,,GF,Y INSERT,STR,ZN,GAP,EVEN,4 DOWN,,,COVER 3,,ALBI 15,ALBI 15,04,85,00; 01; 06,0,11,R,2,C,4.0,1.0,0,,,INSIDE ZONE,,,0,0,0,0,0,ALBI 15,ALBI 15,04,00; 01; 06,85,EVEN,2x2,1,R,,0,COVER 3
572,"2025 UAB O vs Rice, PFF Play 004",4,1,3,5,'-30,3,,,1,3,-5.0,P,R,11,DOUBLES,STK,,,,,,OPEN,,SACK,GN,JET SWEEP,STR,DB,,EVEN,4 DOWN,,,COVER 3 SEAM,,ALBI 15,ALBI 15,04,85,00; 01; 06,0,11,P,3,R,1.0,-5.0,0,0.0,,,,,0,0,0,0,0,ALBI 15,ALBI 15,04,00; 01; 06,85,EVEN,2x2,0,R,,0,COVER 3 SEAM
573,"2025 UAB O vs Rice, PFF Play 009",9,1,1,10,'+34,P,,,2,1,8.0,P,R,12,TREY U HIP,,X MTR,,,,,WING PRO,,COMPLETE,GN,Y INSERT,STR,PA,,WIDE OVER,4 DOWN,,,COVER 4,,ALBI 08,ALBI 15,11,17; 88,01; 08,0,12,P,1,R,-5.0,8.0,0,0.0,,INSIDE ZONE,,,0,0,0,0,0,ALBI 08,ALBI 15,11,01; 08,17; 88,WIDE OVER,1x3,1,P,ALBI 08,0,COVER 4
574,"2025 UAB O vs Rice, PFF Play 010",10,1,2,2,'+26,2,SY,,2,2,26.0,P,L,11,TREY Y OFF,SNUG,,,X,,X,OFF,,COMPLETE,GN,Y INSERT,STR,PA,,UNDER,4 DOWN,,,COVER 1,,ALBI 00,ALBI 15,11,17,00; 01; 05,0,11,P,2,L,8.0,26.0,0,0.0,,INSIDE ZONE,,ALBI 00,0,0,0,0,0,ALBI 00,ALBI 15,11,00; 01; 05,17,UNDER,1x3,1,P,ALBI 00,0,COVER 1
575,"2025 UAB O vs Rice, PFF Play 025",25,1,1,10,'-25,P,,,3,1,2.0,R,R,21,DUO Y OFF,SNUG,,,,,X,OFF,CURLS,,GN,Q CTR OY RD,WK,GAP,GAP,ODD,4 DOWN,,,COVER 3,,ALBI 04,ALBI 15,04; 11,17,05; 18,0,21,R,1,R,26.0,2.0,0,,,COUNTER,,,0,0,0,0,0,ALBI 04,ALBI 15,04; 11,05; 18,17,ODD,2x2,0,P,,0,COVER 3
576,"2025 UAB O vs Rice, PFF Play 026",26,1,2,8,'-27,2,,,3,2,-4.0,P,R,11,TRIPS - SLOT,,TOZ,,X,,,OPEN,,SACK,GEMP,JET SWEEP,STR,DB,,ODD,4 DOWN,,,COVER 4,,ALBI 15,ALBI 15,11,17,00; 01; 06,0,11,P,2,R,2.0,-4.0,0,0.0,,,,,0,0,0,0,0,ALBI 15,ALBI 15,11,00; 01; 06,17,ODD,2x3,0,R,,0,COVER 4
577,"2025 UAB O vs Rice, PFF Play 027",27,1,3,12,'-23,3,,,3,3,0.0,P,L,11,TRIPS,,Z OUT,,,,,ON,,INCOMPLETE,GN,JET SWEEP,STR,DB,,ODD,4 DOWN,,,COVER 2,,ALBI 06,ALBI 15,03,17,00; 01; 06,0,11,P,3,L,-4.0,,0,0.0,,,,,0,0,0,0,0,,ALBI 15,03,00; 01; 06,17,ODD,3x1,0,P,ALBI 06,0,COVER 2
578,"2025 UAB O vs Rice, PFF Play 050",50,2,1,10,'-34,P,,,4,1,5.0,X,R,12,ACE YU OFF,,,,,,X,OFF,CURLS,,,JET SWEEP,STR,,GAP,SOLID,5 DOWN,,,,,,ALBI 15,04,17; 85,00; 01,0,12,X,1,R,,,0,,,,TXRI D99 NZI,,0,0,0,0,0,,ALBI 15,04,00; 01,17; 85,ODD,2x2,0,P,,0,
579,"2025 UAB O vs Rice, PFF Play 051",51,2,1,5,'-39,1,,,4,2,2.0,R,R,12,ACE YU OFF,,,,,,X,OFF,CURLS,,,OUTSIDE ZN LD,STR,ZN,GAP,SOLID,5 DOWN,,,COVER 4,,ALBI 04,ALBI 15,04,17; 85,00; 01,0,12,R,2,R,,2.0,0,,,OUTSIDE ZONE,,,0,0,0,0,0,ALBI 04,ALBI 15,04,00; 01,17; 85,ODD,2x2,0,X,,0,COVER 4
580,"2025 UAB O vs Rice, PFF Play 052",52,2,2,3,'-41,2,SY,,4,3,2.0,R,R,11,TRIPS,,,,,,,ON,CURLS,,GF,Y INSERT,STR,ZN,GAP,ODD,4 DOWN,STUNT,,COVER 4,,ALBI 04,ALBI 15,04,85,00; 01; 06,0,11,R,3,R,2.0,2.0,0,,,MAN,,,0,0,0,0,0,ALBI 04,ALBI 15,04,00; 01; 06,85,ODD,1x3,0,R,,0,COVER 4
581,"2025 UAB O vs Rice, PFF Play 053",53,2,3,1,'-43,3,SY,,4,4,3.0,R,R,12,TREY Y OFF,SNUG,H IN,,X,,X,OFF,CURLS,,GN,Q SPL ZN,STR,ZN,GAP,BEAR,5 DOWN,,,COVER 3,,ALBI 03,ALBI 15,03,17; 85,01; 08,0,12,R,4,R,2.0,3.0,0,,,INSIDE ZONE,,,0,0,0,0,0,ALBI 03,ALBI 15,03,01; 08,17; 85,BEAR,1x3,0,R,,0,COVER 3
582,"2025 UAB O vs Rice, PFF Play 054",54,2,1,10,'-46,P,,,4,5,12.0,P,R,12,QUADS WING - NIX,,,,,,,,,COMPLETE,GN,,STR,PA,,SOLID,5 DOWN,STUNT,BLITZ,COVER 3,,ALBI 01,ALBI 15,03,17; 85,01; 05,0,12,P,5,R,3.0,12.0,0,0.0,,UNDEFINED,,,0,0,0,0,0,ALBI 01,ALBI 15,03,01; 05,17; 85,ODD,0x4,0,R,ALBI 01,1,COVER 3
583,"2025 UAB O vs Rice, PFF Play 055",55,2,1,10,'+42,P,,,4,6,5.0,P,L,12,QUADS WING - NIX,,,,,,,,,COMPLETE,GN,Y INSERT,STR,PA,,SOLID,5 DOWN,,,COVER 3,,ALBI 08,ALBI 15,04,17; 85,01; 08,0,12,P,6,L,12.0,5.0,0,0.0,,INSIDE ZONE,,,0,0,0,0,0,ALBI 08,ALBI 15,04,01; 08,17; 85,ODD,4x0,1,P,ALBI 08,0,COVER 3
584,"2025 UAB O vs Rice, PFF Play 056",56,2,2,5,'+37,2,,,4,7,4.0,R,R,11,TREY Y OFF,SNUG,,,X,,X,OFF,,,GN,INSIDE ZN,ZN,ZN,GAP,UNDER,4 DOWN,,,COVER 3,,ALBI 04,ALBI 15,04,17,00; 01; 06,0,11,R,7,R,5.0,4.0,0,,,INSIDE ZONE,,,0,0,0,0,0,ALBI 04,ALBI 15,04,00; 01; 06,17,UNDER,1x3,1,P,,0,COVER 3
585,"2025 UAB O vs Rice, PFF Play 057",57,2,3,1,'+33,3,SY,,4,8,3.0,R,R,22,OTHER,,T MTR,,,,,,CURLS,,,OUTSIDE ZN LD,STR,ZN,GAP,BEAR,5 DOWN,,,COVER 4,,ALBI 04,ALBI 15,04; 11,17; 88,05,0,22,R,8,R,4.0,3.0,0,,,OUTSIDE ZONE,,,0,0,0,0,0,ALBI 04,ALBI 15,04; 11,05,17; 88,BEAR,2x3,0,R,,0,COVER 4
586,"2025 UAB O vs Rice, PFF Play 058",58,2,1,10,'+30,P,,,4,9,8.0,P,R,11,TREY Y OFF,SNUG,,,X,,X,OFF,,COMPLETE,GN,Y INSERT,STR,PA,,ODD,4 DOWN,,BLITZ,COVER 3 CLOUD,,ALBI 06,ALBI 15,11,88,00; 01; 06,0,11,P,9,R,3.0,8.0,0,0.0,,INSIDE ZONE,,,0,0,0,0,0,ALBI 06,ALBI 15,11,00; 01; 06,88,ODD,1x3,1,R,ALBI 06,1,COVER 3 CLOUD
587,"2025 UAB O vs Rice, PFF Play 059",59,2,2,2,'+22,2,SY,,4,10,9.0,R,L,12,SLOT - WING,,,,,,,,,,GN,INSIDE ZN,ZN,ZN,GAP,SOLID,5 DOWN,,,COVER 1,,ALBI 11,ALBI 15,11,85; 88,00; 01,0,12,R,10,L,8.0,9.0,0,,,INSIDE ZONE,,,0,0,0,0,0,ALBI 11,ALBI 15,11,00; 01,85; 88,ODD,2x2,1,P,,0,COVER 1
588,"2025 UAB O vs Rice, PFF Play 060",60,2,1,10,'+13,P,,RA,4,11,11.0,P,M,12,QUADS WING - NIX,,,,,,,,,COMPLETE,GN,Y INSERT,STR,PA,,BEAR,5 DOWN,,BLITZ,COVER 0,,ALBI 00,ALBI 15,11,85; 88,00; 01,0,12,P,11,C,9.0,11.0,0,0.0,,INSIDE ZONE,,,0,0,0,0,0,ALBI 00,ALBI 15,11,00; 01,85; 88,BEAR,0x4,1,R,ALBI 00,1,COVER 0
589,"2025 UAB O vs Rice, PFF Play 061",61,2,1,2,'+2,1,SY/GL,RA,4,12,0.0,R,M,11,DUO Y OFF,SNUG,Z BNC,,,,X,OFF,CURLS,,GF,Q SPL ZN,STR,ZN,GAP,UNDER,5 DOWN,,,COVER 3,,ALBI 04,ALBI 15,04,85,00; 01; 06,0,11,R,12,C,11.0,0.0,0,,,INSIDE ZONE,,,0,0,0,0,0,ALBI 04,ALBI 15,04,00; 01; 06,85,UNDER,2x2,0,P,,0,COVER 3
590,"2025 UAB O vs Rice, PFF Play 062",62,2,2,2,'+2,2,SY/GL,RA,4,13,0.0,R,L,22,KING U OFF B HIP,,,,,,X,,CURLS,,,Q POWER G LD,STR,GAP,GAP,BEAR,5 DOWN,,,COVER 0,,ALBI 04,ALBI 15,03; 04,17; 85,05,0,22,R,13,L,0.0,0.0,0,,,PULL LEAD,,,0,0,0,0,0,ALBI 04,ALBI 15,03; 04,05,17; 85,BEAR,2x1,0,R,,0,COVER 0
591,"2025 UAB O vs Rice, PFF Play 063",63,2,3,2,'+2,3,SY/GL,RA,4,14,0.0,P,M,22,OTHER,,,,,,,,,COMPLETE,,INSIDE ZN RD,STR,PA,,BEAR,5 DOWN,,BLITZ,COVER 0,,ALBI 03,ALBI 15,03; 04,17; 85,18,0,22,P,14,C,0.0,0.0,0,0.0,,MAN,,,0,0,0,0,0,ALBI 03,ALBI 15,03; 04,18,17; 85,BEAR,1x1,1,R,ALBI 03,1,COVER 0
592,"2025 UAB O vs Rice, PFF Play 072",72,2,1,10,'-44,P,,,5,1,26.0,P,L,11,DOUBLES,STK,,,,,,OPEN,,COMPLETE,GF,JET SWEEP,STR,DB,,ODD,4 DOWN,,,COVER 6,,ALBI 01,ALBI 15,03,17,00; 01; 06,0,11,P,1,L,0.0,26.0,0,0.0,,,,,0,0,0,2,0,ALBI 01,ALBI 15,03,00; 01; 06,17,ODD,2x2,0,P,ALBI 01,0,COVER 6
593,"2025 UAB O vs Rice, PFF Play 073",73,2,1,10,'+30,P,,,5,2,11.0,P,R,11,TREY Y OFF,SNUG,,,X,,X,OFF,,COMPLETE,GF,JET SWEEP,STR,DB,,ODD,4 DOWN,,,COVER 3 SEAM,,ALBI 00,ALBI 15,03,17,00; 06; 18,0,11,P,2,R,26.0,11.0,0,0.0,,,,,0,0,0,2,0,ALBI 00,ALBI 15,03,00; 06; 18,17,ODD,1x3,0,P,ALBI 00,0,COVER 3 SEAM
594,"2025 UAB O vs Rice, PFF Play 074",74,2,1,10,'+19,P,,RA,5,3,0.0,P,R,11,TREY Y OFF,SNUG,,,X,,X,OFF,,THROWN AWAY,GF,JET SWEEP,STR,DB,,ODD,4 DOWN,,BLITZ,COVER 1,,,ALBI 15,03,17,00; 01; 06,0,11,P,3,R,11.0,,0,0.0,,,,,0,0,0,2,0,,ALBI 15,03,00; 01; 06,17,ODD,1x3,0,P,,1,COVER 1
595,"2025 UAB O vs Rice, PFF Play 075",75,2,2,10,'+19,2,,RA,5,4,6.0,P,R,11,DOUBLES,STK,,,,,,OPEN,,COMPLETE,GN,JET SWEEP,STR,DB,,ODD,4 DOWN,STUNT,BLITZ,COVER 1,,ALBI 00,ALBI 15,03,17,00; 01; 06,0,11,P,4,R,,6.0,0,0.0,,,TXRI D75 ILHd,,0,0,0,2,0,ALBI 00,ALBI 15,03,00; 01; 06,17,ODD,2x2,0,P,ALBI 00,1,COVER 1
596,"2025 UAB O vs Rice, PFF Play 076",76,2,1,6,'+6,1,GL,RA,5,5,0.0,P,R,11,TREY Y OFF,SNUG,,,X,,X,OFF,,INCOMPLETE,GF,JET SWEEP,STR,DB,,ODD,4 DOWN,STUNT,,BRACKET,,ALBI 01,ALBI 15,03,17,00; 01; 06,0,11,P,5,R,6.0,,0,0.0,,,,,0,0,0,2,0,,ALBI 15,03,00; 01; 06,17,ODD,1x3,0,P,ALBI 01,0,BRACKET
597,"2025 UAB O vs Rice, PFF Play 077",77,2,2,6,'+6,2,GL,RA,5,6,-5.0,P,R,11,DUO Y OFF,SNUG,Z BNC,,,,X,OFF,,HIT AS THREW,GN,JET SWEEP,STR,DB,,ODD,4 DOWN,,BLITZ,COVER 1,,,ALBI 15,03,17,00; 01; 06,0,11,P,6,R,,,0,0.0,,,ISH,,0,0,0,2,0,,ALBI 15,03,00; 01; 06,17,ODD,2x2,0,P,,1,COVER 1
598,"2025 UAB O vs Rice, PFF Play 078",78,2,2,11,'+11,2,,RA,5,7,-10.0,P,R,11,TRIPS,,,,,,,ON,,SACK,GN,JET SWEEP,STR,DB,,ODD,4 DOWN,STUNT,BLITZ,COVER 1,,ALBI 15,ALBI 15,03,85,00; 01; 06,0,11,P,7,R,,-10.0,0,0.0,,,,,0,0,0,2,0,ALBI 15,ALBI 15,03,00; 01; 06,85,ODD,1x3,0,P,,1,COVER 1
599,"2025 UAB O vs Rice, PFF Play 079",79,2,3,21,'+21,3,,,5,8,21.0,P,R,11,TRIPS,,,,,,,ON,,COMPLETE,GN,JET SWEEP,WK,DB,,OKIE,4 DOWN,,,COVER 3 CLOUD,,ALBI 06,ALBI 15,03,85,00; 01; 06,0,11,P,8,R,-10.0,21.0,0,0.0,,,,ALBI 06,0,0,0,2,0,ALBI 06,ALBI 15,03,00; 01; 06,85,ODD,1x3,0,P,ALBI 06,0,COVER 3 CLOUD
600,"2025 UAB O vs Rice, PFF Play 097",97,3,1,10,'-23,P,,,6,1,3.0,R,L,12,QUADS WING - NIX,,,,,,,,,,GN,Y INSERT,STR,ZN,GAP,WIDE OVER,4 DOWN,,,COVER 1,,ALBI 04,ALBI 15,04,17; 85,00; 01,0,12,R,1,L,21.0,3.0,0,,,INSIDE ZONE,,,0,0,0,0,0,ALBI 04,ALBI 15,04,00; 01,17; 85,WIDE OVER,4x0,1,P,,0,COVER 1
601,"2025 UAB O vs Rice, PFF Play 098",98,3,2,7,'-26,2,,,6,2,9.0,P,L,11,DUO Y OFF,SNUG,Y MTR,,,,X,OFF,,COMPLETE,GF,Y INSERT,STR,PA,,ODD,4 DOWN,,,COVER 6,,ALBI 01,ALBI 15,04,85,00; 01; 06,0,11,P,2,L,3.0,9.0,0,0.0,,INSIDE ZONE,,,0,0,0,0,0,ALBI 01,ALBI 15,04,00; 01; 06,85,ODD,2x2,1,R,ALBI 01,0,COVER 6
602,"2025 UAB O vs Rice, PFF Play 099",99,3,1,10,'-35,P,,,6,3,19.0,R,R,12,TREY U HIP,,,,,,,WING PRO,CURLS,,GN,Q CTR OY RD,WK,GAP,GAP,WIDE OVER,4 DOWN,,,COVER 1,,ALBI 04,ALBI 15,04,17; 85,08; 18,0,12,R,3,R,9.0,19.0,0,,,COUNTER,,,0,0,0,0,0,ALBI 04,ALBI 15,04,08; 18,17; 85,WIDE OVER,1x3,0,P,,0,COVER 1
603,"2025 UAB O vs Rice, PFF Play 100",100,3,1,10,'+46,P,,,6,4,0.0,R,R,12,SLOT - WING,,BUZZ,,,,,,,,GN,Y INSERT,STR,ZN,GAP,WIDE OVER,4 DOWN,,,COVER 1,,ALBI 04,ALBI 15,04,17; 85,08; 18,0,12,R,4,R,19.0,0.0,0,,,INSIDE ZONE,,,0,0,0,0,0,ALBI 04,ALBI 15,04,08; 18,17; 85,WIDE OVER,2x2,1,R,,0,COVER 1
604,"2025 UAB O vs Rice, PFF Play 101",101,3,2,10,'+46,2,,,6,5,0.0,P,M,11,TREY Y OFF,SNUG,,,X,,X,OFF,,INCOMPLETE,GF,JET SWEEP,STR,DB,,BENCH,4 DOWN,,,COVER 1,,ALBI 00,ALBI 15,03,17,00; 01; 06,0,11,P,5,C,0.0,,0,0.0,,,,,0,0,0,0,0,,ALBI 15,03,00; 01; 06,17,WIDE UNDER,1x3,0,R,ALBI 00,0,COVER 1
605,"2025 UAB O vs Rice, PFF Play 102",102,3,3,10,'+46,3,,,6,6,9.0,P,M,11,TREY Y OFF,SNUG,,,X,,X,OFF,,COMPLETE,GF,JET SWEEP,STR,DB,,ODD,4 DOWN,,BLITZ,COVER 3,,ALBI 17,ALBI 15,03,17,00; 01; 06,0,11,P,6,C,,9.0,0,0.0,,,,,0,0,0,0,0,ALBI 17,ALBI 15,03,00; 01; 06,17,ODD,1x3,0,P,ALBI 17,1,COVER 3
606,"2025 UAB O vs Rice, PFF Play 103",103,3,4,1,'+37,4,SY,,6,7,0.0,R,L,12,TREY Y OFF,SNUG,,,X,,X,OFF,CURLS,,,Q POWER G LD,STR,GAP,GAP,BEAR,5 DOWN,,BLITZ,COVER 3,,ALBI 03,ALBI 15,03,85; 88,06; 18,0,12,R,7,L,9.0,0.0,0,,,PULL LEAD,,,0,0,0,0,0,ALBI 03,ALBI 15,03,06; 18,85; 88,BEAR,1x3,0,P,,1,COVER 3
607,"2025 UAB O vs Rice, PFF Play 116",116,3,1,10,'-25,P,,,7,1,3.0,R,L,12,SLOT - WING,,,,,,,,,,GN,CTR OY,WK,GAP,GAP,ODD,4 DOWN,,,COVER 2,,ALBI 11,ALBI 15,11,85; 88,00; 01,0,12,R,1,L,0.0,3.0,0,,,COUNTER,,,0,0,0,0,0,ALBI 11,ALBI 15,11,00; 01,85; 88,ODD,2x2,1,R,,0,COVER 2
608,"2025 UAB O vs Rice, PFF Play 117",117,3,2,7,'-28,2,,,7,2,-5.0,X,L,11,TREY Y OFF,SNUG,,,X,,X,OFF,CURLS,,GN,JET SWEEP,STR,,GAP,EVEN,4 DOWN,,,,,,ALBI 15,11,85,00; 01; 06,0,11,X,2,L,3.0,,0,,,,ALBI 71 FST,,0,0,0,0,0,,ALBI 15,11,00; 01; 06,85,EVEN,3x1,0,R,,0,
609,"2025 UAB O vs Rice, PFF Play 118",118,3,2,12,'-23,2,,,7,3,0.0,P,L,11,TREY Y OFF,SNUG,,,X,,X,OFF,,INCOMPLETE,GN,Q POWER O,STR,RPO,,EVEN,4 DOWN,,,COVER 6,,ALBI 00,ALBI 15,11,85,00; 01; 06,0,11,P,3,L,,,0,0.0,,POWER,,,0,0,0,0,0,,ALBI 15,11,00; 01; 06,85,EVEN,3x1,1,X,ALBI 00,0,COVER 6
610,"2025 UAB O vs Rice, PFF Play 119",119,3,3,12,'-23,3,,,7,4,14.0,P,L,11,TRIPS,,,,,,,ON,,COMPLETE,GN,JET SWEEP,STR,DB,,ODD,4 DOWN,STUNT,BLITZ,COVER 6,,ALBI 00,ALBI 15,11,85,00; 01; 06,0,11,P,4,L,,14.0,0,0.0,,,,,0,0,0,0,0,ALBI 00,ALBI 15,11,00; 01; 06,85,ODD,3x1,0,P,ALBI 00,1,COVER 6
611,"2025 UAB O vs Rice, PFF Play 120",120,4,1,10,'-37,P,,,7,5,21.0,P,R,11,DUO Y OFF,SNUG,Y MTR,,,,X,OFF,,COMPLETE,GF,Q SPL ZN,STR,PA,,UNDER,4 DOWN,,BLITZ,COVER 1,,ALBI 00,ALBI 15,11,85,00; 01; 06,0,11,P,5,R,14.0,21.0,0,0.0,,INSIDE ZONE,,,0,0,0,0,0,ALBI 00,ALBI 15,11,00; 01; 06,85,UNDER,2x2,0,P,ALBI 00,1,COVER 1
612,"2025 UAB O vs Rice, PFF Play 121",121,4,1,10,'+42,P,,,7,6,0.0,P,L,21,DUO Y OFF,SNUG,T MTR,,,,X,OFF,,THROWN AWAY,GN,JET SWEEP,STR,DB,,EVEN,4 DOWN,,,COVER 3,,,ALBI 15,03; 11,88,05; 18,0,21,P,6,L,21.0,,0,0.0,,,,,0,0,0,0,0,,ALBI 15,03; 11,05; 18,88,EVEN,2x2,0,P,,0,COVER 3
613,"2025 UAB O vs Rice, PFF Play 122",122,4,2,10,'+42,2,,,7,7,-3.0,R,L,11,TRIPS,,,,,,,ON,,,GN,INSIDE ZN,ZN,ZN,GAP,WIDE OVER,4 DOWN,,BLITZ,COVER 3,,ALBI 04,ALBI 15,04,88,00; 01; 06,0,11,R,7,L,,-3.0,0,,,INSIDE ZONE,,,0,0,0,0,0,ALBI 04,ALBI 15,04,00; 01; 06,88,WIDE OVER,3x1,1,P,,1,COVER 3
614,"2025 UAB O vs Rice, PFF Play 123",123,4,3,13,'+45,3,,,7,8,0.0,P,L,11,DUO Y OFF,SNUG,Y MO,,,,X,OFF,,INCOMPLETE,GF,JET SWEEP,STR,DB,,OKIE,4 DOWN,,,COVER 3 CLOUD,,ALBI 01,ALBI 15,04,88,00; 01; 06,0,11,P,8,L,-3.0,,0,0.0,,,,,0,0,0,0,0,,ALBI 15,04,00; 01; 06,88,ODD,2x2,0,R,ALBI 01,0,COVER 3 CLOUD
615,"2025 UAB O vs Rice, PFF Play 131",131,4,1,10,'-7,P,,,8,1,51.0,R,L,21,PRO - OPEN,SNUG,,,,,X,OFF,,,GS,CTR OY,WK,GAP,GAP,BENCH,4 DOWN,STUNT,BLITZ,COVER 3,,ALBI 04,ALBI 15,04; 11,85,05; 18,0,21,R,1,L,,51.0,0,,,COUNTER,TXRI D14 DH,,0,0,0,0,0,ALBI 04,ALBI 15,04; 11,05; 18,85,WIDE UNDER,2x1,1,P,,1,COVER 3
616,"2025 UAB O vs Rice, PFF Play 132",132,4,1,10,'+32,P,,,8,2,-1.0,R,L,21,PRO - OPEN,SNUG,,,,,X,OFF,,,GF,CTR OY,STR,GAP,GAP,UNDER,4 DOWN,,,COVER 3,,ALBI 04,ALBI 15,04; 11,85,05; 18,0,21,R,2,L,51.0,-1.0,0,,,COUNTER,,,0,0,0,0,0,ALBI 04,ALBI 15,04; 11,05; 18,85,UNDER,2x1,1,R,,0,COVER 3
617,"2025 UAB O vs Rice, PFF Play 133",133,4,2,11,'+33,2,,,8,3,3.0,R,L,11,TREY Y OFF,SNUG,,,X,,X,OFF,,,GN,Q POWER O,STR,GAP,GAP,ODD,4 DOWN,,,COVER 3 CLOUD,,ALBI 03,ALBI 15,03,85,00; 01; 06,0,11,R,3,L,-1.0,3.0,0,,,POWER,,,0,0,0,0,0,ALBI 03,ALBI 15,03,00; 01; 06,85,ODD,3x1,1,R,,0,COVER 3 CLOUD
618,"2025 UAB O vs Rice, PFF Play 134",134,4,3,8,'+30,3,,,8,4,0.0,P,M,11,TRIPS,,,,,,,ON,,INCOMPLETE,GN,JET SWEEP,WK,DB,,ODD,4 DOWN,,,COVER 6,,ALBI 03,ALBI 15,03,85,00; 01; 06,0,11,P,4,C,3.0,,0,0.0,,,,,0,0,0,0,0,,ALBI 15,03,00; 01; 06,85,ODD,1x3,0,R,ALBI 03,0,COVER 6
619,"2025 UAB O vs Rice, PFF Play 135",135,4,4,8,'+30,4,,,8,5,-9.0,P,M,11,DOUBLES,STK,Z IN,,,,,OPEN,,SACK,GF,JET SWEEP,STR,DB,,ODD,4 DOWN,,BLITZ,COVER 1,,ALBI 15,ALBI 15,03,85,00; 01; 06,0,11,P,5,C,,-9.0,0,0.0,,,,,0,0,0,0,0,ALBI 15,ALBI 15,03,00; 01; 06,85,ODD,2x2,0,P,,1,COVER 1
620,"2025 UAB O vs Rice, PFF Play 140",140,4,1,10,'-9,P,,,9,1,3.0,R,L,21,PRO - OPEN,SNUG,,,,,X,OFF,,,GF,CTR OY,STR,GAP,GAP,ODD,4 DOWN,,BLITZ,COVER 3,,ALBI 04,ALBI 15,04; 11,85,05; 18,0,21,R,1,L,-9.0,3.0,0,,,COUNTER,,,0,0,0,0,0,ALBI 04,ALBI 15,04; 11,05; 18,85,ODD,1x2,1,P,,1,COVER 3
621,"2025 UAB O vs Rice, PFF Play 141",141,4,2,7,'-12,2,,,9,2,10.0,P,M,11,TRIPS - SLOT,,TOZ,,X,,,OPEN,,COMPLETE,GEMP,JET SWEEP,STR,DB,,EVEN,4 DOWN,,,COVER 4,,ALBI 11,ALBI 15,11,85,00; 01; 06,0,11,P,2,C,3.0,10.0,0,0.0,,,,,0,0,0,0,0,ALBI 11,ALBI 15,11,00; 01; 06,85,EVEN,2x3,0,R,ALBI 11,0,COVER 4
622,"2025 UAB O vs Rice, PFF Play 142",142,4,1,10,'-22,P,,,9,3,0.0,P,L,12,PRO,,BUZZ,,,,,ON,,INCOMPLETE,,Y INSERT,STR,PA,,WIDE OVER,4 DOWN,,,COVER 3,,ALBI 88,ALBI 15,11,85; 88,08; 18,0,12,P,3,L,10.0,,0,0.0,,MAN,,,0,0,0,0,0,,ALBI 15,11,08; 18,85; 88,WIDE OVER,2x1,0,P,ALBI 88,0,COVER 3
623,"2025 UAB O vs Rice, PFF Play 143",143,4,2,10,'-22,2,,,9,4,0.0,P,L,12,SLOT - WING,,,,,,,,,INCOMPLETE,GN,JET SWEEP,STR,DB,,EVEN,4 DOWN,,,COVER 4,,ALBI 00,ALBI 15,11,85; 88,00; 01,0,12,P,4,L,,,0,0.0,,,,,0,0,0,0,0,,ALBI 15,11,00; 01,85; 88,EVEN,2x2,0,P,ALBI 00,0,COVER 4
624,"2025 UAB O vs Rice, PFF Play 144",144,4,3,10,'-22,3,,,9,5,5.0,P,L,11,TREY Y OFF,SNUG,,,X,,X,OFF,,RUN,GF,JET SWEEP,STR,DB,,OKIE,4 DOWN,STUNT,,COVER 3 CLOUD,,ALBI 15,ALBI 15,03,88,00; 01; 06,0,11,P,5,L,,5.0,0,0.0,,,,,0,0,0,0,0,ALBI 15,ALBI 15,03,00; 01; 06,88,ODD,3x1,0,P,,0,COVER 3 CLOUD
625,"2025 UAB O vs Rice, PFF Play 150",150,4,1,10,'-44,P,,,10,1,5.0,R,R,11,OTHER,,,,,,,,,,GEMP,QB DRAW,WK,DRAW,GAP,ONE INTERIOR,4 DOWN,,,COVER 1,,ALBI 15,ALBI 15,11,85,00; 01; 06,0,11,R,1,R,5.0,5.0,0,,,DRAW,,,0,0,0,0,0,ALBI 15,ALBI 15,11,00; 01; 06,85,ONE INTERIOR,5x2,1,P,,0,COVER 1
626,"2025 UAB O vs Rice, PFF Play 151",151,4,2,5,'-49,2,,,10,2,0.0,P,R,11,OTHER,,,,,,,,,INCOMPLETE,GEMP,JET SWEEP,STR,DB,,ONE INTERIOR,4 DOWN,,,COVER 1,,ALBI 11,ALBI 15,11,85,00; 01; 06,1,11,P,2,R,5.0,,0,0.0,,,,,0,0,1,0,0,,ALBI 15,11,00; 01; 06,85,ONE INTERIOR,5x2,0,R,ALBI 11,0,COVER 1
627,"2025 UAB O vs Rice, PFF Play 152",152,4,3,5,'-49,3,,,10,3,-7.0,P,R,11,TREY Y OFF,SNUG,,,X,,X,OFF,,SACK,GF,JET SWEEP,STR,DB,,BENCH,4 DOWN,STUNT,,COVER 1,,ALBI 15,ALBI 15,03,85,00; 01; 06,0,11,P,3,R,,-7.0,0,0.0,,,,,0,0,0,0,0,ALBI 15,ALBI 15,03,00; 01; 06,85,WIDE UNDER,1x3,0,P,,0,COVER 1
628,"2025 UAB O vs Rice, PFF Play 153",153,4,4,12,'-42,4,,,10,4,0.0,P,M,11,TRIPS,,,,,,,ON,,INCOMPLETE,GN,JET SWEEP,WK,DB,,OKIE,4 DOWN,,,COVER 2 MAN,2.0,ALBI 00,ALBI 15,03,85,00; 01; 06,0,11,P,4,C,-7.0,,0,0.0,,,,,0,0,0,0,0,,ALBI 15,03,00; 01; 06,85,ODD,1x3,0,P,ALBI 00,0,COVER 2 MAN
629,"2025 UAB O vs Rice, PFF Play 158",158,4,1,10,'-20,P,,,11,1,19.0,P,R,11,DUO Y OFF,SNUG,,,,,X,OFF,,RUN,GN,JET SWEEP,WK,DB,,OKIE,4 DOWN,,,COVER 2 MAN,2.0,ALBI 15,ALBI 15,04,85,00; 05; 18,0,11,P,1,R,,19.0,0,0.0,,,,,0,0,0,2,0,ALBI 15,ALBI 15,04,00; 05; 18,85,ODD,2x2,0,P,,0,COVER 2 MAN
630,"2025 UAB O vs Rice, PFF Play 159",159,4,1,10,'-39,P,,,11,2,6.0,P,R,11,OTHER,,,,,,,,,COMPLETE,GEMP,JET SWEEP,STR,DB,,ONE INTERIOR,4 DOWN,,,COVER 4,,ALBI 05,ALBI 15,11,85,00; 05; 18,0,11,P,2,R,19.0,6.0,1,0.0,,,,,0,0,0,2,0,ALBI 05,ALBI 15,11,00; 05; 18,85,ONE INTERIOR,5x2,0,P,ALBI 05,0,COVER 4
631,"2025 UAB O vs Rice, PFF Play 160",160,4,2,4,'-45,2,,,11,3,0.0,P,R,11,OTHER,,,,,,,,,INCOMPLETE,GEMP,JET SWEEP,STR,DB,,ONE INTERIOR,4 DOWN,,,COVER 4,,ALBI 00,ALBI 15,11,85,00; 05; 18,0,11,P,3,R,6.0,,0,0.0,,,,,0,0,0,2,0,,ALBI 15,11,00; 05; 18,85,ONE INTERIOR,5x2,0,P,ALBI 00,0,COVER 4
632,"2025 UAB O vs Rice, PFF Play 161",161,4,3,4,'-45,3,,,11,4,10.0,P,R,11,OTHER,,,,,,,,,COMPLETE,GEMP,JET SWEEP,STR,DB,,OKIE,4 DOWN,,,COVER 4,,ALBI 05,ALBI 15,11,85,00; 05; 18,0,11,P,4,R,,10.0,1,0.0,,,,,0,0,0,2,0,ALBI 05,ALBI 15,11,00; 05; 18,85,ODD,5x2,0,P,ALBI 05,0,COVER 4
633,"2025 UAB O vs Rice, PFF Play 162",162,4,1,10,'+45,P,,,11,5,0.0,P,R,11,TRIPS - OPEN,Y FLEX/STK,Z MTR,,X,,X,OPEN,,INCOMPLETE,GN,JET SWEEP,WK,DB,,OKIE,4 DOWN,,,COVER 2 MAN,2.0,ALBI 85,ALBI 15,04,85,00; 01; 05,0,11,P,5,R,10.0,,0,0.0,,,,,0,0,0,2,0,,ALBI 15,04,00; 01; 05,85,ODD,3x1,0,P,ALBI 85,0,COVER 2 MAN
634,"2025 UAB O vs Rice, PFF Play 163",163,4,2,10,'+45,2,,,11,6,0.0,P,R,11,TRIPS - OPEN,Y AT 3,,,X,,X,OPEN,,INCOMPLETE,GF,JET SWEEP,STR,DB,,OKIE,4 DOWN,,,COVER 2 MAN,2.0,ALBI 00,ALBI 15,04,85,00; 01; 05,0,11,P,6,R,,,0,0.0,,,,,0,0,0,2,0,,ALBI 15,04,00; 01; 05,85,ODD,3x1,0,P,ALBI 00,0,COVER 2 MAN
635,"2025 UAB O vs Rice, PFF Play 164",164,4,3,10,'+45,3,,,11,7,0.0,P,R,11,TRIPS - OPEN,Y FLEX/STK,,,X,,X,OPEN,,INCOMPLETE,GN,JET SWEEP,WK,DB,,OKIE,4 DOWN,,,PREVENT,,ALBI 06,ALBI 15,04,88,01; 05; 06,0,11,P,7,R,,,0,0.0,,,,,0,0,0,2,0,,ALBI 15,04,01; 05; 06,88,ODD,3x1,0,P,ALBI 06,0,PREVENT
636,"2025 UAB O vs North Texas, PFF Play 019",19,1,1,10,'-26,P,,,1,1,5.0,R,R,21,TRIPS,SNUG,,,,,X,ON,,,GN,Y INSERT,STR,ZN,GAP,WIDE OVER,4 DOWN,,,COVER 6,,ALBI 03,ALBI 07,03; 11,85,00; 06,0,21,R,1,R,,5.0,0,,,INSIDE ZONE,,,0,0,0,0,0,ALBI 03,ALBI 07,03; 11,00; 06,85,WIDE OVER,1x3,1,,,0,COVER 6
637,"2025 UAB O vs North Texas, PFF Play 020",20,1,2,5,'-31,2,,,1,2,8.0,P,R,11,OTHER,,,,,,,,,COMPLETE,GEMP,JET SWEEP,STR,DB,,BENCH,4 DOWN,,,COVER 4,,ALBI 04,ALBI 07,04,85,00; 06; 18,1,11,P,2,R,5.0,8.0,1,0.0,,,,,1,0,1,0,0,ALBI 04,ALBI 07,04,00; 06; 18,85,WIDE UNDER,3x4,0,R,ALBI 04,0,COVER 4
638,"2025 UAB O vs North Texas, PFF Play 021",21,1,1,10,'-39,P,,,1,3,15.0,R,M,11,TREY Y OFF,SNUG,,,X,X,X,OFF,,,GF,SPL ZN SS,STR,ZN,GAP,BENCH,4 DOWN,STUNT,,COVER 6,,ALBI 04,ALBI 07,04,85,00; 06; 18,1,11,R,3,C,8.0,15.0,0,,,INSIDE ZONE,,,0,0,1,0,0,ALBI 04,ALBI 07,04,00; 06; 18,85,WIDE UNDER,3x1,1,P,,0,COVER 6
639,"2025 UAB O vs North Texas, PFF Play 022",22,1,1,10,'+46,P,,,1,4,0.0,P,R,11,TRIPS,,,,,,,ON,,INTERCEPTION,GN,JET SWEEP,WK,DB,,WIDE OVER,4 DOWN,,BLITZ,COVER 3,,ALBI 12,ALBI 15,04,85,00; 06; 12,1,11,P,4,R,15.0,,0,0.0,,,,,0,0,1,0,0,,ALBI 15,04,00; 06; 12,85,WIDE OVER,1x3,0,R,ALBI 12,1,COVER 3
640,"2025 UAB O vs North Texas, PFF Play 032",32,1,1,10,'-22,P,,,2,1,0.0,R,L,12,KING U OFF,,Z MTR,,,,X,SLOT,,,GF,Y INSERT,STR,ZN,GAP,OVER,4 DOWN,,,COVER 1,,ALBI 11,ALBI 07,11,17; 85,00; 08,0,12,R,1,L,,0.0,0,,,INSIDE ZONE,,,0,0,0,0,0,ALBI 11,ALBI 07,11,00; 08,17; 85,OVER,3x1,1,P,,0,COVER 1
641,"2025 UAB O vs North Texas, PFF Play 039",39,1,1,10,'-20,P,,,3,1,9.0,R,M,11,DUO Y OFF,SNUG,Z MTR,,X,,X,OFF,,,GF,SPL ZN SS,STR,ZN,GAP,WIDE OVER,4 DOWN,,,COVER 4,,ALBI 04,ALBI 07,04,85,00; 06; 18,0,11,R,1,C,0.0,9.0,0,,,INSIDE ZONE,,,0,0,0,0,0,ALBI 04,ALBI 07,04,00; 06; 18,85,WIDE OVER,2x2,1,R,,0,COVER 4
642,"2025 UAB O vs North Texas, PFF Play 040",40,1,2,1,'-29,2,SY,,3,2,4.0,R,R,11,TREY Y OFF FIB,SNUG,,,X,X,X,OFF,CURLS,,PSTL,Y INSERT,STR,ZN,GAP,BENCH,4 DOWN,,,COVER 3,,ALBI 04,ALBI 07,04,85,00; 06; 18,1,11,R,2,R,9.0,4.0,0,,,MAN,,,0,0,1,0,0,ALBI 04,ALBI 07,04,00; 06; 18,85,WIDE UNDER,1x3,0,R,,0,COVER 3
643,"2025 UAB O vs North Texas, PFF Play 041",41,1,1,10,'-33,P,,,3,3,-5.0,X,R,30,OPEN - OPEN,,,,,,,,CURLS,,,JET SWEEP,STR,,GAP,EVEN,4 DOWN,,,,,,ALBI 16,03; 04; 11,,06; 18,1,30,X,3,R,4.0,,0,,,,ALBI 77 FST,,0,0,1,0,0,,ALBI 16,03; 04; 11,06; 18,,EVEN,1x1,0,R,,0,
644,"2025 UAB O vs North Texas, PFF Play 042",42,1,1,15,'-28,1,,,3,4,0.0,P,R,11,DUO Y OFF,SNUG,Z MTR,,,,X,OFF,,INCOMPLETE,GF,JET SWEEP,STR,DB,,BENCH,4 DOWN,,,COVER 4,,ALBI 00,ALBI 07,03,85,00; 06; 18,0,11,P,4,R,,,0,0.0,,,,,0,0,0,0,0,,ALBI 07,03,00; 06; 18,85,WIDE UNDER,2x2,0,X,ALBI 00,0,COVER 4
645,"2025 UAB O vs North Texas, PFF Play 043",43,1,2,15,'-28,2,,,3,5,6.0,P,R,11,TREY Y OFF,SNUG,,,X,X,X,OFF,,COMPLETE,GN,CTR OY,STR,PA,,ODD,4 DOWN,,BLITZ,COVER 4,,ALBI 00,ALBI 07,03,85,00; 06; 18,0,11,P,5,R,,6.0,0,0.0,,COUNTER,,,0,0,0,0,0,ALBI 00,ALBI 07,03,00; 06; 18,85,ODD,3x1,1,P,ALBI 00,1,COVER 4
646,"2025 UAB O vs North Texas, PFF Play 044",44,1,3,9,'-34,3,,,3,6,7.0,P,R,11,TREY Y OFF,SNUG,H IN,,X,X,X,OFF,,COMPLETE,GF,JET SWEEP,STR,DB,,OKIE,4 DOWN,,,COVER 2 MAN,2.0,ALBI 18,ALBI 07,03,85,00; 06; 18,0,11,P,6,R,6.0,7.0,0,0.0,,,,,0,0,0,0,0,ALBI 18,ALBI 07,03,00; 06; 18,85,ODD,1x3,0,P,ALBI 18,0,COVER 2 MAN
647,"2025 UAB O vs North Texas, PFF Play 045",45,1,4,2,'-41,4,SY,,3,7,13.0,R,R,12,TREY Y OFF,SNUG,,,X,X,X,OFF,CURLS,,,Y INSERT,STR,ZN,GAP,UNDER,4 DOWN,,BLITZ,COVER 3,,ALBI 04,ALBI 07,04,17; 85,06; 18,0,12,R,7,R,7.0,13.0,0,,,MAN,,,0,0,0,0,0,ALBI 04,ALBI 07,04,06; 18,17; 85,UNDER,1x3,0,P,,1,COVER 3
648,"2025 UAB O vs North Texas, PFF Play 046",46,2,1,10,'+46,P,,,3,8,1.0,R,M,12,SLOT - WING,,,,,,,SLOT,CURLS,,PSTL,OUTSIDE ZN LD,STR,ZN,GAP,BENCH,4 DOWN,,BLITZ,COVER 1,,ALBI 07,ALBI 07,04,17; 85,08; 18,0,12,R,8,C,13.0,1.0,0,,,OUTSIDE ZONE,,,0,0,0,0,0,ALBI 07,ALBI 07,04,08; 18,17; 85,WIDE UNDER,2x2,0,R,,1,COVER 1
649,"2025 UAB O vs North Texas, PFF Play 047",47,2,2,9,'+45,2,,,3,9,0.0,P,R,11,TREY Y OFF,SNUG,,,X,X,X,OFF,,INCOMPLETE,GN,JET SWEEP,STR,DB,,WIDE OVER,4 DOWN,,,COVER 4,,ALBI 00,ALBI 07,04,17,00; 06; 08,0,11,P,9,R,1.0,,0,0.0,,,,,0,0,0,0,0,,ALBI 07,04,00; 06; 08,17,WIDE OVER,3x1,0,R,ALBI 00,0,COVER 4
650,"2025 UAB O vs North Texas, PFF Play 048",48,2,3,9,'+45,3,,,3,10,10.0,P,R,11,TREY Y OFF,SNUG,T MTR,,X,,X,OFF,,COMPLETE,GF,JET SWEEP,STR,DB,,WIDE OVER,4 DOWN,,,COVER 4,,ALBI 00,ALBI 07,04,17,00; 06; 12,0,11,P,10,R,,10.0,0,0.0,,,,,0,0,0,0,0,ALBI 00,ALBI 07,04,00; 06; 12,17,WIDE OVER,1x3,0,P,ALBI 00,0,COVER 4
651,"2025 UAB O vs North Texas, PFF Play 049",49,2,1,10,'+35,P,,,3,11,7.0,P,L,21,PRO - OPEN,SNUG,,,,,X,OFF,,COMPLETE,GS,Y INSERT,STR,PA,,OVER,4 DOWN,,BLITZ,COVER 2,,ALBI 11,ALBI 15,03; 11,17,06; 18,0,21,P,11,L,10.0,7.0,0,0.0,,INSIDE ZONE,,,0,0,0,0,0,ALBI 11,ALBI 15,03; 11,06; 18,17,OVER,1x2,1,P,ALBI 11,1,COVER 2
652,"2025 UAB O vs North Texas, PFF Play 050",50,2,2,3,'+28,2,SY,,3,12,-5.0,X,L,11,TREY Y OFF,SNUG,,,X,X,X,OFF,CURLS,,GN,JET SWEEP,STR,,GAP,BENCH,4 DOWN,,,,,,ALBI 07,03,17,00; 06; 18,0,11,X,12,L,7.0,,0,,,,ALBI 77 FST,,0,0,0,0,0,,ALBI 07,03,00; 06; 18,17,WIDE UNDER,3x1,0,P,,0,
653,"2025 UAB O vs North Texas, PFF Play 051",51,2,2,8,'+33,2,,,3,13,0.0,P,L,11,TRIPS - OPEN,Y FLEX/STK,,,X,,X,OPEN,,INCOMPLETE,GN,Y INSERT,STR,PA,,EVEN,4 DOWN,,,COVER 3,,ALBI 06,ALBI 07,03,17,00; 06; 18,0,11,P,13,L,,,0,0.0,,INSIDE ZONE,,,0,0,0,0,0,,ALBI 07,03,00; 06; 18,17,EVEN,3x1,1,X,ALBI 06,0,COVER 3
654,"2025 UAB O vs North Texas, PFF Play 052",52,2,3,8,'+33,3,,,3,14,6.0,P,L,11,TRIPS - OPEN,Y AT 3,,,X,,X,OPEN,,COMPLETE,GF,JET SWEEP,STR,DB,,ODD,4 DOWN,,,COVER 1,,ALBI 18,ALBI 07,03,17,00; 06; 18,0,11,P,14,L,,6.0,0,0.0,,,,,0,0,0,0,0,ALBI 18,ALBI 07,03,00; 06; 18,17,ODD,3x1,0,P,ALBI 18,0,COVER 1
655,"2025 UAB O vs North Texas, PFF Play 053",53,2,4,2,'+27,4,SY,,3,15,-3.0,R,L,12,SLOT - WING,,,,,,,SLOT,,,GN,INSIDE ZN,ZN,ZN,GAP,BENCH,4 DOWN,,BLITZ,COVER 1,,ALBI 03,ALBI 07,03,17; 85,06; 18,0,12,R,15,L,6.0,-3.0,0,,,INSIDE ZONE,,,0,0,0,0,0,ALBI 03,ALBI 07,03,06; 18,17; 85,WIDE UNDER,2x2,1,P,,1,COVER 1
656,"2025 UAB O vs North Texas, PFF Play 058",58,2,1,10,'-25,P,,,4,1,0.0,P,L,21,DUO Y OFF,SNUG,T MTR,,,,X,OFF,,COMPLETE,GN,JET SWEEP,STR,DB,,UNDER,4 DOWN,,BLITZ,COVER 3,,ALBI 11,ALBI 07,03; 11,85,06; 18,0,21,P,1,L,-3.0,0.0,1,0.0,,,,,0,0,0,0,0,ALBI 11,ALBI 07,03; 11,06; 18,85,UNDER,2x2,0,R,ALBI 11,1,COVER 3
657,"2025 UAB O vs North Texas, PFF Play 059",59,2,2,10,'-25,2,,,4,2,16.0,P,R,11,EMPTY 3x2,,,,X,,X,OPEN,,COMPLETE,GEMP,JET SWEEP,STR,DB,,BENCH,4 DOWN,STUNT,,COVER 2,,ALBI 18,ALBI 07,03,85,00; 06; 18,0,11,P,2,R,0.0,16.0,0,0.0,,,,,0,0,0,0,0,ALBI 18,ALBI 07,03,00; 06; 18,85,WIDE UNDER,2x3,0,P,ALBI 18,0,COVER 2
658,"2025 UAB O vs North Texas, PFF Play 060",60,2,1,10,'-41,P,,,4,3,0.0,P,R,11,DUO Y OFF,SNUG,Z MTR,,X,X,X,OFF,,INCOMPLETE,GN,JET SWEEP,STR,DB,,WIDE OVER,4 DOWN,,,COVER 4,,ALBI 00,ALBI 07,03,85,00; 06; 08,0,11,P,3,R,16.0,,0,0.0,,,,,0,0,0,0,0,,ALBI 07,03,00; 06; 08,85,WIDE OVER,2x2,0,P,ALBI 00,0,COVER 4
659,"2025 UAB O vs North Texas, PFF Play 061",61,2,2,10,'-41,2,,,4,4,3.0,R,R,12,KING U OFF,,H IN,,,,,SLOT,CURLS,,PSTL,OUTSIDE ZN LD,STR,ZN,GAP,EVEN,4 DOWN,,,COVER 4,,ALBI 03,ALBI 07,03,17; 85,06; 18,0,12,R,4,R,,3.0,0,,,OUTSIDE ZONE,,,0,1,0,0,0,ALBI 03,ALBI 07,03,06; 18,17; 85,EVEN,3x1,0,P,,0,COVER 4
660,"2025 UAB O vs North Texas, PFF Play 062",62,2,3,7,'-44,3,,,4,5,8.0,P,R,11,SLOT - OPEN,SNUG,,,X,,X,OFF,,COMPLETE,GS,JET SWEEP,STR,DB,,EVEN,4 DOWN,STUNT,,COVER 1,,ALBI 17,ALBI 07,03,17,00; 06; 18,0,11,P,5,R,3.0,8.0,0,0.0,,,,,0,0,0,0,0,ALBI 17,ALBI 07,03,00; 06; 18,17,EVEN,1x2,0,R,ALBI 17,0,COVER 1
661,"2025 UAB O vs North Texas, PFF Play 063",63,2,1,10,'+48,P,,,4,6,3.0,P,R,11,TRIPS - OPEN,Y FLEX/STK,Y OUT,,X,X,X,OPEN,,COMPLETE,GN,JET SWEEP,STR,SPR,,WIDE OVER,4 DOWN,STUNT,BLITZ,COVER 3,,ALBI 04,ALBI 07,04,17,00; 06; 18,0,11,P,6,R,8.0,3.0,1,0.0,,,,,0,0,0,0,0,ALBI 04,ALBI 07,04,00; 06; 18,17,WIDE OVER,3x1,0,P,ALBI 04,1,COVER 3
662,"2025 UAB O vs North Texas, PFF Play 064",64,2,2,7,'+45,2,,,4,7,9.0,R,L,11,DUO Y OFF,SNUG,Z MTR,,X,X,X,OFF,,,PSTL,INSIDE ZN RD,STR,ZN,GAP,WIDE OVER,4 DOWN,,,COVER 3,,ALBI 04,ALBI 07,04,17,00; 06; 18,0,11,R,7,L,3.0,9.0,0,,,MAN,,,0,0,0,0,0,ALBI 04,ALBI 07,04,00; 06; 18,17,WIDE OVER,2x2,1,P,,0,COVER 3
663,"2025 UAB O vs North Texas, PFF Play 065",65,2,1,10,'+36,P,,,4,8,-1.0,R,M,11,TREY Y OFF FIB,STK,Y FR,,X,,X,OFF,CURLS,,PSTL,OUTSIDE ZN LD,STR,ZN,GAP,BENCH,4 DOWN,,,COVER 1,,ALBI 04,ALBI 07,04,17,00; 06; 18,0,11,R,8,C,9.0,-1.0,0,,,OUTSIDE ZONE,,,0,0,0,0,0,ALBI 04,ALBI 07,04,00; 06; 18,17,WIDE UNDER,1x3,0,R,,0,COVER 1
664,"2025 UAB O vs North Texas, PFF Play 066",66,2,2,11,'+37,2,,,4,9,5.0,R,L,12,ACE YU OFF,,,,,,X,OFF,CURLS,,,OUTSIDE ZN LD,STR,ZN,GAP,BENCH,4 DOWN,,,COVER 3 CLOUD,,ALBI 04,ALBI 07,04,17; 85,00; 08,0,12,R,9,L,-1.0,5.0,0,,,OUTSIDE ZONE,,,0,0,0,0,0,ALBI 04,ALBI 07,04,00; 08,17; 85,WIDE UNDER,2x2,0,R,,0,COVER 3 CLOUD
665,"2025 UAB O vs North Texas, PFF Play 067",67,2,3,6,'+32,3,,,4,10,32.0,P,M,10,DOUBLES,STK,Z BNC,,X,,,OPEN,,COMPLETE,GN,JET SWEEP,STR,DB,,BENCH,4 DOWN,STUNT,,COVER 2,,ALBI 06,ALBI 07,04,,00; 06; 08; 18,0,10,P,10,C,5.0,32.0,0,0.0,,,,ALBI 06,0,0,0,0,0,ALBI 06,ALBI 07,04,00; 06; 08; 18,,WIDE UNDER,2x2,0,R,ALBI 06,0,COVER 2
666,"2025 UAB O vs North Texas, PFF Play 077",77,2,1,10,'-25,P,,,5,1,4.0,R,L,11,TREY Y OFF,SNUG,,,X,X,X,OFF,,,GF,SPL ZN SS,STR,ZN,GAP,BENCH,4 DOWN,,,COVER 4,,ALBI 04,ALBI 07,04,85,00; 06; 18,0,11,R,1,L,32.0,4.0,0,,,INSIDE ZONE,,,0,0,0,0,0,ALBI 04,ALBI 07,04,00; 06; 18,85,WIDE UNDER,3x1,1,P,,0,COVER 4
667,"2025 UAB O vs North Texas, PFF Play 078",78,2,2,6,'-29,2,,,5,2,11.0,P,M,11,TREY Y OFF,SNUG,H IN,,X,X,X,OFF,,COMPLETE,GN,JET SWEEP,STR,DB,,WIDE OVER,4 DOWN,,,COVER 3 CLOUD,,ALBI 06,ALBI 07,04,85,00; 06; 08,0,11,P,2,C,4.0,11.0,0,0.0,,,,,0,0,0,0,0,ALBI 06,ALBI 07,04,00; 06; 08,85,WIDE OVER,3x1,0,R,ALBI 06,0,COVER 3 CLOUD
668,"2025 UAB O vs North Texas, PFF Play 079",79,2,1,10,'-40,P,,,5,3,1.0,R,M,12,KING U OFF,,,,,,,SLOT,CURLS,,PSTL,OUTSIDE ZN LD,STR,ZN,GAP,BENCH,4 DOWN,,,COVER 1,,ALBI 04,ALBI 07,04,17; 85,08; 18,1,12,R,3,C,11.0,1.0,0,,,OUTSIDE ZONE,,,0,0,1,0,0,ALBI 04,ALBI 07,04,08; 18,17; 85,WIDE UNDER,1x3,0,P,,0,COVER 1
669,"2025 UAB O vs North Texas, PFF Play 080",80,2,2,9,'-41,2,,,5,4,-2.0,R,M,11,DUO Y OFF,SNUG,Y MO,,X,X,X,OFF,,,GF,OUTSIDE ZN RD,STR,ZN,GAP,OKIE,4 DOWN,,,COVER 4,,ALBI 04,ALBI 07,04,85,00; 06; 18,0,11,R,4,C,1.0,-2.0,0,,,OUTSIDE ZONE,,,0,0,0,2,0,ALBI 04,ALBI 07,04,00; 06; 18,85,ODD,2x2,1,R,,0,COVER 4
670,"2025 UAB O vs North Texas, PFF Play 081",81,2,3,11,'-39,3,,,5,5,36.0,P,R,11,TRIPS,,,,,,,ON,,COMPLETE,GN,JET SWEEP,WK,DB,,OKIE,4 DOWN,,BLITZ,COVER 1,,ALBI 06,ALBI 07,04,85,00; 06; 18,0,11,P,5,R,-2.0,36.0,0,0.0,,,,,0,0,0,2,0,ALBI 06,ALBI 07,04,00; 06; 18,85,ODD,1x3,0,R,ALBI 06,1,COVER 1
671,"2025 UAB O vs North Texas, PFF Play 082",82,2,1,10,'+25,P,,,5,6,5.0,R,L,11,TREY Y OFF,SNUG,H IN,,X,X,X,OFF,CURLS,,GF,Y INSERT,STR,ZN,GAP,OKIE,4 DOWN,,,COVER 1,,ALBI 04,ALBI 07,04,85,00; 06; 18,0,11,R,6,L,36.0,5.0,0,,,INSIDE ZONE,,,0,0,0,2,0,ALBI 04,ALBI 07,04,00; 06; 18,85,ODD,3x1,0,P,,0,COVER 1
672,"2025 UAB O vs North Texas, PFF Play 083",83,2,2,5,'+20,2,,RA,5,7,0.0,P,R,11,TRIPS,,,,,,,ON,,INCOMPLETE,GN,JET SWEEP,STR,DB,,OKIE,4 DOWN,,,COVER 1,,ALBI 00,ALBI 07,04,85,00; 06; 18,1,11,P,7,R,5.0,,0,0.0,,,,,0,0,1,2,0,,ALBI 07,04,00; 06; 18,85,ODD,1x3,0,R,ALBI 00,0,COVER 1
673,"2025 UAB O vs North Texas, PFF Play 084",84,2,3,5,'+20,3,,RA,5,8,3.0,P,R,11,TRIPS - OPEN,Y AT 2,Y MTR,,X,,X,OPEN,,COMPLETE,GF,JET SWEEP,STR,DB,,BENCH,4 DOWN,STUNT,,COVER 3,,ALBI 03,ALBI 07,03,85,00; 06; 18,0,11,P,8,R,,3.0,0,0.0,,,,,0,0,0,2,0,ALBI 03,ALBI 07,03,00; 06; 18,85,WIDE UNDER,1x3,0,P,ALBI 03,0,COVER 3
674,"2025 UAB O vs North Texas, PFF Play 085",85,2,4,2,'+17,4,SY,RA,5,9,0.0,P,R,11,TREY Y OFF,SNUG,,,X,X,X,OFF,,HIT AS THREW,GN,JET SWEEP,STR,DB,,UNDER,4 DOWN,,BLITZ,COVER 3,,,ALBI 07,03,85,00; 06; 18,1,11,P,9,R,3.0,,0,0.0,,,,,0,0,1,2,0,,ALBI 07,03,00; 06; 18,85,UNDER,1x3,0,P,,1,COVER 3
675,"2025 UAB O vs North Texas, PFF Play 091",91,2,1,10,'-44,P,,,6,1,0.0,P,M,11,TREY Y OFF,SNUG,,,X,X,X,OFF,,INCOMPLETE,GF,JET SWEEP,STR,DB,,OKIE,4 DOWN,,,COVER 2 MAN,2.0,ALBI 00,ALBI 07,04,17,00; 06; 18,0,11,P,1,C,,,0,0.0,,,,,0,0,0,2,0,,ALBI 07,04,00; 06; 18,17,ODD,1x3,0,P,ALBI 00,0,COVER 2 MAN
676,"2025 UAB O vs North Texas, PFF Play 092",92,2,2,10,'-44,2,,,6,2,-8.0,P,M,11,DUO Y OFF,SNUG,,,,,X,OFF,,SACK,GN,JET SWEEP,WK,DB,,OKIE,4 DOWN,STUNT,,COVER 2 MAN,2.0,ALBI 07,ALBI 07,04,17,00; 06; 18,0,11,P,2,C,,-8.0,0,0.0,,,,,0,0,0,2,0,ALBI 07,ALBI 07,04,00; 06; 18,17,ODD,2x2,0,P,,0,COVER 2 MAN
677,"2025 UAB O vs North Texas, PFF Play 093",93,2,3,18,'-36,3,,,6,3,29.0,R,M,11,TREY Y OFF,SNUG,Y FR,,X,,X,OFF,CURLS,,GN,SPL ZN SS,ZN,ZN,GAP,OKIE,4 DOWN,,,PREVENT,,ALBI 04,ALBI 07,04,17,00; 06; 18,0,11,R,3,C,-8.0,29.0,0,,,INSIDE ZONE,,,0,0,0,2,0,ALBI 04,ALBI 07,04,00; 06; 18,17,ODD,1x3,0,P,,0,PREVENT
678,"2025 UAB O vs North Texas, PFF Play 095",95,3,1,10,'-25,P,,,7,1,-3.0,P,L,11,EMPTY 3x2,,,,X,,X,OPEN,,COMPLETE,GEMP,JET SWEEP,STR,DB,,WIDE OVER,4 DOWN,,,COVER 4,,ALBI 04,ALBI 07,04,85,00; 06; 18,0,11,P,1,L,29.0,-3.0,1,0.0,,,,,0,0,0,0,0,ALBI 04,ALBI 07,04,00; 06; 18,85,WIDE OVER,2x3,0,R,ALBI 04,0,COVER 4
679,"2025 UAB O vs North Texas, PFF Play 096",96,3,2,13,'-22,2,,,7,2,15.0,P,L,11,TREY Y OFF,SNUG,H IN,,X,X,X,OFF,,COMPLETE,GF,JET SWEEP,STR,DB,,BENCH,4 DOWN,,,COVER 3,,ALBI 06,ALBI 07,04,85,00; 06; 18,0,11,P,2,L,-3.0,15.0,0,0.0,,,,,0,0,0,0,0,ALBI 06,ALBI 07,04,00; 06; 18,85,WIDE UNDER,3x1,0,P,ALBI 06,0,COVER 3
680,"2025 UAB O vs North Texas, PFF Play 097",97,3,1,10,'-37,P,,,7,3,58.0,R,R,11,TREY Y OFF,SNUG,Y MTR,,X,,X,OFF,CURLS,,GF,Q SPL ZN,STR,ZN,GAP,BENCH,4 DOWN,,,COVER 3 CLOUD,,ALBI 04,ALBI 07,04,85,00; 06; 18,1,11,R,3,R,15.0,58.0,0,,,INSIDE ZONE,,,0,0,1,0,0,ALBI 04,ALBI 07,04,00; 06; 18,85,WIDE UNDER,1x3,0,P,,0,COVER 3 CLOUD
681,"2025 UAB O vs North Texas, PFF Play 098",98,3,1,5,'+5,1,GL,RA,7,4,1.0,R,L,11,TREY Y OFF,SNUG,,,X,X,X,OFF,CURLS,,GN,Q SPL ZN,STR,ZN,GAP,BENCH,4 DOWN,STUNT,BLITZ,COVER 1,,ALBI 04,ALBI 07,04,85,00; 06; 18,0,11,R,4,L,58.0,1.0,0,,,INSIDE ZONE,,,0,0,0,0,0,ALBI 04,ALBI 07,04,00; 06; 18,85,WIDE UNDER,3x1,0,R,,1,COVER 1
682,"2025 UAB O vs North Texas, PFF Play 099",99,3,2,4,'+4,2,GL,RA,7,5,3.0,R,M,10 (*),EMPTY 3x2 Y OFF,,H IN,,X,,,OFF,CURLS,,GF,Q SPL ZN,STR,ZN,GAP,BEAR,4 DOWN,,,COVER 0,,ALBI 03,ALBI 15,03,,00; 06; 18,0,10 (*),R,5,C,1.0,3.0,0,,,INSIDE ZONE,,,0,0,0,0,0,ALBI 03,ALBI 15,03,00; 06; 18,,BEAR,2x3,0,R,,0,COVER 0
683,"2025 UAB O vs North Texas, PFF Play 100",100,3,3,1,'+1,3,SY/GL,RA,7,6,1.0,R,M,12,ACE YU OFF,,,,,,X,OFF,CURLS,,,,,ZN,GAP,EVEN,5 DOWN,,,COVER 0,,ALBI 15,ALBI 15,03,17; 85,08; 18,0,12,R,6,C,3.0,1.0,0,,,SNEAK,,ALBI 15,0,0,0,0,0,ALBI 15,ALBI 15,03,08; 18,17; 85,EVEN,2x2,0,R,,0,COVER 0
684,"2025 UAB O vs North Texas, PFF Play 110",110,3,1,10,'-25,P,,,8,1,3.0,R,L,12,ACE YU OFF,,,,,,X,OFF,CURLS,,,Q POWER G LD,STR,GAP,GAP,BENCH,4 DOWN,,,COVER 4,,ALBI 11,ALBI 07,11,17; 85,00; 08,0,12,R,1,L,1.0,3.0,0,,,PULL LEAD,,,0,0,0,0,0,ALBI 11,ALBI 07,11,00; 08,17; 85,WIDE UNDER,2x2,0,R,,0,COVER 4
685,"2025 UAB O vs North Texas, PFF Play 111",111,3,2,7,'-28,2,,,8,2,6.0,P,L,12,DUO Y OFF,SNUG,Y MISSILE,,X,X,X,OFF,,COMPLETE,GN,JET SWEEP,WK,DB,,UNDER,4 DOWN,STUNT,BLITZ,COVER 3,,ALBI 17,ALBI 07,11,17; 85,00; 08,1,12,P,2,L,3.0,6.0,0,0.0,,,,,0,0,1,0,0,ALBI 17,ALBI 07,11,00; 08,17; 85,UNDER,2x2,0,R,ALBI 17,1,COVER 3
686,"2025 UAB O vs North Texas, PFF Play 112",112,3,3,1,'-34,3,SY,,8,3,2.0,R,L,12,ACE YU OFF,,,,,,X,OFF,CURLS,,,,,ZN,GAP,EVEN,4 DOWN,,,COVER 4,,ALBI 07,ALBI 07,11,17; 85,08; 18,0,12,R,3,L,6.0,2.0,0,,,SNEAK,,,0,0,0,0,0,ALBI 07,ALBI 07,11,08; 18,17; 85,EVEN,2x2,0,P,,0,COVER 4
687,"2025 UAB O vs North Texas, PFF Play 113",113,3,1,10,'-36,P,,,8,4,21.0,P,L,12,ACE YU OFF,,,,,,X,OFF,,COMPLETE,,OUTSIDE ZN LD,STR,PA,,WIDE OVER,4 DOWN,,,COVER 3,,ALBI 18,ALBI 07,11,17; 85,00; 18,0,12,P,4,L,2.0,21.0,0,0.0,,OUTSIDE ZONE,,,0,0,0,0,0,ALBI 18,ALBI 07,11,00; 18,17; 85,WIDE OVER,2x2,0,R,ALBI 18,0,COVER 3
688,"2025 UAB O vs North Texas, PFF Play 114",114,3,1,10,'+43,P,,,8,5,15.0,P,L,11,TREY Y OFF,SNUG,,,X,X,X,OFF,,INCOMPLETE,GN,Q DART,STR,PA,,WIDE OVER,4 DOWN,STUNT,,COVER 3 CLOUD,,ALBI 00,ALBI 07,11,17,00; 06; 12,0,11,P,5,L,21.0,,0,0.0,,POWER,TXNO D00 DPI,,0,0,0,0,0,,ALBI 07,11,00; 06; 12,17,WIDE OVER,3x1,0,P,ALBI 00,0,COVER 3 CLOUD
689,"2025 UAB O vs North Texas, PFF Play 115",115,3,1,10,'+28,P,,,8,6,0.0,P,L,11,TREY Y OFF,SNUG,,,X,X,X,OFF,,INCOMPLETE,GN,CTR OY,STR,PA,,WIDE OVER,4 DOWN,,,COVER 1,,ALBI 00,ALBI 07,11,17,00; 06; 08,0,11,P,6,L,,,0,0.0,,COUNTER,,,0,0,0,0,0,,ALBI 07,11,00; 06; 08,17,WIDE OVER,1x3,1,P,ALBI 00,0,COVER 1
690,"2025 UAB O vs North Texas, PFF Play 116",116,3,2,10,'+28,2,,,8,7,0.0,P,L,11,DOUBLES,STK,TOZ,,X,,X,OPEN,,INCOMPLETE,GEMP,JET SWEEP,STR,DB,,EVEN,4 DOWN,,BLITZ,COVER 0,,ALBI 17,ALBI 07,11,17,00; 06; 12,0,11,P,7,L,,,0,0.0,,,,,0,0,0,0,0,,ALBI 07,11,00; 06; 12,17,EVEN,3x2,0,P,ALBI 17,1,COVER 0
691,"2025 UAB O vs North Texas, PFF Play 117",117,3,3,10,'+28,3,,,8,8,0.0,P,L,11,TREY Y OFF,SNUG,,,X,X,X,OFF,,INCOMPLETE,GF,JET SWEEP,STR,DB,,OKIE,4 DOWN,STUNT,,COVER 1,,ALBI 00,ALBI 07,11,17,00; 06; 12,0,11,P,8,L,,,0,0.0,,,,,0,0,0,0,0,,ALBI 07,11,00; 06; 12,17,ODD,3x1,0,P,ALBI 00,0,COVER 1
692,"2025 UAB O vs North Texas, PFF Play 131",131,3,1,10,'-25,P,,,9,1,-1.0,R,R,11,TREY Y OFF,SNUG,,,X,X,X,OFF,,,GN,CTR OY,WK,GAP,GAP,UNDER,4 DOWN,,,COVER 3,,ALBI 04,ALBI 07,04,85,00; 06; 18,0,11,R,1,R,,-1.0,0,,,COUNTER,,,0,0,0,0,0,ALBI 04,ALBI 07,04,00; 06; 18,85,UNDER,1x3,1,P,,0,COVER 3
693,"2025 UAB O vs North Texas, PFF Play 132",132,3,2,11,'-24,2,,,9,2,16.0,P,R,11,DUO Y OFF,SNUG,Z MTR,,X,X,X,OFF,,COMPLETE,GN,JET SWEEP,STR,DB,,UNDER,4 DOWN,,,COVER 1,,ALBI 00,ALBI 07,04,85,00; 06; 08,0,11,P,2,R,-1.0,16.0,0,0.0,,,,,0,0,0,0,0,ALBI 00,ALBI 07,04,00; 06; 08,85,UNDER,2x2,0,R,ALBI 00,0,COVER 1
694,"2025 UAB O vs North Texas, PFF Play 133",133,3,1,10,'-40,P,,,9,3,4.0,R,R,20,SLOT - OPEN,SNUG,T MTR,,X,,,OFF,CURLS,,GS,REVERSE,STR,TRICK,GAP,UNDER,4 DOWN,,,COVER 4,,ALBI 12,ALBI 15,03; 11,,06; 12; 18,0,20,R,3,R,16.0,4.0,0,,,TRICK,,,0,1,0,0,0,ALBI 12,ALBI 15,03; 11,06; 12; 18,,UNDER,1x2,0,P,,0,COVER 4
695,"2025 UAB O vs North Texas, PFF Play 134",134,3,2,6,'-44,2,,,9,4,2.0,R,L,11,DUO Y OFF,SNUG,Z MTR,,X,X,X,OFF,CURLS,,PSTL,SPL DIVE,STR,ZN,GAP,BENCH,4 DOWN,,BLITZ,COVER 0,,ALBI 03,ALBI 07,03,85,00; 06; 18,0,11,R,4,L,4.0,2.0,0,,,MAN,,,0,0,0,0,0,ALBI 03,ALBI 07,03,00; 06; 18,85,WIDE UNDER,2x2,0,R,,1,COVER 0
696,"2025 UAB O vs North Texas, PFF Play 135",135,3,3,4,'-46,3,,,9,5,0.0,P,R,11,TRIPS - OPEN,Y AT 2,Y MTR,,X,,X,OPEN,,INCOMPLETE,GF,JET SWEEP,STR,DB,,BENCH,4 DOWN,,,COVER 3,,ALBI 18,ALBI 07,03,85,00; 06; 18,1,11,P,5,R,2.0,,0,0.0,,,,,0,0,1,0,0,,ALBI 07,03,00; 06; 18,85,WIDE UNDER,1x3,0,R,ALBI 18,0,COVER 3
697,"2025 UAB O vs North Texas, PFF Play 136",136,3,4,4,'-46,4,,,9,6,8.0,P,R,11,TREY Y OFF,SNUG,,,X,X,X,OFF,,COMPLETE,GF,JET SWEEP,STR,DB,,WIDE OVER,4 DOWN,,,COVER 6,,ALBI 00,ALBI 07,03,85,00; 06; 18,0,11,P,6,R,,8.0,0,0.0,,,,,0,0,0,0,0,ALBI 00,ALBI 07,03,00; 06; 18,85,WIDE OVER,1x3,0,P,ALBI 00,0,COVER 6
698,"2025 UAB O vs North Texas, PFF Play 137",137,3,1,10,'+46,P,,,9,7,13.0,P,L,11,TRIPS - OPEN,Y AT 3,,,X,,X,OPEN,,COMPLETE,GF,JET SWEEP,STR,DB,,BENCH,4 DOWN,,BLITZ,COVER 3,,ALBI 18,ALBI 07,03,85,00; 06; 18,0,11,P,7,L,8.0,13.0,0,0.0,,,,,0,0,0,0,0,ALBI 18,ALBI 07,03,00; 06; 18,85,WIDE UNDER,3x1,0,P,ALBI 18,1,COVER 3
699,"2025 UAB O vs North Texas, PFF Play 138",138,4,1,10,'+33,P,,,9,8,0.0,P,L,21,PRO - OPEN,SNUG,,,,,X,OFF,,INCOMPLETE,GS,Y INSERT,STR,PA,,WIDE OVER,4 DOWN,,,COVER 4,,ALBI 18,ALBI 07,03; 11,17,06; 18,0,21,P,8,L,13.0,,0,0.0,,INSIDE ZONE,(D) IDP,,0,0,0,0,0,,ALBI 07,03; 11,06; 18,17,WIDE OVER,1x2,1,P,ALBI 18,0,COVER 4
700,"2025 UAB O vs North Texas, PFF Play 139",139,4,2,10,'+33,2,,,9,9,2.0,R,L,12,TREY U HIP,,,,,,,PRO,CURLS,,GN,Q SPL ZN,STR,ZN,GAP,ODD,4 DOWN,,,COVER 1,,ALBI 03,ALBI 07,03,17; 85,00; 08,0,12,R,9,L,,2.0,0,,,INSIDE ZONE,,,0,0,0,0,0,ALBI 03,ALBI 07,03,00; 08,17; 85,ODD,3x1,0,P,,0,COVER 1
701,"2025 UAB O vs North Texas, PFF Play 140",140,4,3,8,'+31,3,,,9,10,15.0,P,L,11,TRIPS,,,,,,,ON,,COMPLETE,GN,JET SWEEP,STR,DB,,ODD,4 DOWN,,,COVER 3,,ALBI 06,ALBI 07,03,17,00; 06; 12,0,11,P,10,L,2.0,15.0,0,0.0,,,,,0,0,0,0,0,ALBI 06,ALBI 07,03,00; 06; 12,17,ODD,3x1,0,R,ALBI 06,0,COVER 3
702,"2025 UAB O vs North Texas, PFF Play 141",141,4,1,10,'+16,P,,RA,9,11,0.0,P,R,11,DUO Y OFF,STK/SNUG,,,,,X,OFF,,INCOMPLETE,GF,JET SWEEP,STR,DB,,ODD,4 DOWN,,BLITZ,COVER 4,,ALBI 12,ALBI 07,03,17,00; 06; 12,1,11,P,11,R,15.0,,0,0.0,,,,,0,0,1,0,0,,ALBI 07,03,00; 06; 12,17,ODD,2x2,0,P,ALBI 12,1,COVER 4
703,"2025 UAB O vs North Texas, PFF Play 142",142,4,2,10,'+16,2,,RA,9,12,0.0,P,M,11,TREY Y OFF,SNUG,,,X,X,X,OFF,,INCOMPLETE,GN,JET SWEEP,STR,DB,,ODD,4 DOWN,STUNT,,COVER 1,,ALBI 00,ALBI 07,03,17,00; 06; 08,0,11,P,12,C,,,0,0.0,,,,,0,0,0,0,0,,ALBI 07,03,00; 06; 08,17,ODD,3x1,0,P,ALBI 00,0,COVER 1
704,"2025 UAB O vs North Texas, PFF Play 143",143,4,3,10,'+16,3,,RA,9,13,5.0,X,M,11,TRIPS,,,,,,,ON,CURLS,,GN,JET SWEEP,STR,,GAP,OKIE,4 DOWN,,,,,,ALBI 07,03,17,00; 06; 12,0,11,X,13,C,,,0,,,,TXNO D90 NZI,,0,0,0,0,0,,ALBI 07,03,00; 06; 12,17,ODD,1x3,0,P,,0,
705,"2025 UAB O vs North Texas, PFF Play 144",144,4,3,5,'+11,3,,RA,9,14,4.0,R,M,11,TRIPS,,,,,,,ON,,,GN,ZONE RD ARC,STR,ZN,GAP,ODD,4 DOWN,,,COVER 1,,ALBI 03,ALBI 07,03,17,00; 06; 12,0,11,R,14,C,,4.0,0,,,INSIDE ZONE,,,0,0,0,0,0,ALBI 03,ALBI 07,03,00; 06; 12,17,ODD,1x3,1,X,,0,COVER 1
706,"2025 UAB O vs North Texas, PFF Play 145",145,4,4,1,'+7,4,SY/GL,RA,9,15,1.0,R,M,11,DUO Y OFF,SNUG,,,,,X,OFF,CURLS,,,,,ZN,GAP,WIDE OVER,4 DOWN,,BLITZ,COVER 0,,ALBI 07,ALBI 07,04,17,00; 06; 12,0,11,R,15,C,4.0,1.0,0,,,SNEAK,,,0,0,0,0,0,ALBI 07,ALBI 07,04,00; 06; 12,17,WIDE OVER,2x2,0,R,,1,COVER 0
707,"2025 UAB O vs North Texas, PFF Play 146",146,4,1,6,'+6,1,GL,RA,9,16,6.0,R,L,11,TREY Y OFF,SNUG,,,X,X,X,OFF,CURLS,,GN,Y INSERT,ZN,ZN,GAP,WIDE OVER,4 DOWN,,BLITZ,COVER 0,,ALBI 03,ALBI 15,03,17,00; 06; 12,0,11,R,16,L,1.0,6.0,0,,,INSIDE ZONE,,ALBI 03,0,0,0,0,0,ALBI 03,ALBI 15,03,00; 06; 12,17,WIDE OVER,3x1,0,R,,1,COVER 0
708,"2025 UAB O vs North Texas, PFF Play 149",149,4,1,10,'-47,P,,,10,1,0.0,P,L,12,SLOT - WING,,,,,,,SLOT,,INCOMPLETE,GN,JET SWEEP,WK,DB,,UNDER,4 DOWN,STUNT,,COVER 4,,ALBI 00,ALBI 07,11,17; 85,00; 06,0,12,P,1,L,6.0,,0,0.0,,,,,0,0,0,0,0,,ALBI 07,11,00; 06,17; 85,UNDER,2x2,0,R,ALBI 00,0,COVER 4
709,"2025 UAB O vs North Texas, PFF Play 150",150,4,2,10,'-47,2,,,10,2,-10.0,P,L,11,DUO Y OFF,STK/SNUG,,,,,X,OFF,,SACK,GF,JET SWEEP,STR,DB,,ODD,4 DOWN,STUNT,BLITZ,COVER 4,,ALBI 07,ALBI 07,11,85,00; 06; 12,0,11,P,2,L,,-10.0,0,0.0,,,,,0,0,0,0,0,ALBI 07,ALBI 07,11,00; 06; 12,85,ODD,2x2,0,P,,1,COVER 4
710,"2025 UAB O vs North Texas, PFF Play 151",151,4,3,20,'-37,3,,,10,3,18.0,P,L,11,TRIPS,,,,,,,ON,,COMPLETE,GN,JET SWEEP,STR,DB,,OKIE,4 DOWN,,,COVER 2 MAN,2.0,ALBI 06,ALBI 07,04,85,00; 06; 12,0,11,P,3,L,-10.0,18.0,0,0.0,,,,,0,0,0,0,0,ALBI 06,ALBI 07,04,00; 06; 12,85,ODD,3x1,0,P,ALBI 06,0,COVER 2 MAN
711,"2025 UAB O vs North Texas, PFF Play 152",152,4,4,2,'+45,4,SY,,10,4,10.0,R,R,11,TRIPS,,,,,,,ON,,,GN,Y INSERT,STR,ZN,GAP,WIDE OVER,4 DOWN,,,COVER 2,,ALBI 04,ALBI 07,04,85,00; 06; 12,0,11,R,4,R,18.0,10.0,0,,,INSIDE ZONE,,,0,0,0,0,0,ALBI 04,ALBI 07,04,00; 06; 12,85,WIDE OVER,1x3,1,P,,0,COVER 2
712,"2025 UAB O vs North Texas, PFF Play 153",153,4,1,10,'+35,P,,,10,5,11.0,P,R,11,TREY Y OFF,SNUG,,,X,X,X,OFF,,COMPLETE,GN,Y INSERT,STR,PA,,BENCH,4 DOWN,,,COVER 3 CLOUD,,ALBI 00,ALBI 07,04,85,00; 06; 12,0,11,P,5,R,10.0,11.0,0,0.0,,INSIDE ZONE,,,0,0,0,0,0,ALBI 00,ALBI 07,04,00; 06; 12,85,WIDE UNDER,1x3,1,R,ALBI 00,0,COVER 3 CLOUD
713,"2025 UAB O vs North Texas, PFF Play 154",154,4,1,10,'+24,P,,,10,6,0.0,P,L,11,TREY Y OFF,SNUG,,,X,X,X,OFF,,THROWN AWAY,GN,Q DART,STR,PA,,BENCH,4 DOWN,,BLITZ,COVER 4,,,ALBI 07,04,85,00; 06; 12,1,11,P,6,L,11.0,,0,0.0,,POWER,,,0,0,1,0,0,,ALBI 07,04,00; 06; 12,85,WIDE UNDER,3x1,0,P,,1,COVER 4
714,"2025 UAB O vs North Texas, PFF Play 155",155,4,2,10,'+24,2,,,10,7,13.0,R,L,11,TREY Y OFF,SNUG,,,X,X,X,OFF,,,GN,INSIDE ZN,ZN,ZN,GAP,WIDE OVER,4 DOWN,,,COVER 4,,ALBI 11,ALBI 07,11,85,00; 06; 12,0,11,R,7,L,,13.0,0,,,INSIDE ZONE,,,0,0,0,0,0,ALBI 11,ALBI 07,11,00; 06; 12,85,WIDE OVER,1x3,1,P,,0,COVER 4
715,"2025 UAB O vs North Texas, PFF Play 156",156,4,1,10,'+11,P,,RA,10,8,0.0,P,L,11,TREY Y OFF,SNUG,,,X,X,X,OFF,,INTERCEPTION,GF,JET SWEEP,STR,DB,,BENCH,4 DOWN,,,COVER 4,,ALBI 85,ALBI 07,11,85,00; 06; 12,0,11,P,8,L,13.0,,0,0.0,,,,,0,0,0,0,0,,ALBI 07,11,00; 06; 12,85,WIDE UNDER,3x1,0,R,ALBI 85,0,COVER 4
716,"2025 UAB O vs North Texas, PFF Play 167",167,4,1,10,'-40,P,,,11,1,3.0,P,R,21,TREY Y OFF,SNUG,TOZ,,X,,X,OFF,,COMPLETE,GN,Q DART,STR,PA,,OKIE,4 DOWN,,,COVER 4,,ALBI 11,ALBI 07,03; 11,17,00; 06,0,21,P,1,R,,3.0,1,0.0,,POWER,,,0,0,0,0,1,ALBI 11,ALBI 07,03; 11,00; 06,17,ODD,1x3,0,P,ALBI 11,0,COVER 4
717,"2025 UAB O vs North Texas, PFF Play 168",168,4,2,7,'-43,2,,,11,2,2.0,R,L,11,DUO Y OFF,SNUG,Y MISSILE,,X,,X,OFF,,,GF,Y INSERT,STR,ZN,GAP,OKIE,4 DOWN,,,COVER 2 MAN,2.0,ALBI 03,ALBI 07,03,17,00; 06; 12,0,11,R,2,L,3.0,2.0,0,,,INSIDE ZONE,,,0,0,0,0,1,ALBI 03,ALBI 07,03,00; 06; 12,17,ODD,2x2,1,P,,0,COVER 2 MAN
718,"2025 UAB O vs North Texas, PFF Play 169",169,4,3,5,'-45,3,,,11,3,7.0,P,R,11,OTHER,,,,,,,,,COMPLETE,GEMP,JET SWEEP,STR,DB,,OVER,4 DOWN,,,COVER 3 SEAM,,ALBI 00,ALBI 07,11,17,00; 06; 12,0,11,P,3,R,2.0,7.0,0,0.0,,,,,0,0,0,0,1,ALBI 00,ALBI 07,11,00; 06; 12,17,OVER,5x2,0,R,ALBI 00,0,COVER 3 SEAM
719,"2025 UAB O vs North Texas, PFF Play 170",170,4,1,10,'+48,P,,,11,4,0.0,P,L,11,DUO Y OFF,STK/SNUG,,,,,X,OFF,,HIT AS THREW,GF,JET SWEEP,STR,DB,,BENCH,4 DOWN,,,COVER 4,,,ALBI 07,11,17,00; 06; 12,1,11,P,4,L,7.0,,0,0.0,,,,,0,0,1,0,1,,ALBI 07,11,00; 06; 12,17,WIDE UNDER,2x2,0,P,,0,COVER 4
720,"2025 UAB O vs North Texas, PFF Play 171",171,4,2,10,'+48,2,,,11,5,5.0,P,L,11,DUO Y OFF,STK/SNUG,,,,,X,OFF,,COMPLETE,GF,JET SWEEP,STR,DB,,BENCH,4 DOWN,STUNT,,COVER 1,,ALBI 11,ALBI 07,11,17,00; 06; 12,0,11,P,5,L,,5.0,0,0.0,,,,,0,0,0,0,1,ALBI 11,ALBI 07,11,00; 06; 12,17,WIDE UNDER,2x2,0,P,ALBI 11,0,COVER 1
721,"2025 UAB O vs North Texas, PFF Play 172",172,4,3,5,'+43,3,,,11,6,0.0,P,L,11,DOUBLES,STK,H RETURN,,X,,X,OPEN,,INTERCEPTION,GN,JET SWEEP,STR,DB,,EVEN,4 DOWN,STUNT,,COVER 6,,ALBI 12,ALBI 07,11,17,00; 06; 12,0,11,P,6,L,5.0,,0,0.0,,,,,0,0,0,0,1,,ALBI 07,11,00; 06; 12,17,EVEN,2x2,0,P,ALBI 12,0,COVER 6
722,"2025 UAB O vs Florida State, PFF Play 002",2,1,1,10,'-23,P,,,1,1,2.0,R,R,11,DUO Y OFF,SNUG,Z BNC,,X,X,X,OFF,,,GN,INSIDE ZN,ZN,ZN,GAP,WIDE OVER,4 DOWN,,,COVER 3 SEAM,,ALBI 04,ALBI 07,04,85,00; 06; 08,0,11,R,1,R,,2.0,0,,,INSIDE ZONE,,,0,0,0,0,0,ALBI 04,ALBI 07,04,00; 06; 08,85,WIDE OVER,2x2,1,,,0,COVER 3 SEAM
723,"2025 UAB O vs Florida State, PFF Play 003",3,1,2,8,'-25,2,,,1,2,5.0,P,R,12,KING U OFF,,Z ORB,,,,X,SLOT,,COMPLETE,GF,Y INSERT,STR,PA,,WIDE OVER,4 DOWN,,,COVER 3,,ALBI 00,ALBI 07,04,17; 85,00; 08,1,12,P,2,R,2.0,5.0,0,0.0,,INSIDE ZONE,,,0,0,1,0,0,ALBI 00,ALBI 07,04,00; 08,17; 85,WIDE OVER,1x3,1,R,ALBI 00,0,COVER 3
724,"2025 UAB O vs Florida State, PFF Play 004",4,1,3,3,'-30,3,SY,,1,3,5.0,X,L,11,EMPTY 3x2 Y OFF,SNUG,,,X,,X,OFF,CURLS,,GEMP,JET SWEEP,STR,,GAP,BENCH,4 DOWN,,,,,,ALBI 07,11,17,00; 06; 12,0,11,X,3,L,5.0,,0,,,,FLSO D34 ENC,,0,0,0,0,0,,ALBI 07,11,00; 06; 12,17,WIDE UNDER,3x2,0,P,,0,
725,"2025 UAB O vs Florida State, PFF Play 005",5,1,1,10,'-35,P,,,1,4,15.0,P,L,12,ACE YU OFF,,,,,,X,OFF,,HIT AS THREW,,Y INSERT,STR,PA,,WIDE OVER,4 DOWN,,,COVER 3 SEAM,,,ALBI 07,11,17; 85,00; 12,0,12,P,4,L,,,0,0.0,,MAN,FLSO D04 RPS,,0,0,0,0,0,,ALBI 07,11,00; 12,17; 85,WIDE OVER,2x2,0,X,,0,COVER 3 SEAM
726,"2025 UAB O vs Florida State, PFF Play 006",6,1,1,10,'+50,P,,,1,5,-4.0,P,L,11,TRIPS,,,,,,,ON,,SACK,GF,,STR,PA,,OVER,4 DOWN,,,COVER 3 SEAM,,ALBI 07,ALBI 07,11,85,00; 06; 12,0,11,P,5,L,,-4.0,0,0.0,,UNDEFINED,,,0,0,0,0,0,ALBI 07,ALBI 07,11,00; 06; 12,85,OVER,3x1,0,P,,0,COVER 3 SEAM
727,"2025 UAB O vs Florida State, PFF Play 007",7,1,2,14,'-46,2,,,1,6,0.0,P,L,12,KING U OFF,,,,,,,SLOT,,INTERCEPTION,GN,Y INSERT,STR,PA,,BENCH,4 DOWN,,,COVER 6,,ALBI 08,ALBI 07,04,17; 85,00; 08,0,12,P,6,L,-4.0,,0,0.0,,INSIDE ZONE,,,0,0,0,0,0,,ALBI 07,04,00; 08,17; 85,WIDE UNDER,3x1,1,P,ALBI 08,0,COVER 6
728,"2025 UAB O vs Florida State, PFF Play 013",13,1,1,10,'+24,P,,,2,1,2.0,R,L,11,DUO Y OFF,STK/SNUG,,,,,X,OFF,,,GF,Y INSERT,STR,ZN,GAP,BENCH,4 DOWN,,,COVER 1,,ALBI 04,ALBI 07,04,17,00; 06; 08,0,11,R,1,L,,2.0,0,,,INSIDE ZONE,,,0,0,0,0,0,ALBI 04,ALBI 07,04,00; 06; 08,17,WIDE UNDER,2x2,1,P,,0,COVER 1
729,"2025 UAB O vs Florida State, PFF Play 014",14,1,2,8,'+22,2,,,2,2,0.0,P,L,12,KING U OFF,,,,,,,SLOT,,RUN,,JET SWEEP,STR,DB,,UNDER,4 DOWN,,,COVER 3,,ALBI 00,ALBI 07,04,17; 85,00; 06,0,12,P,2,L,2.0,0.0,0,0.0,,,,,1,1,0,0,0,ALBI 00,ALBI 07,04,00; 06,17; 85,UNDER,3x1,0,R,,0,COVER 3
730,"2025 UAB O vs Florida State, PFF Play 015",15,1,3,8,'+22,3,,,2,3,9.0,P,R,11,TRIPS,,H IN,,,,,ON,,COMPLETE,GF,JET SWEEP,STR,DB,,WIDE OVER,4 DOWN,,,COVER 3,,ALBI 12,ALBI 07,04,17,00; 06; 12,0,11,P,3,R,0.0,9.0,0,0.0,,,,,0,0,0,0,0,ALBI 12,ALBI 07,04,00; 06; 12,17,WIDE OVER,1x3,0,P,ALBI 12,0,COVER 3
731,"2025 UAB O vs Florida State, PFF Play 016",16,1,1,10,'+13,P,,RA,2,4,3.0,R,L,21,PRO - OPEN,SNUG,BUZZ,,,,X,OFF,CURLS,,GS,Q SPL ZN,WK,ZN,GAP,OVER,4 DOWN,,,COVER 3 SEAM,,ALBI 04,ALBI 07,03; 04,17,00; 06,0,21,R,4,L,9.0,3.0,0,,,INSIDE ZONE,,,0,0,0,0,0,ALBI 04,ALBI 07,03; 04,00; 06,17,OVER,2x1,0,P,,0,COVER 3 SEAM
732,"2025 UAB O vs Florida State, PFF Play 017",17,1,2,7,'+10,2,GL,RA,2,5,-2.0,R,L,21,PRO - OPEN,SNUG,,,,,X,OFF,CURLS,,GS,Q DART,STR,GAP,GAP,OVER,4 DOWN,,,RED ZONE,,ALBI 04,ALBI 07,03; 04,17,00; 06,1,21,R,5,L,3.0,-2.0,0,,,POWER,,,0,0,1,0,0,ALBI 04,ALBI 07,03; 04,00; 06,17,OVER,2x1,0,R,,0,RED ZONE
733,"2025 UAB O vs Florida State, PFF Play 018",18,1,3,9,'+12,3,,RA,2,6,0.0,P,R,12,SLOT - WING,,TOZ,,,,,SLOT,,INCOMPLETE,GEMP,JET SWEEP,STR,DB,,ODD,4 DOWN,,BLITZ,COVER 0,,ALBI 11,ALBI 07,11,17; 85,00; 06,0,12,P,6,R,-2.0,,0,0.0,,,,,0,0,0,0,0,,ALBI 07,11,00; 06,17; 85,ODD,2x3,0,R,ALBI 11,1,COVER 0
734,"2025 UAB O vs Florida State, PFF Play 030",30,1,1,10,'-15,P,,,3,1,9.0,R,L,12,KING U OFF,,,,,,,SLOT,CURLS,,,SPL ZN SS,STR,ZN,GAP,BENCH,4 DOWN,,,COVER 3 SEAM,,ALBI 03,ALBI 07,03,17; 85,00; 08,0,12,R,1,L,,9.0,0,,,INSIDE ZONE,,,0,0,0,0,0,ALBI 03,ALBI 07,03,00; 08,17; 85,WIDE UNDER,3x1,0,P,,0,COVER 3 SEAM
735,"2025 UAB O vs Florida State, PFF Play 031",31,1,2,1,'-24,2,SY,,3,2,-5.0,X,M,22,TRIPS - SLOT,,T MTR,,X,,X,OPEN,CURLS,,,JET SWEEP,STR,,GAP,WIDE OVER,4 DOWN,,,,,,ALBI 07,03; 04,17; 85,06,0,22,X,2,C,9.0,,0,,,,ALBI 85 FST,,0,0,0,0,0,,ALBI 07,03; 04,06,17; 85,WIDE OVER,2x3,0,R,,0,
736,"2025 UAB O vs Florida State, PFF Play 032",32,1,2,6,'-19,2,,,3,3,16.0,R,M,11,TRIPS,,,,,,,ON,,,GF,Y INSERT,STR,ZN,GAP,WIDE OVER,4 DOWN,,BLITZ,COVER 3 CLOUD,,ALBI 03,ALBI 07,03,85,00; 06; 12,0,11,R,3,C,,16.0,0,,,INSIDE ZONE,,,0,0,0,0,0,ALBI 03,ALBI 07,03,00; 06; 12,85,WIDE OVER,1x3,1,X,,1,COVER 3 CLOUD
737,"2025 UAB O vs Florida State, PFF Play 033",33,1,1,10,'-35,P,,,3,4,1.0,R,L,12,ACE YU OFF,,,,,,X,OFF,CURLS,,,Q SPL ZN,STR,ZN,GAP,WIDE OVER,4 DOWN,,,COVER 3 SEAM,,ALBI 03,ALBI 07,03,17; 85,00; 08,0,12,R,4,L,16.0,1.0,0,,,INSIDE ZONE,,,0,0,0,0,0,ALBI 03,ALBI 07,03,00; 08,17; 85,WIDE OVER,2x2,0,R,,0,COVER 3 SEAM
738,"2025 UAB O vs Florida State, PFF Play 034",34,1,2,9,'-36,2,,,3,5,24.0,P,L,12,KING U OFF,,,,,,,SLOT,,COMPLETE,GF,CTR OY,STR,PA,,BENCH,4 DOWN,,BLITZ,COVER 3,,ALBI 00,ALBI 07,03,17; 85,00; 06,0,12,P,5,L,1.0,24.0,1,0.0,,COUNTER,,,0,0,0,0,0,ALBI 00,ALBI 07,03,00; 06,17; 85,WIDE UNDER,3x1,1,R,ALBI 00,1,COVER 3
739,"2025 UAB O vs Florida State, PFF Play 035",35,1,1,10,'+40,P,,,3,6,6.0,R,R,11,DUO Y OFF,STK/SNUG,,,,,X,OFF,CURLS,,GF,SPL ZN,STR,ZN,GAP,ONE INTERIOR,4 DOWN,,,COVER 1,,ALBI 07,ALBI 07,03,17,00; 06; 12,0,11,R,6,R,24.0,6.0,0,,,INSIDE ZONE,FLSO D05 UNRd; FLSO D05 UNSd,,0,0,0,0,0,ALBI 07,ALBI 07,03,00; 06; 12,17,ONE INTERIOR,2x2,0,P,,0,COVER 1
740,"2025 UAB O vs Florida State, PFF Play 036",36,1,1,9,'+9,1,GL,RA,3,7,3.0,R,L,21,PRO,,,,,,,ON,,,,INSIDE ZN RD,STR,ZN,GAP,OVER,4 DOWN,,,RED ZONE,,ALBI 04,ALBI 15,03; 04,17,00; 06,0,21,R,7,L,6.0,3.0,0,,,MAN,,,0,0,0,0,0,ALBI 04,ALBI 15,03; 04,00; 06,17,OVER,2x1,1,R,,0,RED ZONE
741,"2025 UAB O vs Florida State, PFF Play 037",37,1,2,6,'+6,2,GL,RA,3,8,6.0,R,M,12,KING U OFF,,,,,,,SLOT,,,GF,Y INSERT,STR,ZN,GAP,UNDER,4 DOWN,,,RED ZONE,,ALBI 03,ALBI 15,03,17; 85,00; 06,0,12,R,8,C,3.0,6.0,0,,,INSIDE ZONE,,ALBI 03,0,0,0,0,0,ALBI 03,ALBI 15,03,00; 06,17; 85,UNDER,1x3,1,R,,0,RED ZONE
742,"2025 UAB O vs Florida State, PFF Play 044",44,2,1,10,'-29,P,,,4,1,2.0,R,R,11,DUO Y OFF,SNUG,Z IN,,,,X,OFF,CURLS,,GN,ZONE RD ARC,ZN,ZN,GAP,UNDER,4 DOWN,,,COVER 4,,ALBI 04,ALBI 07,04,85,00; 06; 12,0,11,R,1,R,6.0,2.0,0,,,INSIDE ZONE,,,0,0,0,0,0,ALBI 04,ALBI 07,04,00; 06; 12,85,UNDER,2x2,0,R,,0,COVER 4
743,"2025 UAB O vs Florida State, PFF Play 045",45,2,2,8,'-31,2,,,4,2,7.0,R,R,21,PRO,,,,,,,ON,,,PSTL,INSIDE ZN RD,STR,ZN,GAP,WIDE OVER,4 DOWN,,,COVER 2,,ALBI 04,ALBI 07,03; 04,85,00; 06,0,21,R,2,R,2.0,7.0,0,,,MAN,,,0,0,0,0,0,ALBI 04,ALBI 07,03; 04,00; 06,85,WIDE OVER,1x2,1,R,,0,COVER 2
744,"2025 UAB O vs Florida State, PFF Play 046",46,2,3,1,'-38,3,SY,,4,3,3.0,R,R,22,EMPTY 3x2 Y OFF,,,,X,,,OFF,CURLS,,,,,ZN,GAP,ODD,4 DOWN,,,COVER 3,,ALBI 07,ALBI 07,03; 04,17; 85,06,0,22,R,3,R,7.0,3.0,0,,,SNEAK,,,0,0,0,0,0,ALBI 07,ALBI 07,03; 04,06,17; 85,ODD,2x3,0,R,,0,COVER 3
745,"2025 UAB O vs Florida State, PFF Play 047",47,2,1,10,'-41,P,,,4,4,1.0,R,R,21,PRO - OPEN,SNUG,,,,,X,OFF,,,GF,CTR OY,STR,GAP,GAP,WIDE OVER,4 DOWN,,,COVER 3 SEAM,,ALBI 03,ALBI 07,03; 11,17,00; 06,0,21,R,4,R,3.0,1.0,0,,,COUNTER,,,0,0,0,0,0,ALBI 03,ALBI 07,03; 11,00; 06,17,WIDE OVER,1x2,1,R,,0,COVER 3 SEAM
746,"2025 UAB O vs Florida State, PFF Play 048",48,2,2,9,'-42,2,,,4,5,1.0,R,R,12,KING U OFF,,,,,,,SLOT,,,GF,OUTSIDE ZN RD,STR,ZN,GAP,WIDE OVER,4 DOWN,,,COVER 1,,ALBI 11,ALBI 07,11,17; 85,00; 06,0,12,R,5,R,1.0,1.0,0,,,OUTSIDE ZONE,,,0,0,0,0,0,ALBI 11,ALBI 07,11,00; 06,17; 85,WIDE OVER,1x3,1,R,,0,COVER 1
747,"2025 UAB O vs Florida State, PFF Play 049",49,2,3,8,'-43,3,,,4,6,11.0,P,R,20,SLOT - OPEN,SNUG,H RELOAD,,X,,X,OFF,,COMPLETE,GS,JET SWEEP,STR,DB,,OKIE,4 DOWN,,BLITZ,COVER 4,,ALBI 11,ALBI 07,04; 11,,00; 06; 08,0,20,P,6,R,1.0,11.0,0,0.0,,,,,0,0,0,0,0,ALBI 11,ALBI 07,04; 11,00; 06; 08,,ODD,1x2,0,R,ALBI 11,1,COVER 4
748,"2025 UAB O vs Florida State, PFF Play 050",50,2,1,10,'+46,P,,,4,7,0.0,R,L,12,ACE YU OFF,,BUZZ,,,,X,OFF,CURLS,,GN,OUTSIDE ZN RD,WK,ZN,GAP,WIDE OVER,4 DOWN,,,COVER 3 SEAM,,ALBI 04,ALBI 07,04,17; 85,00; 08,0,12,R,7,L,11.0,0.0,0,,,OUTSIDE ZONE,,,0,0,0,0,0,ALBI 04,ALBI 07,04,00; 08,17; 85,WIDE OVER,2x2,0,P,,0,COVER 3 SEAM
749,"2025 UAB O vs Florida State, PFF Play 051",51,2,2,10,'+46,2,,,4,8,0.0,P,M,11,DOUBLES,STK,,,,,X,OPEN,,INCOMPLETE,GF,JET SWEEP,STR,DB,,BENCH,4 DOWN,,,COVER 1,,ALBI 06,ALBI 07,04,17,00; 06; 12,0,11,P,8,C,0.0,,0,0.0,,,,,0,0,0,0,0,,ALBI 07,04,00; 06; 12,17,WIDE UNDER,2x2,0,R,ALBI 06,0,COVER 1
750,"2025 UAB O vs Florida State, PFF Play 052",52,2,3,10,'+46,3,,,4,9,15.0,P,L,11,TRIPS - OPEN,Y AT 3,,,X,,X,OPEN,,COMPLETE,GF,JET SWEEP,STR,DB,,EVEN,4 DOWN,,BLITZ,COVER 1,,ALBI 00,ALBI 07,04,17,00; 06; 12,0,11,P,9,L,,15.0,0,0.0,,,,,0,0,0,0,0,ALBI 00,ALBI 07,04,00; 06; 12,17,EVEN,3x1,0,P,ALBI 00,1,COVER 1
751,"2025 UAB O vs Florida State, PFF Play 053",53,2,1,10,'+31,P,,,4,10,-2.0,R,L,12,ACE YU OFF,,,,,,X,OFF,CURLS,,,Q SPL ZN,STR,ZN,GAP,WIDE OVER,4 DOWN,,,COVER 3 SEAM,,ALBI 04,ALBI 07,04,17; 85,00; 06,0,12,R,10,L,15.0,-2.0,0,,,INSIDE ZONE,,,0,0,0,0,0,ALBI 04,ALBI 07,04,00; 06,17; 85,WIDE OVER,2x2,0,P,,0,COVER 3 SEAM
752,"2025 UAB O vs Florida State, PFF Play 054",54,2,2,12,'+33,2,,,4,11,0.0,P,L,21,DUO Y OFF,SNUG,TOZ,,X,,X,OFF,,THROWN AWAY,GN,JET SWEEP,STR,DB,,UNDER,4 DOWN,,,COVER 3,,,ALBI 07,03; 11,85,00; 06,0,21,P,11,L,-2.0,,0,0.0,,,,,0,0,0,0,0,,ALBI 07,03; 11,00; 06,85,UNDER,2x2,0,R,,0,COVER 3
753,"2025 UAB O vs Florida State, PFF Play 055",55,2,3,12,'+33,3,,,4,12,-5.0,X,L,11,TRIPS,,,,,,,ON,CURLS,,GN,JET SWEEP,STR,,GAP,OVER,4 DOWN,,,,,,ALBI 07,03,85,00; 06; 12,0,11,X,12,L,,,0,,,,ALBI 85 FST,,0,0,0,0,0,,ALBI 07,03,00; 06; 12,85,OVER,3x1,0,P,,0,
754,"2025 UAB O vs Florida State, PFF Play 056",56,2,3,17,'+38,3,,,4,13,-5.0,X,L,12,KING U OFF,,H IN,,,,,SLOT,CURLS,,GF,JET SWEEP,STR,,GAP,UNDER,4 DOWN,,,,,,ALBI 07,03,17; 85,00; 06,0,12,X,13,L,,,0,,,,ALBI 85 FST,,0,0,0,0,0,,ALBI 07,03,00; 06,17; 85,UNDER,3x1,0,X,,0,
755,"2025 UAB O vs Florida State, PFF Play 057",57,2,3,22,'+43,3,,,4,14,-5.0,X,L,11,TRIPS - OPEN,Y FLEX/STK,,,X,,X,OPEN,CURLS,,GN,JET SWEEP,STR,,GAP,OKIE,4 DOWN,,,,,,ALBI 07,03,17,00; 06; 12,0,11,X,14,L,,,0,,,,ALBI 53 FST,,0,0,0,0,0,,ALBI 07,03,00; 06; 12,17,ODD,3x1,0,X,,0,
756,"2025 UAB O vs Florida State, PFF Play 058",58,2,3,27,'+48,3,,,4,15,0.0,P,L,21,PRO - OPEN,SNUG,,,,,X,OFF,,BATTED PASS,GS,CTR OY,STR,PA,,OKIE,4 DOWN,,BLITZ,COVER 3,,,ALBI 07,03; 11,17,00; 06,0,21,P,15,L,,,0,0.0,,COUNTER,,,0,0,0,0,0,,ALBI 07,03; 11,00; 06,17,ODD,2x1,1,X,,1,COVER 3
757,"2025 UAB O vs Florida State, PFF Play 072",72,2,1,10,'-25,P,,,5,1,2.0,R,R,11,TREY Y OFF,SNUG,BUZZ,,X,X,X,OFF,CURLS,,GN,ZONE RD ARC,ZN,ZN,GAP,WIDE OVER,4 DOWN,,,COVER 1,,ALBI 04,ALBI 07,04,17,00; 06; 12,0,11,R,1,R,,2.0,0,,,INSIDE ZONE,,,0,0,0,0,0,ALBI 04,ALBI 07,04,00; 06; 12,17,WIDE OVER,1x3,0,P,,0,COVER 1
758,"2025 UAB O vs Florida State, PFF Play 073",73,2,2,8,'-27,2,,,5,2,-1.0,R,R,21,PRO - OPEN,SNUG,,,,,X,OFF,CURLS,,GS,SPL ZN,ZN,ZN,GAP,OVER,4 DOWN,,,COVER 3 SEAM,,ALBI 11,ALBI 15,03; 11,17,00; 06,0,21,R,2,R,2.0,-1.0,0,,,INSIDE ZONE,,,0,0,0,0,0,ALBI 11,ALBI 15,03; 11,00; 06,17,OVER,1x2,0,R,,0,COVER 3 SEAM
759,"2025 UAB O vs Florida State, PFF Play 074",74,2,3,9,'-26,3,,,5,3,0.0,P,M,11,TRIPS,,,,,,,ON,,INCOMPLETE,GN,JET SWEEP,STR,DB,,WIDE OVER,4 DOWN,,,COVER 3,,ALBI 06,ALBI 07,03,17,00; 06; 12,0,11,P,3,C,-1.0,,0,0.0,,,,,0,0,0,0,0,,ALBI 07,03,00; 06; 12,17,WIDE OVER,1x3,0,R,ALBI 06,0,COVER 3
760,"2025 UAB O vs Florida State, PFF Play 086",86,2,1,10,'-25,P,,,6,1,19.0,P,R,11,TRIPS,,,,,,,ON,,COMPLETE,GN,JET SWEEP,STR,DB,,OVER,4 DOWN,,,COVER 4,,ALBI 06,ALBI 07,11,17,00; 06; 12,0,11,P,1,R,,19.0,0,0.0,,,,,0,0,0,2,0,ALBI 06,ALBI 07,11,00; 06; 12,17,OVER,1x3,0,P,ALBI 06,0,COVER 4
761,"2025 UAB O vs Florida State, PFF Play 087",87,2,1,10,'-44,P,,,6,2,0.0,P,M,11,TREY Y OFF,SNUG,,,X,X,X,OFF,,INCOMPLETE,GF,JET SWEEP,STR,DB,,ODD,4 DOWN,,,COVER 1,,ALBI 00,ALBI 07,11,17,00; 08; 12,0,11,P,2,C,19.0,,0,0.0,,,,,0,0,0,2,0,,ALBI 07,11,00; 08; 12,17,ODD,1x3,0,P,ALBI 00,0,COVER 1
762,"2025 UAB O vs Florida State, PFF Play 088",88,2,2,10,'-44,2,,,6,3,5.0,P,M,11,TREY Y OFF,SNUG,,,X,X,X,OFF,,COMPLETE,GF,JET SWEEP,STR,DB,,WIDE OVER,4 DOWN,,BLITZ,COVER 3 SEAM,,ALBI 12,ALBI 07,03,17,00; 06; 12,0,11,P,3,C,,5.0,0,0.0,,,ALBI 17 IDP,,0,0,0,2,0,ALBI 12,ALBI 07,03,00; 06; 12,17,WIDE OVER,3x1,0,P,ALBI 12,1,COVER 3 SEAM
763,"2025 UAB O vs Florida State, PFF Play 089",89,2,2,15,'-39,2,,,6,4,0.0,P,M,11,TREY Y OFF,SNUG,,,X,X,X,OFF,,INCOMPLETE,GF,JET SWEEP,STR,DB,,ODD,4 DOWN,STUNT,,COVER 3,,ALBI 03,ALBI 07,03,17,00; 06; 12,0,11,P,4,C,5.0,,0,0.0,,,,,0,0,0,2,0,,ALBI 07,03,00; 06; 12,17,ODD,3x1,0,P,ALBI 03,0,COVER 3
764,"2025 UAB O vs Florida State, PFF Play 090",90,2,3,15,'-39,3,,,6,5,15.0,P,M,11,DOUBLES,STK,,,X,,X,OPEN,,INCOMPLETE,GN,JET SWEEP,STR,DB,,ODD,4 DOWN,STUNT,,COVER 4,,ALBI 17,ALBI 07,03,17,00; 06; 12,0,11,P,5,C,,,0,0.0,,,FLSO D04 ILHd,,0,0,0,2,0,,ALBI 07,03,00; 06; 12,17,ODD,2x2,0,P,ALBI 17,0,COVER 4
765,"2025 UAB O vs Florida State, PFF Play 091",91,2,1,10,'+46,P,,,6,6,-2.0,P,M,11,DOUBLES,STK,,,X,,X,OPEN,,COMPLETE,GN,JET SWEEP,STR,DB,,BENCH,4 DOWN,,BLITZ,COVER 2,,ALBI 04,ALBI 07,04,17,00; 08; 12,0,11,P,6,C,,-2.0,0,0.0,,,,,0,0,0,2,0,ALBI 04,ALBI 07,04,00; 08; 12,17,WIDE UNDER,2x2,0,P,ALBI 04,1,COVER 2
766,"2025 UAB O vs Florida State, PFF Play 092",92,2,2,12,'+48,2,,,6,7,14.0,P,L,11,TRIPS - OPEN,Y AT 3,,,X,,X,OPEN,,COMPLETE,GF,JET SWEEP,STR,DB,,ODD,4 DOWN,,BLITZ,COVER 4,,ALBI 08,ALBI 07,04,17,00; 06; 08,0,11,P,7,L,-2.0,14.0,0,0.0,,,,,0,0,0,2,0,ALBI 08,ALBI 07,04,00; 06; 08,17,ODD,3x1,0,P,ALBI 08,1,COVER 4
767,"2025 UAB O vs Florida State, PFF Play 093",93,2,1,10,'+34,P,,,6,8,-7.0,P,R,11,TRIPS,,,,,,,ON,,SACK,GF,JET SWEEP,STR,DB,,ONE INTERIOR,4 DOWN,,BLITZ,COVER 1,,ALBI 07,ALBI 07,04,17,00; 06; 12,0,11,P,8,R,14.0,-7.0,0,0.0,,,ALBI 72 ILH,,0,0,0,2,0,ALBI 07,ALBI 07,04,00; 06; 12,17,ONE INTERIOR,1x3,0,P,,1,COVER 1
768,"2025 UAB O vs Florida State, PFF Play 094",94,2,1,25,'+49,1,,,6,9,0.0,P,R,11,TREY Y OFF,SNUG,,,X,X,X,OFF,,INCOMPLETE,GF,JET SWEEP,STR,DB,,ODD,4 DOWN,,,COVER 2,,ALBI 00,ALBI 07,04,17,00; 06; 12,0,11,P,9,R,-7.0,,0,0.0,,,,,0,0,0,2,0,,ALBI 07,04,00; 06; 12,17,ODD,1x3,0,P,ALBI 00,0,COVER 2
769,"2025 UAB O vs Florida State, PFF Play 095",95,2,2,25,'+49,2,,,6,10,0.0,P,R,11,TRIPS - OPEN,Y FLEX/STK,,,X,,X,OPEN,,INTERCEPTION,GN,JET SWEEP,WK,DB,,ODD,4 DOWN,,,PREVENT,,ALBI 17,ALBI 07,04,17,00; 06; 12,0,11,P,10,R,,,0,0.0,,,,,0,0,0,2,0,,ALBI 07,04,00; 06; 12,17,ODD,3x1,0,P,ALBI 17,0,PREVENT
770,"2025 UAB O vs Florida State, PFF Play 100",100,3,1,10,'-25,P,,,7,1,2.0,R,L,12,KING U OFF,,Z MTR,,,,X,SLOT,,,GN,SPL ZN SS,ZN,ZN,GAP,BENCH,4 DOWN,,,COVER 3,,ALBI 04,ALBI 07,04,17; 85,00; 08,0,12,R,1,L,,2.0,0,,,INSIDE ZONE,,,0,0,0,0,0,ALBI 04,ALBI 07,04,00; 08,17; 85,WIDE UNDER,3x1,1,P,,0,COVER 3
771,"2025 UAB O vs Florida State, PFF Play 101",101,3,2,8,'-27,2,,,7,2,21.0,P,M,11,OTHER,,Z MTR,,,,,,,COMPLETE,GF,Y INSERT,STR,PA,,EVEN,4 DOWN,,,COVER 3,,ALBI 85,ALBI 15,11,85,00; 06; 08,0,11,P,2,C,2.0,21.0,0,0.0,,INSIDE ZONE,,,0,0,0,0,0,ALBI 85,ALBI 15,11,00; 06; 08,85,EVEN,2x4,1,R,ALBI 85,0,COVER 3
772,"2025 UAB O vs Florida State, PFF Play 102",102,3,1,10,'-48,P,,,7,3,2.0,R,R,11,OTHER,,,,,,,,,,GEMP,QB DRAW,WK,DRAW,GAP,ONE INTERIOR,4 DOWN,,,COVER 3 SEAM,,ALBI 15,ALBI 15,11,85,00; 06; 08,1,11,R,3,R,21.0,2.0,0,,,DRAW,FLSO D08 DOF; (D) FLSO D99 ILS,,1,1,1,0,0,ALBI 15,ALBI 15,11,00; 06; 08,85,ONE INTERIOR,5x2,1,P,,0,COVER 3 SEAM
773,"2025 UAB O vs Florida State, PFF Play 103",103,3,1,5,'+47,1,,,7,4,0.0,R,R,11,TRIPS,,,,,,,ON,,,GF,ZONE RD ARC,STR,ZN,GAP,WIDE OVER,4 DOWN,,,COVER 1,,ALBI 11,ALBI 07,11,85,00; 06; 12,0,11,R,4,R,2.0,0.0,0,,,INSIDE ZONE,,,0,0,0,0,0,ALBI 11,ALBI 07,11,00; 06; 12,85,WIDE OVER,1x3,1,R,,0,COVER 1
774,"2025 UAB O vs Florida State, PFF Play 104",104,3,2,5,'+47,2,,,7,5,11.0,P,M,12,SLOT - WING,,,,,,,SLOT,,COMPLETE,GN,Q POWER G LD,STR,PA,,WIDE OVER,4 DOWN,,BLITZ,COVER 4,,ALBI 00,ALBI 07,04,17; 85,00; 08,0,12,P,5,C,0.0,11.0,0,0.0,,PULL LEAD,,,0,0,0,0,0,ALBI 00,ALBI 07,04,00; 08,17; 85,WIDE OVER,2x2,1,R,ALBI 00,1,COVER 4
775,"2025 UAB O vs Florida State, PFF Play 105",105,3,1,10,'+36,P,,,7,6,0.0,P,L,12,ACE YU OFF,,,,,,X,OFF,,INCOMPLETE,PSTL,OUTSIDE ZN LD,STR,PA,,WIDE OVER,4 DOWN,,BLITZ,COVER 3,,ALBI 12,ALBI 07,04,17; 85,00; 12,0,12,P,6,L,11.0,,0,0.0,,OUTSIDE ZONE,,,0,0,0,0,0,,ALBI 07,04,00; 12,17; 85,WIDE OVER,2x2,0,P,ALBI 12,1,COVER 3
776,"2025 UAB O vs Florida State, PFF Play 106",106,3,2,10,'+36,2,,,7,7,6.0,P,L,11,TREY Y OFF,SNUG,,,X,X,X,OFF,,RUN,GN,Q POWER G LD,STR,PA,,WIDE OVER,4 DOWN,,BLITZ,COVER 3 CLOUD,,ALBI 07,ALBI 07,04,17,00; 06; 12,0,11,P,7,L,,6.0,0,0.0,,PULL LEAD,,,0,0,0,0,0,ALBI 07,ALBI 07,04,00; 06; 12,17,WIDE OVER,3x1,0,P,,1,COVER 3 CLOUD
777,"2025 UAB O vs Florida State, PFF Play 107",107,3,3,4,'+30,3,,,7,8,23.0,P,L,12,KING U OFF,,,,,,,SLOT,,COMPLETE,GN,Y INSERT,STR,PA,,UNDER,4 DOWN,,BLITZ,COVER 3 CLOUD,,ALBI 00,ALBI 07,04,17; 85,00; 08,0,12,P,8,L,6.0,23.0,0,0.0,,INSIDE ZONE,,,0,0,0,0,0,ALBI 00,ALBI 07,04,00; 08,17; 85,UNDER,3x1,1,P,ALBI 00,1,COVER 3 CLOUD
778,"2025 UAB O vs Florida State, PFF Play 108",108,3,1,7,'+7,1,GL,RA,7,9,0.0,P,L,21,DUO Y OFF,SNUG,,,,,X,OFF,,INTERCEPTION,GN,,WK,PA,,UNDER,4 DOWN,,,RED ZONE,,ALBI 06,ALBI 07,03; 11,17,00; 06,0,21,P,9,L,23.0,,0,0.0,,UNDEFINED,,,0,0,0,0,0,,ALBI 07,03; 11,00; 06,17,UNDER,2x2,0,P,ALBI 06,0,RED ZONE
779,"2025 UAB O vs Florida State, PFF Play 117",117,3,1,10,'-25,P,,,8,1,5.0,R,R,12,ACE YU OFF,,,,,,X,OFF,CURLS,,,OUTSIDE ZN LD,STR,ZN,GAP,WIDE OVER,4 DOWN,,,COVER 3 SEAM,,ALBI 03,ALBI 07,03,17; 85,00; 12,0,12,R,1,R,,5.0,0,,,OUTSIDE ZONE,,,0,0,0,0,0,ALBI 03,ALBI 07,03,00; 12,17; 85,WIDE OVER,2x2,0,P,,0,COVER 3 SEAM
780,"2025 UAB O vs Florida State, PFF Play 118",118,3,2,5,'-30,2,,,8,2,4.0,P,R,21,TRIPS,,H IN,,,,,ON,,COMPLETE,GN,REVERSE,STR,PA,,WIDE OVER,4 DOWN,,,COVER 3 CLOUD,,ALBI 11,ALBI 07,03; 11,85,00; 06,1,21,P,2,R,5.0,4.0,1,0.0,,TRICK,,,0,0,1,0,0,ALBI 11,ALBI 07,03; 11,00; 06,85,WIDE OVER,1x3,0,R,ALBI 11,0,COVER 3 CLOUD
781,"2025 UAB O vs Florida State, PFF Play 119",119,3,3,1,'-34,3,SY,,8,3,12.0,R,L,22,TOAD WING - PRO,,,,,,,,CURLS,,,OUTSIDE ZN LD,STR,ZN,GAP,DBL PLUG,4 DOWN,,,COVER 0,,ALBI 11,ALBI 07,04; 11,17; 85,06,0,22,R,3,L,4.0,12.0,0,,,OUTSIDE ZONE,,,0,0,0,0,0,ALBI 11,ALBI 07,04; 11,06,17; 85,DOUBLE PLUG,2x3,0,P,,0,COVER 0
782,"2025 UAB O vs Florida State, PFF Play 120",120,3,1,10,'-46,P,,,8,4,5.0,P,L,12,SLOT - WING,,,,,,,SLOT,,COMPLETE,GF,OUTSIDE ZN,STR,PA,,OVER,4 DOWN,,,COVER 4,,ALBI 00,ALBI 07,04,17; 85,00; 06,0,12,P,4,L,12.0,5.0,0,0.0,,OUTSIDE ZONE,,,0,0,0,0,0,ALBI 00,ALBI 07,04,00; 06,17; 85,OVER,2x2,1,R,ALBI 00,0,COVER 4
783,"2025 UAB O vs Florida State, PFF Play 121",121,3,2,5,'+49,2,,,8,5,0.0,P,R,11,TREY Y OFF,SNUG,,,X,X,X,OFF,,INCOMPLETE,GF,JET SWEEP,STR,DB,,OVER,4 DOWN,,,COVER 3 SEAM,,ALBI 00,ALBI 07,04,17,00; 06; 12,0,11,P,5,R,5.0,,0,0.0,,,,,0,0,0,0,0,,ALBI 07,04,00; 06; 12,17,OVER,1x3,0,P,ALBI 00,0,COVER 3 SEAM
784,"2025 UAB O vs Florida State, PFF Play 122",122,3,3,5,'+49,3,,,8,6,-1.0,R,R,12,SLOT - WING,,,,,,,SLOT,,,GN,ZONE RD ARC,STR,ZN,GAP,WIDE OVER,5 DOWN,,,COVER 1,,ALBI 04,ALBI 07,04,17; 85,00; 08,0,12,R,6,R,,-1.0,0,,,INSIDE ZONE,,,0,0,0,0,0,ALBI 04,ALBI 07,04,00; 08,17; 85,WIDE OVER,2x2,1,P,,0,COVER 1
785,"2025 UAB O vs Florida State, PFF Play 123",123,3,4,6,'+50,4,,,8,7,-5.0,P,M,11,TRIPS - OPEN,Y AT 3,Y BNC,,X,,X,OPEN,,SACK,GF,JET SWEEP,STR,DB,,WIDE OVER,4 DOWN,,,COVER 1,,ALBI 07,ALBI 07,04,85,00; 06; 12,0,11,P,7,C,-1.0,-5.0,0,0.0,,,,,0,0,0,0,0,ALBI 07,ALBI 07,04,00; 06; 12,85,WIDE OVER,3x1,0,R,,0,COVER 1
786,"2025 UAB O vs Florida State, PFF Play 131",131,3,1,10,'-25,P,,,9,1,0.0,P,R,11,TREY Y OFF,SNUG,,,X,X,X,OFF,,INCOMPLETE,GN,Q DART,STR,PA,,WIDE OVER,4 DOWN,,,COVER 3 SEAM,,ALBI 00,ALBI 07,11,17,00; 06; 12,0,11,P,1,R,-5.0,,0,0.0,,POWER,,,0,0,0,0,0,,ALBI 07,11,00; 06; 12,17,WIDE OVER,1x3,0,P,ALBI 00,0,COVER 3 SEAM
787,"2025 UAB O vs Florida State, PFF Play 132",132,3,2,10,'-25,2,,,9,2,-1.0,R,R,12,KING U OFF,,,,,,,SLOT,,,GN,Y INSERT,STR,ZN,GAP,BENCH,5 DOWN,,,COVER 3 SEAM,,ALBI 11,ALBI 07,11,17; 85,00; 08,0,12,R,2,R,,-1.0,0,,,INSIDE ZONE,,,0,0,0,0,0,ALBI 11,ALBI 07,11,00; 08,17; 85,WIDE UNDER,1x3,1,P,,0,COVER 3 SEAM
788,"2025 UAB O vs Florida State, PFF Play 133",133,3,3,11,'-24,3,,,9,3,0.0,P,R,11,OTHER,,,,,,,,,INCOMPLETE,GEMP,JET SWEEP,STR,DB,,ODD,4 DOWN,,,COVER 3 SEAM,,ALBI 06,ALBI 15,11,17,00; 06; 08,1,11,P,3,R,-1.0,,0,0.0,,,,,0,0,1,0,0,,ALBI 15,11,00; 06; 08,17,ODD,5x2,0,R,ALBI 06,0,COVER 3 SEAM
789,"2025 UAB O vs Florida State, PFF Play 137",137,3,1,10,'-25,P,,,10,1,0.0,P,R,30,ACE YU OFF,,,,,,X,OFF,,INCOMPLETE,PSTL,Y INSERT,WK,PA,,BENCH,4 DOWN,,,COVER 4,,ALBI 04,ALBI 15,03; 04; 11,,00; 06,0,30,P,1,R,,,0,0.0,,MAN,(D) ALBI 68 IDP,,0,0,0,0,0,,ALBI 15,03; 04; 11,00; 06,,WIDE UNDER,2x2,0,P,ALBI 04,0,COVER 4
790,"2025 UAB O vs Florida State, PFF Play 138",138,3,2,10,'-25,2,,,10,2,13.0,P,R,11,TREY Y OFF,SNUG,Z OUT,,X,X,X,OFF,,COMPLETE,GF,JET SWEEP,STR,DB,,WIDE OVER,4 DOWN,,BLITZ,COVER 4,,ALBI 85,ALBI 07,03,85,00; 06; 12,0,11,P,2,R,,13.0,0,0.0,,,,,0,0,0,0,0,ALBI 85,ALBI 07,03,00; 06; 12,85,WIDE OVER,1x3,0,P,ALBI 85,1,COVER 4
791,"2025 UAB O vs Florida State, PFF Play 139",139,3,1,10,'-38,P,,,10,3,13.0,P,L,11,TREY Y OFF,SNUG,,,X,X,X,OFF,,COMPLETE,GN,Y INSERT,STR,PA,,WIDE OVER,4 DOWN,,,COVER 3,,ALBI 06,ALBI 07,03,85,00; 06; 12,0,11,P,3,L,13.0,13.0,0,0.0,,INSIDE ZONE,,,0,0,0,0,0,ALBI 06,ALBI 07,03,00; 06; 12,85,WIDE OVER,3x1,1,P,ALBI 06,0,COVER 3
792,"2025 UAB O vs Florida State, PFF Play 140",140,3,1,10,'+49,P,,,10,4,15.0,P,M,12,TREY U STING BUNCH,,Y BNC,,,,,PRO,,INCOMPLETE,PSTL,OUTSIDE ZN LD,STR,PA,,UNDER,5 DOWN,,,COVER 1,,ALBI 12,ALBI 07,03,17; 85,00; 12,0,12,P,4,C,13.0,,0,0.0,,OUTSIDE ZONE,FLSO D01 DPI,,0,0,0,0,0,,ALBI 07,03,00; 12,17; 85,UNDER,3x1,0,P,ALBI 12,0,COVER 1
793,"2025 UAB O vs Florida State, PFF Play 141",141,3,1,10,'+34,P,,,10,5,15.0,P,M,11,TRIPS,,,,,,,ON,,COMPLETE,GN,JET SWEEP,STR,DB,,WIDE OVER,4 DOWN,,,COVER 3 SEAM,,ALBI 00,ALBI 07,11,17,00; 06; 08,0,11,P,5,C,,15.0,0,0.0,,,,,0,0,0,0,0,ALBI 00,ALBI 07,11,00; 06; 08,17,WIDE OVER,3x1,0,P,ALBI 00,0,COVER 3 SEAM
794,"2025 UAB O vs Florida State, PFF Play 142",142,3,1,10,'+19,P,,RA,10,6,7.0,R,L,11,TRIPS,,,,,,,ON,CURLS,,GN,OUTSIDE ZN LD,WK,ZN,GAP,OVER,4 DOWN,,BLITZ,COVER 1,,ALBI 11,ALBI 07,11,17,00; 06; 12,0,11,R,6,L,15.0,7.0,0,,,OUTSIDE ZONE,,,0,0,0,0,0,ALBI 11,ALBI 07,11,00; 06; 12,17,OVER,3x1,0,P,,1,COVER 1
795,"2025 UAB O vs Florida State, PFF Play 143",143,4,2,3,'+12,2,SY,RA,10,7,9.0,R,R,11,TREY Y OFF,SNUG,H IN,,X,X,X,OFF,CURLS,,GN,Q SPL ZN,STR,ZN,GAP,WIDE OVER,4 DOWN,,,COVER 3,,ALBI 11,ALBI 07,11,17,00; 06; 08,0,11,R,7,R,7.0,9.0,0,,,INSIDE ZONE,,,0,0,0,0,0,ALBI 11,ALBI 07,11,00; 06; 08,17,WIDE OVER,1x3,0,R,,0,COVER 3
796,"2025 UAB O vs Florida State, PFF Play 144",144,4,1,3,'+3,1,SY/GL,RA,10,8,0.0,R,M,11,TREY Y OFF,SNUG,,,X,X,X,OFF,CURLS,,GN,SPL ZN SS,ZN,ZN,GAP,OVER,4 DOWN,,BLITZ,COVER 0,,ALBI 11,ALBI 07,11,17,00; 06; 08,1,11,R,8,C,9.0,0.0,0,,,INSIDE ZONE,,,0,0,1,0,0,ALBI 11,ALBI 07,11,00; 06; 08,17,OVER,1x3,0,R,,1,COVER 0
797,"2025 UAB O vs Florida State, PFF Play 145",145,4,2,3,'+3,2,SY/GL,RA,10,9,3.0,R,M,12,KING U OFF,,,,,,,SLOT,CURLS,,GF,SPL ZN SS,STR,ZN,GAP,BENCH,5 DOWN,,,RED ZONE,,ALBI 11,ALBI 07,11,17; 85,00; 08,0,12,R,9,C,0.0,3.0,0,,,INSIDE ZONE,,ALBI 11,0,0,0,0,0,ALBI 11,ALBI 07,11,00; 08,17; 85,WIDE UNDER,1x3,0,R,,0,RED ZONE
798,"2025 UAB O vs Florida State, PFF Play 155",155,4,1,10,'-25,P,,,11,1,5.0,R,R,11,DUO Y OFF,SNUG,,,,,X,OFF,,,GN,CTR OY,STR,GAP,GAP,ODD,4 DOWN,,,COVER 4,,ALBI 04,ALBI 07,04,85,00; 06; 12,0,11,R,1,R,3.0,5.0,0,,,COUNTER,,,0,0,0,0,0,ALBI 04,ALBI 07,04,00; 06; 12,85,ODD,2x2,1,R,,0,COVER 4
799,"2025 UAB O vs Florida State, PFF Play 156",156,4,2,5,'-30,2,,,11,2,18.0,P,L,11,TRIPS - OPEN,Y AT 3,,,X,,X,OPEN,,COMPLETE,GF,JET SWEEP,STR,DB,,WIDE OVER,4 DOWN,,,COVER 4,,ALBI 00,ALBI 07,04,85,00; 06; 12,1,11,P,2,L,5.0,18.0,0,0.0,,,,,0,0,1,0,0,ALBI 00,ALBI 07,04,00; 06; 12,85,WIDE OVER,3x1,0,R,ALBI 00,0,COVER 4
800,"2025 UAB O vs Florida State, PFF Play 157",157,4,1,10,'-48,P,,,11,3,0.0,R,R,11,DUO Y OFF,SNUG,Z IN,,,,X,OFF,CURLS,,PSTL,Y INSERT,STR,ZN,GAP,OVER,4 DOWN,,,COVER 1,,ALBI 04,ALBI 07,04,85,00; 06; 12,1,11,R,3,R,18.0,0.0,0,,,MAN,,,0,0,1,0,0,ALBI 04,ALBI 07,04,00; 06; 12,85,OVER,2x2,0,P,,0,COVER 1
801,"2025 UAB O vs Florida State, PFF Play 158",158,4,2,10,'-48,2,,,11,4,8.0,P,R,11,TRIPS,,,,,,,ON,,RUN,GF,,STR,PA,,ONE INTERIOR,4 DOWN,,BLITZ,COVER 1,,ALBI 07,ALBI 07,04,85,00; 06; 12,0,11,P,4,R,0.0,8.0,0,0.0,,UNDEFINED,,,0,0,0,0,0,ALBI 07,ALBI 07,04,00; 06; 12,85,ONE INTERIOR,1x3,0,R,,1,COVER 1
802,"2025 UAB O vs Florida State, PFF Play 159",159,4,3,2,'+44,3,SY,,11,5,3.0,R,R,21 (**),WING - NIX,,,,,,,,CURLS,,,OUTSIDE ZN LD,STR,ZN,GAP,JOKER,5 DOWN,,BLITZ,COVER 0,,ALBI 04,ALBI 07,03; 04,85,,0,21 (**),R,5,R,8.0,3.0,0,,,OUTSIDE ZONE,,,0,1,0,0,0,ALBI 04,ALBI 07,03; 04,,85,OVER,0x2,0,P,,1,COVER 0
803,"2025 UAB O vs Florida State, PFF Play 160",160,4,1,10,'+41,P,,,11,6,2.0,P,M,21,PRO - OPEN,SNUG,,,,,X,OFF,,COMPLETE,GS,Q POWER G LD,STR,PA,,WIDE OVER,4 DOWN,,BLITZ,COVER 2,,ALBI 04,ALBI 07,03; 04,17,00; 06,0,21,P,6,C,3.0,2.0,0,0.0,,PULL LEAD,,,0,0,0,0,0,ALBI 04,ALBI 07,03; 04,00; 06,17,WIDE OVER,2x1,1,R,ALBI 04,1,COVER 2
804,"2025 UAB O vs Florida State, PFF Play 161",161,4,2,8,'+39,2,,,11,7,0.0,P,L,21,TREY Y OFF,SNUG,TOZ,,X,,X,OFF,,INCOMPLETE,GN,,WK,PA,,WIDE OVER,4 DOWN,,BLITZ,COVER 2,,ALBI 03,ALBI 07,03; 04,17,00; 06,0,21,P,7,L,2.0,,0,0.0,,UNDEFINED,,,0,0,0,0,0,,ALBI 07,03; 04,00; 06,17,WIDE OVER,3x1,0,P,ALBI 03,1,COVER 2
805,"2025 UAB O vs Florida State, PFF Play 162",162,4,3,8,'+39,3,,,11,8,14.0,P,L,11,TREY Y OFF,SNUG,,,X,X,X,OFF,,COMPLETE,GF,JET SWEEP,STR,DB,,OKIE,4 DOWN,STUNT,BLITZ,COVER 4,,ALBI 00,ALBI 07,04,17,00; 06; 12,0,11,P,8,L,,14.0,0,0.0,,,,,0,0,0,0,0,ALBI 00,ALBI 07,04,00; 06; 12,17,ODD,3x1,0,P,ALBI 00,1,COVER 4
806,"2025 UAB O vs Florida State, PFF Play 163",163,4,1,10,'+25,P,,,11,9,16.0,P,R,21,PRO,,,,,,,ON,,COMPLETE,PSTL,INSIDE ZN RD,STR,PA,,OVER,4 DOWN,,BLITZ,COVER 4,,ALBI 00,ALBI 07,03; 04,17,00; 06,0,21,P,9,R,14.0,16.0,0,0.0,,MAN,,,0,0,0,0,0,ALBI 00,ALBI 07,03; 04,00; 06,17,OVER,1x2,1,P,ALBI 00,1,COVER 4
807,"2025 UAB O vs Florida State, PFF Play 164",164,4,1,9,'+9,1,GL,RA,11,10,0.0,P,L,21,PRO,,,,,,,ON,,BATTED PASS,,INSIDE ZN RD,STR,PA,,OVER,4 DOWN,,BLITZ,COVER 0,,,ALBI 07,03; 11,17,00; 06,0,21,P,10,L,16.0,,0,0.0,,MAN,,,0,0,0,0,0,,ALBI 07,03; 11,00; 06,17,OVER,2x1,1,P,,1,COVER 0
808,"2025 UAB O vs Florida State, PFF Play 165",165,4,2,9,'+9,2,GL,RA,11,11,6.0,R,L,12,KING U OFF,,,,,,,SLOT,,,GN,SPL ZN SS,ZN,ZN,GAP,ODD,4 DOWN,,BLITZ,RED ZONE,,ALBI 04,ALBI 07,04,17; 85,00; 06,0,12,R,11,L,,6.0,0,,,INSIDE ZONE,,,0,0,0,0,0,ALBI 04,ALBI 07,04,00; 06,17; 85,ODD,3x1,1,P,,1,RED ZONE
809,"2025 UAB O vs Florida State, PFF Play 166",166,4,3,3,'+3,3,SY/GL,RA,11,12,1.0,R,L,13,KING U OFF B HIP,,,,,,X,,CURLS,,GF,Y INSERT,STR,ZN,GAP,OVER,4 DOWN,,BLITZ,COVER 0,,ALBI 15,ALBI 15,04,17; 44; 85,06,0,13,R,12,L,6.0,1.0,0,,,MAN,,,0,0,0,0,0,ALBI 15,ALBI 15,04,06,17; 44; 85,OVER,2x1,0,R,,1,COVER 0
810,"2025 UAB O vs Florida State, PFF Play 167",167,4,4,2,'+2,4,SY/GL,RA,11,13,1.0,P,L,11,DOUBLES,STK,Y MISSILE,,X,X,X,OPEN,,COMPLETE,GF,JET SWEEP,STR,DB,,JOKER,5 DOWN,,BLITZ,COVER 0,,ALBI 17,ALBI 07,04,17,00; 06; 08,0,11,P,13,L,1.0,1.0,0,0.0,,,,,0,0,0,0,0,ALBI 17,ALBI 07,04,00; 06; 08,17,OVER,2x2,0,R,ALBI 17,1,COVER 0
811,"2025 UAB O vs Florida State, PFF Play 184",184,4,1,10,'-25,P,,,12,1,3.0,R,R,11,TREY Y OFF,SNUG,Y MTR,,X,,X,OFF,CURLS,,GF,Q SPL ZN,STR,ZN,GAP,JOKER,5 DOWN,,,COVER 3 SEAM,,ALBI 30,ALBI 16,30,87,12; 13; 84,0,11,R,1,R,1.0,3.0,0,,,INSIDE ZONE,,,0,0,0,0,1,ALBI 30,ALBI 16,30,12; 13; 84,87,OVER,1x3,0,P,,0,COVER 3 SEAM
812,"2025 UAB O vs Florida State, PFF Play 185",185,4,2,7,'-28,2,,,12,2,4.0,R,M,11,DUO Y OFF,SNUG,Z IN,,,,X,OFF,CURLS,,PSTL,Y INSERT,STR,ZN,GAP,JOKER,5 DOWN,,,COVER 3,,ALBI 30,ALBI 16,30,87,12; 13; 84,1,11,R,2,C,3.0,4.0,0,,,MAN,,,0,0,1,0,1,ALBI 30,ALBI 16,30,12; 13; 84,87,OVER,2x2,0,R,,0,COVER 3
813,"2025 UAB O vs Florida State, PFF Play 186",186,4,3,3,'-32,3,SY,,12,3,2.0,R,M,11,TREY Y OFF,SNUG,,,X,X,X,OFF,CURLS,,GN,Q SPL ZN,STR,ZN,GAP,WIDE OVER,5 DOWN,,,COVER 3 SEAM,,ALBI 16,ALBI 16,30,87,12; 13; 84,0,11,R,3,C,4.0,2.0,0,,,INSIDE ZONE,,,0,0,0,0,1,ALBI 16,ALBI 16,30,12; 13; 84,87,WIDE OVER,3x1,0,R,,0,COVER 3 SEAM
814,"2025 UAB O vs Florida State, PFF Play 187",187,4,4,1,'-34,4,SY,,12,4,7.0,R,R,11,DUO Y OFF,SNUG,Z IN,,,,X,OFF,CURLS,,PSTL,Y INSERT,STR,ZN,GAP,WIDE OVER,5 DOWN,,,COVER 3,,ALBI 30,ALBI 16,30,87,13; 81; 84,0,11,R,4,R,2.0,7.0,0,,,MAN,,,0,0,0,0,1,ALBI 30,ALBI 16,30,13; 81; 84,87,WIDE OVER,2x2,0,R,,0,COVER 3
815,"2025 UAB O vs Florida State, PFF Play 188",188,4,1,10,'-41,P,,,12,5,0.0,P,M,11,DUO Y OFF,STK/SNUG,,,,,X,OFF,,INCOMPLETE,GF,JET SWEEP,STR,DB,,BENCH,5 DOWN,,,COVER 3 SEAM,,ALBI 84,ALBI 16,30,87,13; 81; 84,0,11,P,5,C,7.0,,0,0.0,,,,,0,0,0,0,1,,ALBI 16,30,13; 81; 84,87,WIDE UNDER,2x2,0,R,ALBI 84,0,COVER 3 SEAM
816,"2025 UAB O vs Tulsa, PFF Play 010",10,1,1,10,'-24,P,,,1,1,17.0,P,M,11,TREY Y OFF,SNUG,,,X,X,X,OFF,,COMPLETE,GN,Y INSERT,STR,PA,,WIDE OVER,4 DOWN,,BLITZ,COVER 2,,ALBI 17,ALBI 07,04,17,00; 06; 12,0,11,P,1,C,,17.0,0,0.0,,INSIDE ZONE,,,0,0,0,0,0,ALBI 17,ALBI 07,04,00; 06; 12,17,WIDE OVER,3x1,1,,ALBI 17,1,COVER 2
817,"2025 UAB O vs Tulsa, PFF Play 011",11,1,1,10,'-41,P,,,1,2,5.0,R,M,11,DUO Y OFF,SNUG,Z MTR,,X,X,X,OFF,,,PSTL,INSIDE ZN RD,STR,ZN,GAP,BENCH,4 DOWN,,,COVER 3,,ALBI 04,ALBI 07,04,17,00; 06; 12,1,11,R,2,C,17.0,5.0,0,,,MAN,,,0,0,1,0,0,ALBI 04,ALBI 07,04,00; 06; 12,17,WIDE UNDER,2x2,1,P,,0,COVER 3
818,"2025 UAB O vs Tulsa, PFF Play 012",12,1,2,5,'-46,2,,,1,3,1.0,R,M,12,SLOT - WING,,,,,,,SLOT,,,GN,CTR OY,WK,GAP,GAP,BENCH,4 DOWN,,,COVER 2,,ALBI 04,ALBI 07,04,17; 85,00; 08,1,12,R,3,C,5.0,1.0,0,,,COUNTER,,,0,0,1,0,0,ALBI 04,ALBI 07,04,00; 08,17; 85,WIDE UNDER,2x2,1,R,,0,COVER 2
819,"2025 UAB O vs Tulsa, PFF Play 013",13,1,3,4,'-47,3,,,1,4,0.0,P,R,11,DUO Y OFF,SNUG,Z BNC,,X,X,X,OFF,,THROWN AWAY,GN,JET SWEEP,STR,DB,,SPLIT,4 DOWN,STUNT,BLITZ,COVER 1,,,ALBI 07,04,85,00; 06; 18,0,11,P,4,R,1.0,,0,0.0,,,,,0,0,0,0,0,,ALBI 07,04,00; 06; 18,85,EVEN,2x2,0,R,,1,COVER 1
820,"2025 UAB O vs Tulsa, PFF Play 020",20,1,1,10,'+44,P,,,2,1,4.0,R,M,12,ACE YU OFF,,,,,,X,OFF,CURLS,,,SPL DIVE,STR,ZN,GAP,WIDE OVER,4 DOWN,,,COVER 4,,ALBI 03,ALBI 07,03,17; 85,00; 08,0,12,R,1,C,,4.0,0,,,MAN,,,0,0,0,0,0,ALBI 03,ALBI 07,03,00; 08,17; 85,WIDE OVER,2x2,0,P,,0,COVER 4
821,"2025 UAB O vs Tulsa, PFF Play 021",21,1,2,6,'+40,2,,,2,2,4.0,P,M,12,SLOT - WING,,Z IN,,,,,SLOT,,COMPLETE,GN,JET SWEEP,STR,DB,,WIDE OVER,4 DOWN,,BLITZ,COVER 3,,ALBI 05,ALBI 07,03,17; 85,00; 05,1,12,P,2,C,4.0,4.0,1,0.0,,,,,0,0,1,0,0,ALBI 05,ALBI 07,03,00; 05,17; 85,WIDE OVER,2x2,0,R,ALBI 05,1,COVER 3
822,"2025 UAB O vs Tulsa, PFF Play 022",22,1,3,2,'+36,3,SY,,2,3,16.0,R,L,11,TREY Y OFF,SNUG,BUZZ,,X,X,X,OFF,,,GN,Y INSERT,STR,ZN,GAP,WIDE OVER,4 DOWN,,,COVER 3,,ALBI 03,ALBI 07,03,85,00; 06; 18,0,11,R,3,L,4.0,16.0,0,,,INSIDE ZONE,,,0,0,0,0,0,ALBI 03,ALBI 07,03,00; 06; 18,85,WIDE OVER,3x1,1,P,,0,COVER 3
823,"2025 UAB O vs Tulsa, PFF Play 023",23,1,1,10,'+20,P,,RA,2,4,2.0,R,L,21,PRO,,BUZZ,,,,,ON,,,,INSIDE ZN RD,STR,ZN,GAP,WIDE OVER,4 DOWN,,,COVER 4,,ALBI 11,ALBI 07,03; 11,85,00; 05,0,21,R,4,L,16.0,2.0,0,,,MAN,,,0,0,0,0,0,ALBI 11,ALBI 07,03; 11,00; 05,85,WIDE OVER,2x1,1,R,,0,COVER 4
824,"2025 UAB O vs Tulsa, PFF Play 024",24,1,2,8,'+18,2,,RA,2,5,18.0,P,L,11,TREY Y OFF,ENDOVER,,,X,X,,OFF,,COMPLETE,GN,Y INSERT,STR,PA,,BENCH,4 DOWN,,BLITZ,COVER 6,,ALBI 00,ALBI 07,03,85,00; 06; 18,0,11,P,5,L,2.0,18.0,0,0.0,,INSIDE ZONE,,ALBI 00,0,0,0,0,0,ALBI 00,ALBI 07,03,00; 06; 18,85,WIDE UNDER,4x0,1,R,ALBI 00,1,COVER 6
825,"2025 UAB O vs Tulsa, PFF Play 037",37,1,1,10,'-22,P,,,3,1,3.0,R,L,11,DUO Y OFF,SNUG,,,,,X,OFF,,,GN,SPL ZN SS,ZN,ZN,GAP,WIDE OVER,4 DOWN,,,COVER 4,,ALBI 11,ALBI 07,11,17,00; 05; 12,0,11,R,1,L,18.0,3.0,0,,,INSIDE ZONE,,,0,0,0,0,0,ALBI 11,ALBI 07,11,00; 05; 12,17,WIDE OVER,2x2,1,P,,0,COVER 4
826,"2025 UAB O vs Tulsa, PFF Play 038",38,1,2,7,'-25,2,,,3,2,5.0,P,R,11,TRIPS - SLOT,STK,TOZ,,X,,X,OPEN,,COMPLETE,GEMP,JET SWEEP,STR,DB,,BENCH,4 DOWN,STUNT,BLITZ,COVER 3,,ALBI 17,ALBI 07,11,17,00; 05; 12,0,11,P,2,R,3.0,5.0,0,0.0,,,,,0,0,0,0,0,ALBI 17,ALBI 07,11,00; 05; 12,17,WIDE UNDER,2x3,0,R,ALBI 17,1,COVER 3
827,"2025 UAB O vs Tulsa, PFF Play 039",39,1,3,2,'-30,3,SY,,3,3,3.0,R,L,12,KING U OFF,,,,,,,SLOT,,,GF,Y INSERT,STR,ZN,GAP,BENCH,4 DOWN,,BLITZ,COVER 3,,ALBI 04,ALBI 07,04,17; 85,00; 06,0,12,R,3,L,5.0,3.0,0,,,INSIDE ZONE,,,0,0,0,0,0,ALBI 04,ALBI 07,04,00; 06,17; 85,WIDE UNDER,3x1,1,P,,1,COVER 3
828,"2025 UAB O vs Tulsa, PFF Play 040",40,1,1,10,'-33,P,,,3,4,-3.0,R,M,12,TREY U HIP,,,,,,,WING PRO,CURLS,,PSTL,OUTSIDE ZN LD,STR,ZN,GAP,BENCH,4 DOWN,,,COVER 4,,ALBI 04,ALBI 07,04,17; 85,00; 08,0,12,R,4,C,3.0,-3.0,0,,,OUTSIDE ZONE,,,0,0,0,0,0,ALBI 04,ALBI 07,04,00; 08,17; 85,WIDE UNDER,1x3,0,R,,0,COVER 4
829,"2025 UAB O vs Tulsa, PFF Play 041",41,1,2,13,'-30,2,,,3,5,0.0,P,R,11,EMPTY 3x2 Y OFF,,,,X,,,OFF,,INTERCEPTION,GN,Y INSERT,STR,PA,,ODD,4 DOWN,,,COVER 4,,ALBI 00,ALBI 15,11,85,00; 05; 12,0,11,P,5,R,-3.0,,0,0.0,,INSIDE ZONE,,,1,1,0,0,0,,ALBI 15,11,00; 05; 12,85,ODD,4x2,1,R,ALBI 00,0,COVER 4
830,"2025 UAB O vs Tulsa, PFF Play 046",46,2,1,10,'-22,P,,,4,1,1.0,R,R,12,ACE YU OFF,,,,,,X,OFF,,,GN,SPL ZN SS,ZN,ZN,GAP,BENCH,4 DOWN,STUNT,BLITZ,COVER 1,,ALBI 03,ALBI 07,03,17; 85,00; 08,0,12,R,1,R,,1.0,0,,,INSIDE ZONE,,,0,0,0,0,0,ALBI 03,ALBI 07,03,00; 08,17; 85,WIDE UNDER,2x2,1,P,,1,COVER 1
831,"2025 UAB O vs Tulsa, PFF Play 047",47,2,2,9,'-23,2,,,4,2,3.0,R,R,12,KING U OFF,,T MTR,,,,,SLOT,,,GF,SPL ZN SS,STR,ZN,GAP,BENCH,4 DOWN,,,COVER 1,,ALBI 03,ALBI 07,03,17; 85,00; 08,0,12,R,2,R,1.0,3.0,0,,,INSIDE ZONE,,,0,0,0,0,0,ALBI 03,ALBI 07,03,00; 08,17; 85,WIDE UNDER,1x3,1,R,,0,COVER 1
832,"2025 UAB O vs Tulsa, PFF Play 048",48,2,3,6,'-26,3,,,4,3,6.0,P,R,11,EMPTY 3x2,,,,X,,X,OPEN,,RUN,GEMP,JET SWEEP,STR,DB,,OKIE,4 DOWN,STUNT,,MISCELLANEOUS,,ALBI 07,ALBI 07,03,17,00; 06; 08,0,11,P,3,R,3.0,6.0,0,0.0,,,,,0,0,0,0,0,ALBI 07,ALBI 07,03,00; 06; 08,17,ODD,2x3,0,R,,0,MISCELLANEOUS
833,"2025 UAB O vs Tulsa, PFF Play 049",49,2,1,10,'-32,P,,,4,4,4.0,P,L,11,DUO Y OFF,SNUG,Z MTR,,X,X,X,OFF,,COMPLETE,PSTL,INSIDE ZN RD,WK,PA,,BENCH,4 DOWN,,,COVER 3,,ALBI 00,ALBI 07,03,17,00; 06; 18,0,11,P,4,L,6.0,4.0,0,0.0,,MAN,,,0,0,0,0,0,ALBI 00,ALBI 07,03,00; 06; 18,17,WIDE UNDER,2x2,1,P,ALBI 00,0,COVER 3
834,"2025 UAB O vs Tulsa, PFF Play 050",50,2,2,6,'-36,2,,,4,5,4.0,R,L,21,PRO,,,,,,,ON,CURLS,,GS,SPL ZN,ZN,ZN,GAP,WIDE OVER,4 DOWN,,,COVER 1,,ALBI 04,ALBI 16,03; 04,17,00; 05,0,21,R,5,L,4.0,4.0,0,,,INSIDE ZONE,,,0,0,0,0,0,ALBI 04,ALBI 16,03; 04,00; 05,17,WIDE OVER,2x1,0,P,,0,COVER 1
835,"2025 UAB O vs Tulsa, PFF Play 051",51,2,3,2,'-40,3,SY,,4,6,1.0,R,L,22,EMPTY 3x2 Y OFF,,Y MTR,,,,,OFF,CURLS,,,,,ZN,GAP,BENCH,4 DOWN,,,COVER 4,,ALBI 07,ALBI 07,04; 11,17; 85,06,0,22,R,6,L,4.0,1.0,0,,,SNEAK,,,0,0,0,0,0,ALBI 07,ALBI 07,04; 11,06,17; 85,WIDE UNDER,3x2,0,R,,0,COVER 4
836,"2025 UAB O vs Tulsa, PFF Play 052",52,2,4,1,'-41,4,SY,,4,7,-2.0,R,L,22,TOAD WING - PRO,,T MTR,,,,,,CURLS,,,OUTSIDE ZN LD,STR,ZN,GAP,BENCH,4 DOWN,,,COVER 4,,ALBI 11,ALBI 07,04; 11,17; 85,06,0,22,R,7,L,1.0,-2.0,0,,,OUTSIDE ZONE,,,0,0,0,0,0,ALBI 11,ALBI 07,04; 11,06,17; 85,WIDE UNDER,3x2,0,R,,0,COVER 4
837,"2025 UAB O vs Tulsa, PFF Play 064",64,2,1,10,'-25,P,,,5,1,0.0,R,M,12,TREY U HIP,,,,,,,WING PRO,CURLS,,GN,,WK,ZN,GAP,WIDE OVER,4 DOWN,,,COVER 3,,ALBI 04,ALBI 07,04,17; 85,00; 08,0,12,R,1,C,-2.0,0.0,0,,,TRAP,,,0,0,0,0,0,ALBI 04,ALBI 07,04,00; 08,17; 85,WIDE OVER,1x3,0,R,,0,COVER 3
838,"2025 UAB O vs Tulsa, PFF Play 065",65,2,2,10,'-25,2,,,5,2,10.0,R,M,12,QUADS WING - NIX,,,,,,,SLOT,,,GN,CTR OY,WK,GAP,GAP,BENCH,4 DOWN,,,COVER 1,,ALBI 04,ALBI 07,04,17; 85,00; 06,0,12,R,2,C,0.0,10.0,0,,,COUNTER,,,0,0,0,0,0,ALBI 04,ALBI 07,04,00; 06,17; 85,WIDE UNDER,0x4,1,R,,0,COVER 1
839,"2025 UAB O vs Tulsa, PFF Play 066",66,2,1,10,'-35,P,,,5,3,1.0,R,M,21,TREY Y OFF,SNUG,,,X,X,X,OFF,CURLS,,PSTL,Y INSERT,STR,ZN,GAP,BENCH,4 DOWN,,,COVER 4,,ALBI 03,ALBI 07,03; 11,85,00; 05,0,21,R,3,C,10.0,1.0,0,,,MAN,,,0,0,0,0,0,ALBI 03,ALBI 07,03; 11,00; 05,85,WIDE UNDER,1x3,0,R,,0,COVER 4
840,"2025 UAB O vs Tulsa, PFF Play 067",67,2,2,9,'-36,2,,,5,4,8.0,P,L,11,TRIPS - SLOT,,Y FR,,X,,X,OPEN,,COMPLETE,GEMP,JET SWEEP,STR,DB,,BENCH,4 DOWN,,,COVER 4,,ALBI 85,ALBI 07,03,85,00; 06; 18,0,11,P,4,L,1.0,8.0,0,0.0,,,,,0,0,0,0,0,ALBI 85,ALBI 07,03,00; 06; 18,85,WIDE UNDER,3x2,0,R,ALBI 85,0,COVER 4
841,"2025 UAB O vs Tulsa, PFF Play 068",68,2,3,1,'-44,3,SY,,5,5,0.0,P,L,11,TRIPS,,,,,,,ON,,INCOMPLETE,GN,Y INSERT,STR,PA,,ODD,4 DOWN,,BLITZ,COVER 4,,ALBI 06,ALBI 07,03,85,00; 06; 18,0,11,P,5,L,8.0,,0,0.0,,INSIDE ZONE,,,0,0,0,0,0,,ALBI 07,03,00; 06; 18,85,ODD,3x1,1,P,ALBI 06,1,COVER 4
842,"2025 UAB O vs Tulsa, PFF Play 069",69,2,4,1,'-44,4,SY,,5,6,7.0,R,L,21 (**),WING - NIX,,,,,,,,CURLS,,,Q SPL ZN,STR,ZN,GAP,WIDE OVER,4 DOWN,,,COVER 2,,ALBI 04,ALBI 07,03; 04,85,,0,21 (**),R,6,L,,7.0,0,,,INSIDE ZONE,,,0,1,0,0,0,ALBI 04,ALBI 07,03; 04,,85,WIDE OVER,0x2,0,P,,0,COVER 2
843,"2025 UAB O vs Tulsa, PFF Play 070",70,2,1,10,'+49,P,,,5,7,4.0,P,L,11,TRIPS - SLOT,,,,X,,X,OPEN,,RUN,GEMP,JET SWEEP,STR,DB,,BENCH,4 DOWN,STUNT,,COVER 4,,ALBI 07,ALBI 07,11,17,00; 05; 18,0,11,P,7,L,7.0,4.0,0,0.0,,,,,0,0,0,0,0,ALBI 07,ALBI 07,11,00; 05; 18,17,WIDE UNDER,3x2,0,R,,0,COVER 4
844,"2025 UAB O vs Tulsa, PFF Play 071",71,2,2,6,'+45,2,,,5,8,7.0,R,L,11,DUO Y OFF,SNUG,Z MTR,,X,X,X,OFF,,,GN,CTR OY,STR,GAP,GAP,BENCH,4 DOWN,,,COVER 6,,ALBI 11,ALBI 07,11,17,00; 05; 18,0,11,R,8,L,4.0,7.0,0,,,COUNTER,,,0,0,0,0,0,ALBI 11,ALBI 07,11,00; 05; 18,17,WIDE UNDER,2x2,1,P,,0,COVER 6
845,"2025 UAB O vs Tulsa, PFF Play 072",72,2,1,10,'+38,P,,,5,9,17.0,P,L,11,TREY Y OFF,SNUG,,,X,X,X,OFF,,COMPLETE,GN,Y INSERT,STR,PA,,BENCH,4 DOWN,STUNT,,COVER 6,,ALBI 17,ALBI 07,11,17,00; 05; 18,0,11,P,9,L,7.0,17.0,0,0.0,,INSIDE ZONE,,,0,0,0,0,0,ALBI 17,ALBI 07,11,00; 05; 18,17,WIDE UNDER,3x1,1,R,ALBI 17,0,COVER 6
846,"2025 UAB O vs Tulsa, PFF Play 073",73,2,1,10,'+21,P,,,5,10,18.0,R,M,11,TREY Y OFF,ENDOVER,,,X,X,,OFF,,,GN,INSIDE ZN,ZN,ZN,GAP,BENCH,4 DOWN,,BLITZ,COVER 6,,ALBI 11,ALBI 07,11,17,00; 05; 18,0,11,R,10,C,17.0,18.0,0,,,INSIDE ZONE,,,0,0,0,0,0,ALBI 11,ALBI 07,11,00; 05; 18,17,WIDE UNDER,0x4,1,P,,1,COVER 6
847,"2025 UAB O vs Tulsa, PFF Play 074",74,2,1,3,'+3,1,SY/GL,RA,5,11,0.0,R,R,21,OTHER,,,,,,,OFF,,,GF,Y INSERT,STR,ZN,GAP,ODD,4 DOWN,,,RED ZONE,,ALBI 15,ALBI 15,03; 04,17,00; 05,0,21,R,11,R,18.0,0.0,0,,,INSIDE ZONE,,,1,1,0,0,0,ALBI 15,ALBI 15,03; 04,00; 05,17,ODD,4x2,1,R,,0,RED ZONE
848,"2025 UAB O vs Tulsa, PFF Play 075",75,2,2,3,'+3,2,SY/GL,RA,5,12,-2.0,R,M,11,TREY Y OFF,SNUG,,,X,X,X,OFF,CURLS,,GN,Q SPL ZN,STR,ZN,GAP,BEAR,4 DOWN,,BLITZ,COVER 0,,ALBI 15,ALBI 15,03,17,00; 05; 18,0,11,R,12,C,0.0,-2.0,0,,,INSIDE ZONE,,,0,0,0,0,0,ALBI 15,ALBI 15,03,00; 05; 18,17,BEAR,1x3,0,R,,1,COVER 0
849,"2025 UAB O vs Tulsa, PFF Play 076",76,2,3,5,'+5,3,GL,RA,5,13,-8.0,P,L,11,DUO Y OFF,SNUG,,,,,X,OFF,,SACK,GN,JET SWEEP,STR,DB,,ONE INTERIOR,4 DOWN,STUNT,BLITZ,RED ZONE,,ALBI 07,ALBI 07,11,17,00; 06; 18,0,11,P,13,L,-2.0,-8.0,0,0.0,,,,,0,0,0,0,0,ALBI 07,ALBI 07,11,00; 06; 18,17,ONE INTERIOR,2x2,0,R,,1,RED ZONE
850,"2025 UAB O vs Tulsa, PFF Play 086",86,2,1,10,'-25,P,,,6,1,8.0,R,L,11,TRIPS,,,,,,,ON,,,GN,INSIDE ZN,ZN,ZN,GAP,SPLIT,4 DOWN,,,COVER 2 MAN,2.0,ALBI 04,ALBI 07,04,85,00; 06; 18,0,11,R,1,L,-8.0,8.0,0,,,INSIDE ZONE,,,0,0,0,0,0,ALBI 04,ALBI 07,04,00; 06; 18,85,EVEN,3x1,1,P,,0,COVER 2 MAN
851,"2025 UAB O vs Tulsa, PFF Play 087",87,2,2,2,'-33,2,SY,,6,2,0.0,R,L,11,DUO Y OFF,SNUG,,,,,X,OFF,,,GN,CTR OY,WK,GAP,GAP,SPLIT,4 DOWN,,,COVER 2 MAN,2.0,ALBI 04,ALBI 07,04,85,00; 06; 18,0,11,R,2,L,8.0,0.0,0,,,COUNTER,,,0,0,0,0,0,ALBI 04,ALBI 07,04,00; 06; 18,85,EVEN,2x2,1,R,,0,COVER 2 MAN
852,"2025 UAB O vs Tulsa, PFF Play 089",89,3,1,10,'-26,P,,,7,1,8.0,R,L,11,DOUBLES,STK,,,X,,X,OPEN,,,GF,Y INSERT,STR,ZN,GAP,EVEN,4 DOWN,,,COVER 2,,ALBI 03,ALBI 07,03,85,00; 05; 12,0,11,R,1,L,0.0,8.0,0,,,INSIDE ZONE,,,0,0,0,0,0,ALBI 03,ALBI 07,03,00; 05; 12,85,EVEN,2x2,1,R,,0,COVER 2
853,"2025 UAB O vs Tulsa, PFF Play 090",90,3,2,2,'-34,2,SY,,7,2,23.0,R,L,11,DUO Y OFF,SNUG,Z MTR,,,,X,OFF,CURLS,,PSTL,Y INSERT,STR,ZN,GAP,BENCH,4 DOWN,,,COVER 3,,ALBI 03,ALBI 07,03,85,00; 05; 12,1,11,R,2,L,8.0,23.0,0,,,MAN,,,0,0,1,0,0,ALBI 03,ALBI 07,03,00; 05; 12,85,WIDE UNDER,2x2,0,R,,0,COVER 3
854,"2025 UAB O vs Tulsa, PFF Play 091",91,3,1,10,'+43,P,,,7,3,2.0,R,L,11,DUO Y OFF,SNUG,,,,,X,OFF,,,GN,CTR OY,WK,GAP,GAP,WIDE OVER,4 DOWN,STUNT,BLITZ,COVER 3,,ALBI 03,ALBI 07,03,85,00; 05; 12,0,11,R,3,L,23.0,2.0,0,,,COUNTER,,,0,0,0,0,0,ALBI 03,ALBI 07,03,00; 05; 12,85,WIDE OVER,2x2,1,R,,1,COVER 3
855,"2025 UAB O vs Tulsa, PFF Play 092",92,3,2,8,'+41,2,,,7,4,9.0,R,M,11,TRIPS,,,,,,,ON,,,GN,INSIDE ZN,ZN,ZN,GAP,WIDE OVER,4 DOWN,,,COVER 6,,ALBI 04,ALBI 07,04,85,00; 05; 12,0,11,R,4,C,2.0,9.0,0,,,INSIDE ZONE,,,0,0,0,0,0,ALBI 04,ALBI 07,04,00; 05; 12,85,WIDE OVER,3x1,1,R,,0,COVER 6
856,"2025 UAB O vs Tulsa, PFF Play 093",93,3,1,10,'+32,P,,,7,5,4.0,P,L,12,KING U OFF,,,,,,,SLOT,,COMPLETE,,Y INSERT,STR,PA,,BENCH,4 DOWN,STUNT,,COVER 4,,ALBI 17,ALBI 07,04,17; 85,00; 06,0,12,P,5,L,9.0,4.0,0,0.0,,MAN,,,0,0,0,0,0,ALBI 17,ALBI 07,04,00; 06,17; 85,WIDE UNDER,3x1,0,R,ALBI 17,0,COVER 4
857,"2025 UAB O vs Tulsa, PFF Play 094",94,3,2,6,'+28,2,,,7,6,0.0,P,R,12,SLOT - WING,,T MTR,,,,,ON,,INCOMPLETE,GN,Y INSERT,STR,DB,,EVEN,4 DOWN,,BLITZ,COVER 3,,ALBI 00,ALBI 07,04,17; 85,00; 06,0,12,P,6,R,4.0,,1,0.0,,INSIDE ZONE,,,0,0,0,0,0,,ALBI 07,04,00; 06,17; 85,EVEN,2x2,1,P,ALBI 00,1,COVER 3
858,"2025 UAB O vs Tulsa, PFF Play 095",95,3,3,6,'+28,3,,,7,7,19.0,R,R,12,KING U OFF,,,,,,,SLOT,,,GF,INSIDE ZN,STR,ZN,GAP,BENCH,4 DOWN,,,COVER 1,,ALBI 04,ALBI 07,04,17; 85,00; 05,0,12,R,7,R,,19.0,0,,,INSIDE ZONE,,,0,0,0,0,0,ALBI 04,ALBI 07,04,00; 05,17; 85,WIDE UNDER,1x3,1,P,,0,COVER 1
859,"2025 UAB O vs Tulsa, PFF Play 096",96,3,1,9,'+9,1,GL,RA,7,8,0.0,R,L,12,KING U OFF,,,,,,,SLOT,,,GF,Y INSERT,STR,ZN,GAP,BEAR,4 DOWN,,BLITZ,COVER 0,,ALBI 04,ALBI 07,04,17; 85,00; 06,0,12,R,8,L,19.0,0.0,0,,,INSIDE ZONE,,,0,0,0,0,0,ALBI 04,ALBI 07,04,00; 06,17; 85,BEAR,3x1,1,R,,1,COVER 0
860,"2025 UAB O vs Tulsa, PFF Play 097",97,3,2,9,'+9,2,GL,RA,7,9,1.0,R,L,12,KING U OFF,,,,,,,SLOT,,,GN,SPL ZN SS,ZN,ZN,GAP,BENCH,4 DOWN,,,COVER 2,,ALBI 04,ALBI 07,04,17; 85,00; 06,0,12,R,9,L,0.0,1.0,0,,,INSIDE ZONE,,,0,0,0,0,0,ALBI 04,ALBI 07,04,00; 06,17; 85,WIDE UNDER,3x1,1,R,,0,COVER 2
861,"2025 UAB O vs Tulsa, PFF Play 098",98,3,3,8,'+8,3,GL,RA,7,10,8.0,P,L,11,TRIPS,,,,,,,ON,,COMPLETE,GN,JET SWEEP,WK,DB,,SPLIT,4 DOWN,STUNT,BLITZ,COVER 1,,ALBI 06,ALBI 07,03,17,00; 06; 18,0,11,P,10,L,1.0,8.0,0,0.0,,,,ALBI 06,0,0,0,0,0,ALBI 06,ALBI 07,03,00; 06; 18,17,EVEN,3x1,0,R,ALBI 06,1,COVER 1
862,"2025 UAB O vs Tulsa, PFF Play 105",105,3,1,10,'+35,P,,,8,1,5.0,P,R,12,KING U OFF,,,,,,,SLOT,,COMPLETE,GF,Y INSERT,STR,PA,,WIDE OVER,4 DOWN,,,COVER 6,,ALBI 00,ALBI 07,11,17; 85,00; 08,0,12,P,1,R,8.0,5.0,0,0.0,,INSIDE ZONE,,,0,0,0,0,0,ALBI 00,ALBI 07,11,00; 08,17; 85,WIDE OVER,3x1,1,P,ALBI 00,0,COVER 6
863,"2025 UAB O vs Tulsa, PFF Play 106",106,3,2,5,'+30,2,,,8,2,3.0,R,R,12,ACE YU OFF,,,,,,X,OFF,,,GN,SPL ZN SS,ZN,ZN,GAP,BENCH,4 DOWN,,,COVER 2 MAN,2.0,ALBI 11,ALBI 07,11,17; 85,00; 08,0,12,R,2,R,5.0,3.0,0,,,INSIDE ZONE,,,0,0,0,0,0,ALBI 11,ALBI 07,11,00; 08,17; 85,WIDE UNDER,2x2,1,P,,0,COVER 2 MAN
864,"2025 UAB O vs Tulsa, PFF Play 107",107,3,3,2,'+27,3,SY,,8,3,-4.0,P,M,12,KING U OFF,,,,,,,SLOT,,SACK,GF,Y INSERT,STR,PA,,BENCH,4 DOWN,,BLITZ,COVER 6,,ALBI 07,ALBI 07,11,17; 85,00; 08,0,12,P,3,C,3.0,-4.0,0,0.0,,INSIDE ZONE,,,0,0,0,0,0,ALBI 07,ALBI 07,11,00; 08,17; 85,WIDE UNDER,3x1,1,R,,1,COVER 6
865,"2025 UAB O vs Tulsa, PFF Play 113",113,3,1,10,'-29,P,,,9,1,4.0,R,M,11,DUO Y OFF,STK/SNUG,,,,,X,OFF,,,GF,CTR OY,WK,GAP,GAP,WIDE OVER,4 DOWN,,,COVER 3,,ALBI 04,ALBI 07,04,17,00; 05; 12,0,11,R,1,C,-4.0,4.0,0,,,COUNTER,,,0,0,0,0,0,ALBI 04,ALBI 07,04,00; 05; 12,17,WIDE OVER,2x2,1,P,,0,COVER 3
866,"2025 UAB O vs Tulsa, PFF Play 114",114,3,2,6,'-33,2,,,9,2,3.0,R,M,11,TRIPS,,,,,,,ON,,,GF,Q POWER G LD,STR,GAP,GAP,WIDE OVER,4 DOWN,,,COVER 1,,ALBI 04,ALBI 07,04,17,00; 05; 06,0,11,R,2,C,4.0,3.0,0,,,PULL LEAD,,,0,0,0,0,0,ALBI 04,ALBI 07,04,00; 05; 06,17,WIDE OVER,1x3,1,R,,0,COVER 1
867,"2025 UAB O vs Tulsa, PFF Play 115",115,3,3,3,'-36,3,SY,,9,3,1.0,R,R,12,KING U OFF,,,,,,,SLOT,,,GF,Y INSERT,STR,ZN,GAP,BENCH,4 DOWN,,BLITZ,COVER 0,,ALBI 04,ALBI 07,04,17; 85,00; 08,0,12,R,3,R,3.0,1.0,0,,,INSIDE ZONE,,,0,0,0,0,0,ALBI 04,ALBI 07,04,00; 08,17; 85,WIDE UNDER,1x3,1,R,,1,COVER 0
868,"2025 UAB O vs Tulsa, PFF Play 129",129,4,1,10,'-25,P,,,10,1,7.0,R,R,11,TREY Y OFF,SNUG,,,X,X,X,OFF,,,GN,INSIDE ZN,ZN,ZN,GAP,BENCH,4 DOWN,,,COVER 4,,ALBI 03,ALBI 07,03,85,00; 05; 12,0,11,R,1,R,1.0,7.0,0,,,INSIDE ZONE,,,0,0,0,0,0,ALBI 03,ALBI 07,03,00; 05; 12,85,WIDE UNDER,1x3,1,R,,0,COVER 4
869,"2025 UAB O vs Tulsa, PFF Play 130",130,4,2,3,'-32,2,SY,,10,2,-5.0,X,M,21,PRO - OPEN,SNUG,TOZ,,,,X,OFF,CURLS,,GN,JET SWEEP,STR,,GAP,WIDE OVER,4 DOWN,,,,,,ALBI 07,03; 11,85,00; 05,0,21,X,2,C,7.0,,0,,,,ALBI 05 FST,,0,0,0,0,0,,ALBI 07,03; 11,00; 05,85,WIDE OVER,2x2,0,R,,0,
870,"2025 UAB O vs Tulsa, PFF Play 131",131,4,2,8,'-27,2,,,10,3,5.0,P,M,11,DUO Y OFF,STK/SNUG,,,,,X,OFF,,RUN,GF,JET SWEEP,STR,DB,,WIDE OVER,4 DOWN,,,COVER 4,,ALBI 07,ALBI 07,03,85,00; 05; 12,0,11,P,3,C,,5.0,0,0.0,,,,,0,0,0,0,0,ALBI 07,ALBI 07,03,00; 05; 12,85,WIDE OVER,2x2,0,X,,0,COVER 4
871,"2025 UAB O vs Tulsa, PFF Play 132",132,4,3,3,'-32,3,SY,,10,4,0.0,P,M,02,TRIPS - WING,,,,,,,,,COMPLETE,GEMP,JET SWEEP,STR,DB,,WIDE OVER,4 DOWN,,,COVER 4,,ALBI 08,ALBI 07,,17; 85,00; 06; 08,0,02,P,4,C,5.0,0.0,0,0.0,,,,,0,0,0,0,0,ALBI 08,ALBI 07,,00; 06; 08,17; 85,WIDE OVER,2x3,0,P,ALBI 08,0,COVER 4
872,"2025 UAB O vs Tulsa, PFF Play 134",134,4,1,10,'+31,P,,,11,1,4.0,R,L,12,TREY U HIP,,,,,,,PRO,CURLS,,GN,Q SPL ZN,STR,ZN,GAP,BENCH,4 DOWN,,,COVER 2 MAN,2.0,ALBI 03,ALBI 07,03,17; 85,00; 05,0,12,R,1,L,0.0,4.0,0,,,INSIDE ZONE,,,0,0,0,0,0,ALBI 03,ALBI 07,03,00; 05,17; 85,WIDE UNDER,3x1,0,P,,0,COVER 2 MAN
873,"2025 UAB O vs Tulsa, PFF Play 135",135,4,2,6,'+27,2,,,11,2,2.0,R,L,12,QUADS WING - NIX,,,,,,,SLOT,,,GN,CTR OY,STR,GAP,GAP,BENCH,4 DOWN,,,COVER 4,,ALBI 03,ALBI 07,03,17; 85,00; 06,0,12,R,2,L,4.0,2.0,0,,,COUNTER,,,0,0,0,0,0,ALBI 03,ALBI 07,03,00; 06,17; 85,WIDE UNDER,4x0,1,R,,0,COVER 4
874,"2025 UAB O vs Tulsa, PFF Play 136",136,4,3,4,'+25,3,,,11,3,5.0,P,L,11,TREY Y OFF,SNUG,,,X,X,X,OFF,,COMPLETE,GF,JET SWEEP,STR,DB,,BENCH,4 DOWN,,,COVER 4,,ALBI 00,ALBI 07,04,85,00; 06; 12,0,11,P,3,L,2.0,5.0,0,0.0,,,,,0,0,0,0,0,ALBI 00,ALBI 07,04,00; 06; 12,85,WIDE UNDER,3x1,0,R,ALBI 00,0,COVER 4
875,"2025 UAB O vs Tulsa, PFF Play 137",137,4,1,10,'+20,P,,RA,11,4,20.0,R,M,12,ACE YU OFF,,Z IN,,,,X,OFF,CURLS,,GF,SPL ZN SS,STR,ZN,GAP,BENCH,4 DOWN,,,COVER 4,,ALBI 04,ALBI 07,04,17; 85,00; 06,0,12,R,4,C,5.0,20.0,0,,,INSIDE ZONE,,ALBI 04,0,0,0,0,0,ALBI 04,ALBI 07,04,00; 06,17; 85,WIDE UNDER,2x2,0,P,,0,COVER 4
876,"2025 UAB O vs Tulsa, PFF Play 144",144,4,1,10,'-10,P,,,12,1,1.0,R,L,12,TREY U HIP,,,,,,,WING PRO,CURLS,,,Y INSERT,STR,ZN,GAP,WIDE OVER,4 DOWN,,,COVER 4,,ALBI 11,ALBI 07,11,17; 85,00; 05,0,12,R,1,L,20.0,1.0,0,,,MAN,,,0,0,0,0,0,ALBI 11,ALBI 07,11,00; 05,17; 85,WIDE OVER,1x3,0,R,,0,COVER 4
877,"2025 UAB O vs Tulsa, PFF Play 145",145,4,2,9,'-11,2,,,12,2,-1.0,R,L,11,TREY Y OFF,SNUG,,,X,X,X,OFF,,,GN,CTR OY,WK,GAP,GAP,BENCH,4 DOWN,,BLITZ,COVER 4,,ALBI 11,ALBI 07,11,17,00; 05; 12,0,11,R,2,L,1.0,-1.0,0,,,COUNTER,,,0,0,0,0,0,ALBI 11,ALBI 07,11,00; 05; 12,17,WIDE UNDER,3x1,1,R,,1,COVER 4
878,"2025 UAB O vs Tulsa, PFF Play 146",146,4,3,10,'-10,3,,,12,3,14.0,P,L,11,TREY Y OFF,SNUG,,,X,X,X,OFF,,COMPLETE,GF,JET SWEEP,STR,DB,,SPLIT,4 DOWN,STUNT,,COVER 2 MAN,2.0,ALBI 00,ALBI 07,04,17,00; 05; 06,0,11,P,3,L,-1.0,14.0,0,0.0,,,,,0,0,0,0,0,ALBI 00,ALBI 07,04,00; 05; 06,17,EVEN,3x1,0,R,ALBI 00,0,COVER 2 MAN
879,"2025 UAB O vs Tulsa, PFF Play 147",147,4,1,10,'-24,P,,,12,4,6.0,R,R,12,TREY U HIP,,,,,,,WING PRO,CURLS,,,Y INSERT,STR,ZN,GAP,WIDE OVER,4 DOWN,,,COVER 4,,ALBI 04,ALBI 07,04,17; 85,00; 05,0,12,R,4,R,14.0,6.0,0,,,MAN,,,0,0,0,0,0,ALBI 04,ALBI 07,04,00; 05,17; 85,WIDE OVER,1x3,0,P,,0,COVER 4
880,"2025 UAB O vs Tulsa, PFF Play 148",148,4,2,4,'-30,2,,,12,5,0.0,R,L,12,KING U OFF,,,,,,,SLOT,CURLS,,,Q SPL ZN,STR,ZN,GAP,UNDER,4 DOWN,,,COVER 6,,ALBI 04,ALBI 07,04,17; 85,00; 05,0,12,R,5,L,6.0,0.0,0,,,INSIDE ZONE,,,0,0,0,0,0,ALBI 04,ALBI 07,04,00; 05,17; 85,UNDER,3x1,0,R,,0,COVER 6
881,"2025 UAB O vs Tulsa, PFF Play 149",149,4,3,4,'-30,3,,,12,6,57.0,P,L,11,TRIPS - SLOT,,,,X,,X,OPEN,,COMPLETE,GEMP,JET SWEEP,STR,DB,,BENCH,4 DOWN,STUNT,,COVER 4,,ALBI 05,ALBI 07,03,85,00; 05; 06,0,11,P,6,L,0.0,57.0,0,0.0,,,,,0,0,0,0,0,ALBI 05,ALBI 07,03,00; 05; 06,85,WIDE UNDER,3x2,0,R,ALBI 05,0,COVER 4
882,"2025 UAB O vs Tulsa, PFF Play 150",150,4,1,10,'+13,P,,RA,12,7,2.0,R,L,12,KING U OFF,,,,,,,SLOT,CURLS,,,Q SPL ZN,STR,ZN,GAP,BENCH,4 DOWN,,,COVER 4,,ALBI 03,ALBI 07,03,17; 85,00; 06,0,12,R,7,L,57.0,2.0,0,,,INSIDE ZONE,,,0,0,0,0,0,ALBI 03,ALBI 07,03,00; 06,17; 85,WIDE UNDER,3x1,0,P,,0,COVER 4
883,"2025 UAB O vs Tulsa, PFF Play 151",151,4,2,8,'+11,2,,RA,12,8,6.0,R,L,12,KING U OFF,,H IN,,,,,SLOT,CURLS,,GN,SPL ZN SS,ZN,ZN,GAP,BENCH,4 DOWN,,,COVER 4,,ALBI 03,ALBI 07,03,17; 85,05; 06,0,12,R,8,L,2.0,6.0,0,,,INSIDE ZONE,,,0,0,0,0,0,ALBI 03,ALBI 07,03,05; 06,17; 85,WIDE UNDER,3x1,0,R,,0,COVER 4
884,"2025 UAB O vs Tulsa, PFF Play 152",152,4,3,2,'+5,3,SY/GL,RA,12,9,2.0,R,L,21 (**),WING - NIX,,,,,,,,CURLS,,,OUTSIDE ZN LD,STR,ZN,GAP,BENCH,5 DOWN,,,COVER 0,,ALBI 04,ALBI 07,03; 04,85,,0,21 (**),R,9,L,6.0,2.0,0,,,OUTSIDE ZONE,,,0,1,0,0,0,ALBI 04,ALBI 07,03; 04,,85,WIDE UNDER,0x2,0,R,,0,COVER 0
885,"2025 UAB O vs Tulsa, PFF Play 153",153,4,1,3,'+3,1,SY/GL,RA,12,10,3.0,R,L,23,WING - CLOSED,,,,,,,,CURLS,,,Q POWER G LD,STR,GAP,GAP,ONE INTERIOR,4 DOWN,,,RED ZONE,,ALBI 04,ALBI 07,03; 04,17; 44; 85,,0,23,R,10,L,2.0,3.0,0,,,PULL LEAD,,ALBI 04,0,0,0,0,0,ALBI 04,ALBI 07,03; 04,,17; 44; 85,ONE INTERIOR,2x1,0,R,,0,RED ZONE
886,"2025 UAB O vs Tulsa, PFF Play 166",166,4,1,10,'-21,P,,,13,1,14.0,R,R,22,KING U OFF B HIP,,,,,,X,,CURLS,,,Q POWER G LD,STR,GAP,GAP,BENCH,4 DOWN,,,COVER 6,,ALBI 04,ALBI 07,03; 04,17; 85,06,0,22,R,1,R,3.0,14.0,0,,,PULL LEAD,,,0,0,0,4,0,ALBI 04,ALBI 07,03; 04,06,17; 85,WIDE UNDER,1x2,0,R,,0,COVER 6
887,"2025 UAB O vs Tulsa, PFF Play 167",167,4,1,10,'-35,P,,,13,2,5.0,R,L,13,TOAD WING - CLOSED,,,,,,,,CURLS,,,Y INSERT,STR,ZN,GAP,WIDE OVER,4 DOWN,,,COVER 2,,ALBI 03,ALBI 07,03,17; 44; 85,06,0,13,R,2,L,14.0,5.0,0,,,MAN,,,0,0,0,0,0,ALBI 03,ALBI 07,03,06,17; 44; 85,WIDE OVER,1x3,0,R,,0,COVER 2
888,"2025 UAB O vs Tulsa, PFF Play 168",168,4,2,5,'-40,2,,,13,3,-3.0,R,L,22,CLOSED - CLOSED,,,,,,,,CURLS,,,,,ZN,GAP,BENCH,4 DOWN,,,,,ALBI 07,ALBI 07,03; 04,44; 87,05,0,22,R,3,L,5.0,-3.0,0,,,UNDEFINED,,,0,0,0,0,0,ALBI 07,ALBI 07,03; 04,05,44; 87,WIDE UNDER,1x1,0,R,,0,
889,"2025 UAB O vs Tulsa, PFF Play 169",169,4,3,8,'-37,3,,,13,4,-2.0,R,L,22,CLOSED - CLOSED,,,,,,,,CURLS,,,,,ZN,GAP,BENCH,4 DOWN,,,,,ALBI 07,ALBI 07,03; 04,44; 87,05,0,22,R,4,L,-3.0,-2.0,0,,,UNDEFINED,,,0,0,0,0,0,ALBI 07,ALBI 07,03; 04,05,44; 87,WIDE UNDER,1x1,0,R,,0,
890,,,1,1,10,,,,,,,13.0,R,R,11,EMPTY 3x2,SNUG,TOZ,,X,X,X,OPEN,,,GEMP,JET SWEEP,,DB,,,,,,,,,,,,,0,11,R,1,R,,13.0,0,,,NO VIDEO,,,0,0,0,0,0,ALBI 02,ALBI 05,,,,,2x3,0,,,0,
891,,,1,1,10,,,,,,,4.0,R,R,11,TREY Y OFF,SNUG,,,X,X,X,OFF,,,GN,INSIDE ZN,,PA,,,,,,,,,,,,,0,11,R,2,R,,4.0,0,,,NO VIDEO,,,0,0,0,0,0,ALBI 02,ALBI 05,,,,,1x3,0,,,1,
892,,,1,2,6,,,,,,,8.0,R,C,11,DUO Y OFF,STK/SNUG,Z MTR,,X,X,X,OFF,,,GF,JET SWEEP,,DB,,,,,,,,,,,,,0,11,R,3,C,,8.0,0,,,NO VIDEO,,,0,0,0,0,0,ALBI 02,ALBI 05,,,,,2x2,0,,,0,
893,,,1,1,10,,,,,,,,P,C,11,TREY Y OFF,SNUG,BUZZ,,X,X,X,OFF,,,GN,Y INSERT,,ZN,,,,,,,,,,,,,0,11,P,4,C,,,0,,,COUNTER,,,0,0,0,0,0,,ALBI 05,,,,,1x3,1,,,0,
894,,,1,2,10,,,,,,,9.0,R,C,12,KING U OFF,,,,,,,SLOT,,,,Y INSERT,,PA,,,,,,,,,,,,,0,12,R,5,C,,9.0,0,,,NO VIDEO,,,0,0,0,0,0,ALBI 03,ALBI 05,,,,,1x3,0,,,0,
895,,,1,3,1,,,,,,,4.0,R,C,31,,,,,,,,,,,,NO VIDEO,,,,,,,,,,,,,,,,31,R,6,C,,4.0,0,,,NO VIDEO,,,0,0,0,0,0,ALBI 05,ALBI 05,,,,,2x2,0,,,0,
896,,,1,1,10,,,,,,,4.0,R,C,12,TRIPS - SLOT,,TOZ,,X,,X,OPEN,,,GEMP,JET SWEEP,,DB,,,,,,,,,,,,,1,12,R,7,C,,4.0,0,,,NO VIDEO,,,0,0,0,0,0,ALBI 07,ALBI 05,,,,,2x3,0,,,0,
897,,,1,2,6,,,,,,,1.0,R,C,11,DOUBLES,STK,,,X,,X,OPEN,,,GF,Y INSERT,,ZN,,,,,,,,,,,,,0,11,R,8,C,,1.0,0,,,INSIDE ZONE,,,0,0,0,0,0,ALBI 07,ALBI 05,,,,,2x2,1,,,1,
898,,,1,3,5,,,,,,,2.0,R,C,11,TRIPS,,ALBI 03 (B:B),,,,,ON,,,GF,OUTSIDE ZONE,,PA,,,,,,,,,,,,,0,11,R,9,C,,2.0,0,,,OUTSIDE ZONE,ALBI 44 OH,,0,0,0,0,0,ALBI 03,ALBI 05,,,,,3x1,1,,,1,
899,,,1,3,13,,,,,,,-10.0,P,L,11,TRIPS - OPEN,Y AT 3,,,X,,X,OPEN,,,GF,JET SWEEP,,DB,,,,,,,,,,,,,0,11,P,10,L,,-10.0,0,,,,,,0,0,0,0,0,ALBI 05,ALBI 05,,,,,3x1,0,,,0,
900,,,1,1,10,,,,,,,2.0,R,L,11,DUO Y OFF,SNUG,Z MTR,,X,X,X,OFF,,,PSTL,INSIDE ZN RD,,ZN,,,,,,,,,,,,,0,11,R,1,L,,2.0,0,,,MAN,,,0,0,0,0,0,ALBI 02,ALBI 05,,,,,2x2,1,,,0,
901,,,1,2,8,,,,,,,11.0,P,L,11,OTHER,,ALBI 01 (B:R); ALBI 85 (L:R{L}),,X,,,OFF,,,GEMP,JET SWEEP,,DB,,,,,,,,,,,,,0,11,P,2,L,,11.0,0,,,INSIDE ZONE,,,0,0,0,0,0,ALBI 00,ALBI 05,,,,,4x2,1,,ALBI 00,0,
902,,,1,1,10,,,,,,,5.0,R,L,21,,,,,,,,,,,,OUTSIDE ZONE,,,,,,,,,,,,,,,,21,R,3,L,,5.0,0,,,OUTSIDE ZONE,,,0,0,0,0,0,ALBI 07,ALBI 05,,,,,3x0,0,,,0,
903,,,1,2,5,,,,,,,1.0,P,R,11,TREY Y OFF,SNUG,Y FR,,X,X,X,OFF,,,GF,JET SWEEP,,DB,,,,,,,,,,,,,0,11,P,4,R,,1.0,0,,,,,,0,0,0,0,0,ALBI 05,ALBI 05,,,,,1x3,0,,,0,
904,,,1,3,4,,,,,,,8.0,P,R,10,,,Y,,,,,,,,,nan,,,,,,,,,,,,,,,,10,P,5,R,,8.0,0,,,,,,0,0,0,0,0,ALBI 04,ALBI 05,,,,,1x3,0,,ALBI 04,0,
905,,,1,1,10,,,,,,,3.0,R,C,12,KING U OFF,,Z MTR,,,,X,SLOT,,,GF,Y INSERT,,ZN,,,,,,,,,,,,,0,12,R,6,C,,3.0,0,,,COUNTER,,,0,0,0,0,0,ALBI 02,ALBI 05,,,,,3x1,1,,,1,
906,,,1,2,7,,,,,,,,P,L,11,TREY Y OFF,SNUG,H IN,,X,X,X,OFF,,,GN,JET SWEEP,,ZN,,,,,,,,,,,,,0,11,P,7,L,,,0,,,MAN,,,0,0,0,0,0,,ALBI 05,,,,,3x1,1,,ALBI 08,1,
907,,,1,3,7,,,,,,,42.0,P,L,11,TRIPS - OPEN,Y AT 3,,,X,,X,OPEN,,,GF,JET SWEEP,,DB,,,,,,,,,,,,,0,11,P,8,L,,42.0,0,,,,,,0,0,0,0,0,ALBI 01,ALBI 05,,,,,3x1,0,,ALBI 01,1,
908,,,1,1,3,,,,,,,-1.0,R,L,11,TREY Y OFF,SNUG,,,X,X,X,OFF,,,GN,Y INSERT,,PA,,,,,,,,,,,,,0,11,R,9,L,,-1.0,0,,,INSIDE ZONE,,,0,0,0,0,0,ALBI 03,ALBI 05,,,,,3x1,0,,,0,
909,,,1,2,4,,,,,,,,X,L,12,QUADS WING - NIX,ENDOVER,,,X,X,,SLOT,,,GN,Y INSERT,,PA,,,,,,,,,,,,,0,12,X,10,L,,,0,,,,ALBI 55 FST,,0,0,0,0,0,,ALBI 05,,,,,4x0,0,,,0,
910,,,1,2,9,,,,,,,,P,L,12,PRO,,SHIFT,,,,,ON,,,,INSIDE ZN RD,,RPO,,,,,,,,,,,,,0,12,P,11,L,,,0,,,MAN,,,0,0,0,0,0,,ALBI 05,,,,,2x1,0,,ALBI 85,0,
911,,,1,3,9,,,,,,,1.0,P,L,11,TRIPS - OPEN,Y AT 3,,,X,,X,OPEN,,,GF,JET SWEEP,,DB,,,,,,,,,,,,,0,11,P,12,L,,1.0,0,,,,,,0,0,0,0,0,ALBI 05,ALBI 05,,,,,3x1,0,,,0,
912,,,1,1,10,,,,,,,4.0,R,L,11,TRIPS - SLOT,SNUG,Y MTR,,X,X,X,OPEN,,,GEMP,JET SWEEP,,DB,,,,,,,,,,,,,0,11,R,1,L,,4.0,0,,,MAN,,,0,0,0,0,0,ALBI 02,ALBI 05,,,,,3x2,1,,,0,
913,,,1,2,6,,,,,,,7.0,R,R,12,KING U OFF,,,,,,,SLOT,,,GF,JET SWEEP,,DB,,,,,,,,,,,,,0,12,R,2,R,,7.0,0,,,INSIDE ZONE,,,0,0,0,0,0,ALBI 02,ALBI 05,,,,,1x3,1,,,1,
914,,,1,1,10,,,,,,,-3.0,R,R,11,DUO Y OFF,SNUG,Z MTR,,X,X,X,OFF,,,GF,JET SWEEP,,DB,,,,,,,,,,,,,0,11,R,3,R,,-3.0,0,,,COUNTER,,,0,0,0,0,0,ALBI 02,ALBI 05,,,,,2x2,1,,,1,
915,,,2,2,13,,,,,,,7.0,R,C,11,OTHER,,Z MTR,,,,,,,,GF,Y INSERT,,PA,,,,,,,,,,,,,0,11,R,4,C,,7.0,0,,,INSIDE ZONE,,,1,0,0,0,0,ALBI 03,ALBI 05,,,,,2x4,1,,,0,
916,,,2,3,6,,,,,,,6.0,R,C,11,OTHER,,Z MTR,,,,,,,,GF,Y INSERT,,PA,,,,,,,,,,,,,0,11,R,5,C,,6.0,0,,,INSIDE ZONE,,,0,0,0,0,0,ALBI 03,ALBI 05,,,,,2x4,1,,,0,
917,,,2,1,10,,,,,,,,P,C,11,TRIPS - OPEN,Y AT 2,ALBI 44* (L:R{R}),,X,,X,OPEN,,,GF,JET SWEEP,,DB,,,,,,,,,,,,,0,11,P,6,C,,,0,,,,ALBI 66 OH,,0,0,0,0,0,,ALBI 05,,,,,1x3,0,,,0,
918,,,2,1,20,,,,,,,1.0,R,C,11,DUO Y OFF,STK/SNUG,,,,,X,OFF,,,GF,JET SWEEP,,DB,,,,,,,,,,,,,1,11,R,7,C,,1.0,0,,,INSIDE ZONE,,,0,0,0,0,0,ALBI 03,ALBI 05,,,,,2x2,1,,,0,
919,,,2,2,19,,,,,,,7.0,R,L,11,OTHER,,,,X,,,OFF,,,GEMP,JET SWEEP,,DB,,,,,,,,,,,,,0,11,R,8,L,,7.0,0,,,INSIDE ZONE,,,1,0,0,0,0,ALBI 02,ALBI 05,,,,,4x2,1,,,0,
920,,,2,3,12,,,,,,,7.0,P,L,11,TREY Y OFF,SNUG,,,X,X,X,OFF,,,GF,JET SWEEP,,DB,,,,,,,,,,,,,0,11,P,9,L,,7.0,0,,,,,,0,0,0,0,0,ALBI 05,ALBI 05,,,,,3x1,0,,,0,
921,,,2,4,5,,,,,,,,X,C,11,TRIPS - OPEN,Y AT 2,Y MTR,,X,,X,OPEN,,,GF,JET SWEEP,,DB,,,,,,,,,,,,,0,11,X,10,C,,,0,,,,ALBI 68 FST,,0,0,0,0,0,,ALBI 05,,,,,1x3,0,,,0,
922,,,2,1,10,,,,,,,17.0,P,C,21,,,ALBI 03* (B:R),,,,,,,,,INSIDE ZONE,,,,,,,,,,,,,,,,21,P,1,C,,17.0,0,,,INSIDE ZONE,,,0,0,0,0,0,ALBI 03,ALBI 05,,,,,0x4,0,,ALBI 03,0,
923,,,2,1,10,,,,,,,7.0,R,L,12,SLOT - WING,,,,,,,SLOT,,,GN,Y INSERT,,PA,,,,,,,,,,,,,0,12,R,2,L,,7.0,0,,,INSIDE ZONE,,,0,0,0,0,0,ALBI 03,ALBI 05,,,,,2x2,1,,,1,
924,,,2,2,3,,,,,,,,X,C,12,SLOT - WING,,ALBI 08* (L:R{L}),,,,,SLOT,,,PSTL,OUTSIDE ZN LD,,ZN,,,,,,,,,,,,,1,12,X,3,C,,,0,,,,ILUN D96 DoD,,0,0,0,0,0,,ALBI 05,,,,,2x2,0,,,0,
925,,,2,1,4,,,,,,,,X,C,12,KING U OFF,,,,,,,SLOT,,,GF,JET SWEEP,,DB,,,,,,,,,,,,,0,12,X,4,C,,,0,,,,ALBI 85 FST,,0,0,0,0,0,,ALBI 05,,,,,1x3,0,,,0,
926,,,2,1,9,,,,,,,4.0,R,C,12,KING U OFF,,,,,,,SLOT,,,GN,JET SWEEP,,DB,,,,,,,,,,,,,0,12,R,5,C,,4.0,0,,,INSIDE ZONE,,,0,1,0,0,0,ALBI 02,ALBI 05,,,,,1x3,0,,,1,
927,,,2,2,5,,,,,,,1.0,R,L,12,TREY U HIP,,,,,,,WING PRO,,,,Y INSERT,,ZN,,,,,,,,,,,,,0,12,R,6,L,,1.0,0,,,OUTSIDE ZONE,,,0,1,0,0,0,ALBI 02,ALBI 05,,,,,1x3,0,,,0,
928,,,2,3,4,,,,,,,,P,R,11,DUO Y OFF,STK/SNUG,,,,,X,OFF,,,GF,JET SWEEP,,DB,,,,,,,,,,,,,0,11,P,7,R,,,0,,,,,,0,0,0,0,0,,ALBI 05,,,,,2x2,0,,ALBI 03,0,
929,,,2,1,10,,,,,,,,P,C,11,TREY Y OFF,SNUG,,,X,X,X,OFF,,,GN,JET SWEEP,,NKD,,,,,,,,,,,,,0,11,P,1,C,,,0,,,INSIDE ZONE,,,0,0,0,0,0,,ALBI 05,,,,,3x1,1,,ALBI 01,0,
930,,,2,2,10,,,,,,,2.0,R,C,11,TREY Y OFF FIB,SNUG,H IN,,X,X,X,OFF,,,PSTL,OUTSIDE ZN LD,,ZN,,,,,,,,,,,,,0,11,R,2,C,,2.0,0,,,MAN,,,0,1,0,0,0,ALBI 07,ALBI 05,,,,,1x3,1,,,0,
931,,,2,3,8,,,,,,,7.0,P,R,11,TRIPS - OPEN,Y AT 2,Y MTR,,X,,X,OPEN,,,GF,JET SWEEP,,DB,,,,,,,,,,,,,0,11,P,3,R,,7.0,0,,,,,,0,0,0,0,0,ALBI 08,ALBI 05,,,,,1x3,0,,ALBI 08,1,
932,,,2,4,1,,,,,,,3.0,R,R,31,,,ALBI 07* (L:R{L}),,,,,,,,,OUTSIDE ZONE,,,,,,,,,,,,,,,,31,R,4,R,,3.0,0,,,OUTSIDE ZONE,,,0,0,0,0,0,ALBI 07,ALBI 05,,,,,2x2,0,,,0,
933,,,2,1,10,,,,,,,8.0,R,L,11,OTHER,,Z MTR,,,,,,,,GF,Y INSERT,,PA,,,,,,,,,,,,,0,11,R,5,L,,8.0,0,,,INSIDE ZONE,,,1,0,0,2,0,ALBI 03,ALBI 05,,,,,2x4,1,,,0,
934,,,2,2,2,,,,,,,6.0,R,L,11,OTHER,,Z MTR,,,,,,,,GF,Y INSERT,,PA,,,,,,,,,,,,,0,11,R,6,L,,6.0,0,,,INSIDE ZONE,,,1,0,1,2,0,ALBI 03,ALBI 05,,,,,2x4,0,,,0,
935,,,2,1,10,,,,,,,,P,L,11,TRIPS - OPEN,Y AT 3,,,X,,X,OPEN,,,GF,JET SWEEP,,DB,,,,,,,,,,,,,0,11,P,7,L,,,0,,,,,,0,0,0,2,0,,ALBI 05,,,,,3x1,0,,ALBI 08,1,
936,,,2,2,10,,,,,,,,P,L,11,TRIPS - OPEN,Y AT 3,,,X,,X,OPEN,,,GF,JET SWEEP,,DB,,,,,,,,,,,,,0,11,P,8,L,,,0,,,,,,0,0,0,2,0,,ALBI 05,,,,,3x1,0,,ALBI 01,1,
937,,,2,3,10,,,,,,,14.0,P,L,11,DOUBLES,STK,ALBI 00 (R:L{L}); ALBI 08 (L:Rx),,,,,OPEN,,,GN,JET SWEEP,,DB,,,,,,,,,,,,,0,11,P,9,L,,14.0,0,,,,,,0,0,0,2,0,ALBI 05,ALBI 05,,,,,2x2,0,,,0,
938,,,2,1,10,,,,,,,10.0,P,L,11,TRIPS - OPEN,Y AT 3,,,X,,X,OPEN,,,GF,JET SWEEP,,DB,,,,,,,,,,,,,0,11,P,10,L,,10.0,0,,,,,ALBI 02,0,0,0,0,0,ALBI 02,ALBI 05,,,,,3x1,0,,ALBI 02,0,
939,,,3,1,10,,,,,,,13.0,P,R,21,,,ALBI 03* (B:R),,,,,,,,,INSIDE ZONE,,,,,,,,,,,,,,,,21,P,1,R,,13.0,0,,,INSIDE ZONE,,,0,0,0,0,0,ALBI 08,ALBI 05,,,,,0x4,1,,ALBI 08,0,
940,,,3,1,10,,,,,,,3.0,R,C,11,EMPTY 3x2,SNUG,TOZ,,X,X,X,OPEN,,,GEMP,JET SWEEP,,DB,,,,,,,,,,,,,0,11,R,2,C,,3.0,0,,,MAN,,,0,0,0,0,0,ALBI 02,ALBI 05,,,,,2x3,0,,,0,
941,,,3,2,7,,,,,,,5.0,R,C,12,TREY U HIP,,,,,,,WING PRO,,,PSTL,Q POWER G LD,,GAP,,,,,,,,,,,,,0,12,R,3,C,,5.0,0,,,OUTSIDE ZONE,,,0,0,0,0,0,ALBI 02,ALBI 05,,,,,1x3,0,,,0,
942,,,3,3,2,,,,,,,1.0,R,L,12,TREY Y OFF,SNUG,Y,,X,X,X,OFF,,,,Q POWER G LD,,GAP,,,,,,,,,,,,,0,12,R,4,L,,1.0,0,,,SNEAK,,,0,0,0,0,0,ALBI 05,ALBI 05,,,,,1x3,0,,,0,
943,,,3,4,1,,,,,,,6.0,R,L,12,TREY Y OFF,SNUG,,,X,X,X,OFF,,,,Q POWER G LD,,GAP,,,,,,,,,,,,,0,12,R,5,L,,6.0,0,,,MAN,,,0,0,0,0,0,ALBI 03,ALBI 05,,,,,1x3,0,,,1,
944,,,3,1,10,,,,,,,2.0,R,L,12,SLOT - WING,,,,,,,SLOT,,,GF,JET SWEEP,,DB,,,,,,,,,,,,,0,12,R,6,L,,2.0,0,,,INSIDE ZONE,,,0,0,0,0,0,ALBI 03,ALBI 05,,,,,2x2,1,,,0,
945,,,3,2,8,,,,,,,24.0,R,L,11,,,,,,,,,,,,TRICK,,,,,,,,,,,,,,,,11,R,7,L,,24.0,0,,,TRICK,,,0,1,0,0,0,ALBI 08,ALBI 05,,,,,2x1,0,,,1,
946,,,3,1,10,,,,,,,,P,R,11,DOUBLES,STK,,,X,,X,OPEN,,,GF,Y INSERT,,ZN,,,,,,,,,,,,,0,11,P,8,R,,,0,,,,,,0,0,0,0,0,,ALBI 05,,,,,2x2,0,,ALBI 01,0,
947,,,3,2,10,,,,,,,-1.0,R,R,12,TRIPS - SLOT,,Z ORB,,X,,X,OPEN,,,GEMP,OUTSIDE ZN LD,,ZN,,,,,,,,,,,,,0,12,R,9,R,,-1.0,0,,,INSIDE ZONE,,,0,0,0,0,0,ALBI 07,ALBI 05,,,,,3x2,0,,,0,
948,,,3,3,11,,,,,,,5.0,P,R,11,TRIPS - OPEN,Y AT 2,,,X,,X,OPEN,,,GF,JET SWEEP,,DB,,,,,,,,,,,,,0,11,P,10,R,,5.0,0,,,,,,0,0,0,0,0,ALBI 05,ALBI 05,,,,,1x3,0,,,0,
949,,,4,1,10,,,,,,,,P,L,11,DUO Y OFF,SNUG,Z MTR,,X,X,X,OFF,,,PSTL,INSIDE ZN RD,,ZN,,,,,,,,,,,,,0,11,P,1,L,,,0,,,MAN,ALBI 66 IDP,,0,0,0,0,0,,ALBI 05,,,,,2x2,0,,ALBI 00,1,
950,,,4,1,15,,,,,,,,P,L,11,TRIPS,,,,,,,ON,,,GN,JET SWEEP,,DB,,,,,,,,,,,,,0,11,P,2,L,,,0,,,INSIDE ZONE,(D) ALBI 55 IDP,,0,0,0,0,0,,ALBI 05,,,,,3x1,1,,ALBI 00,0,
951,,,4,2,15,,,,,,,4.0,P,L,11,OTHER,,Z MTR,,,,,,,,GF,Y INSERT,,PA,,,,,,,,,,,,,0,11,P,3,L,,4.0,0,,,,,,1,0,0,0,0,ALBI 02,ALBI 05,,,,,2x4,0,,ALBI 02,0,
952,,,4,3,11,,,,,,,12.0,P,R,11,TRIPS - OPEN,Y AT 2,,,X,,X,OPEN,,,GF,JET SWEEP,,DB,,,,,,,,,,,,,0,11,P,4,R,,12.0,0,,,,,,0,0,0,0,0,ALBI 00,ALBI 05,,,,,1x3,0,,ALBI 00,0,
953,,,4,1,10,,,,,,,5.0,P,L,12,KING U OFF,,BUZZ,,,,X,SLOT,,,GF,Y INSERT,,ZN,,,,,,,,,,,,,0,12,P,5,L,,5.0,0,,,,,,0,0,0,0,0,ALBI 19,ALBI 05,,,,,3x1,0,,ALBI 19,1,
954,,,4,2,5,,,,,,,,P,C,11,DOUBLES,STK,ALBI 00* (L:R{L}>R:L{L}),,X,,X,OPEN,,,GN,JET SWEEP,,DB,,,,,,,,,,,,,0,11,P,6,C,,,0,,,,,,0,0,0,0,0,,ALBI 05,,,,,2x2,0,,,1,
955,,,4,3,5,,,,,,,15.0,P,R,11,TRIPS - OPEN,Y AT 2,ALBI 19 (L:R{R}),,X,,X,OPEN,,,GF,JET SWEEP,,DB,,,,,,,,,,,,,0,11,P,7,R,,15.0,0,,,,,,0,0,0,0,0,ALBI 01,ALBI 05,,,,,1x3,0,,ALBI 01,0,
956,,,4,1,10,,,,,,,,P,L,11,TREY Y OFF,SNUG,,,X,X,X,OFF,,,GF,JET SWEEP,,DB,,,,,,,,,,,,,0,11,P,8,L,,,0,,,INSIDE ZONE,,,0,0,1,0,0,,ALBI 05,,,,,3x1,0,,ALBI 08,0,
957,,,4,2,10,,,,,,,8.0,P,L,21,PRO - OPEN,SNUG,Y FR,,X,,X,OFF,,,GS,Y INSERT,,ZN,,,,,,,,,,,,,0,21,P,9,L,,8.0,0,,,INSIDE ZONE,,,0,0,0,0,0,ALBI 03,ALBI 05,,,,,1x2,0,,ALBI 03,0,
958,,,4,3,2,,,,,,,2.0,R,L,12,KING U OFF,,H IN,,,,,SLOT,,,GN,JET SWEEP,,DB,,,,,,,,,,,,,0,12,R,10,L,,2.0,0,,,INSIDE ZONE,,,0,0,0,0,0,ALBI 02,ALBI 05,,,,,1x3,0,,,0,
959,,,4,1,10,,,,,,,8.0,P,L,12,ACE YU OFF,,,,,,X,OFF,,,PSTL,Y INSERT,,ZN,,,,,,,,,,,,,0,12,P,11,L,,8.0,0,,,OUTSIDE ZONE,,,0,0,0,0,0,ALBI 05,ALBI 05,,,,,2x2,0,,,0,
960,,,4,2,2,,,,,,,10.0,R,L,11,TREY Y OFF,SNUG,,,X,X,X,OFF,,,GN,JET SWEEP,,NKD,,,,,,,,,,,,,0,11,R,12,L,,10.0,0,,,INSIDE ZONE,ALBI 77 OH,,0,0,0,0,0,ALBI 02,ALBI 05,,,,,3x1,0,,,1,
961,,,4,2,12,,,,,,,,P,L,11,OTHER,,Z MTR,,,,,,,,GF,Y INSERT,,PA,,,,,,,,,,,,,0,11,P,13,L,,,0,,,INSIDE ZONE,,,0,0,0,0,0,,ALBI 05,,,,,2x4,1,,ALBI 44,1,
962,,,4,3,12,,,,,,,5.0,P,L,11,TREY Y OFF,SNUG,,,X,X,X,OFF,,,GF,JET SWEEP,,DB,,,,,,,,,,,,,0,11,P,14,L,,5.0,0,,,,,,0,0,0,0,0,ALBI 07,ALBI 05,,,,,3x1,0,,ALBI 07,0,
963,,,4,4,7,,,,,,,,P,L,11,TREY Y OFF,SNUG,,,X,X,X,OFF,,,GF,JET SWEEP,,DB,,,,,,,,,,,,,0,11,P,15,L,,,0,,,,,ILUN D26,0,0,0,0,0,,ALBI 05,,,,,3x1,0,,ALBI 07,1,
964,,,4,1,10,,,,,,,5.0,P,R,11,TREY Y OFF,SNUG,,,X,X,X,OFF,,,GN,Y INSERT,,PA,,,,,,,,,,,,,0,11,P,1,R,,5.0,0,,,INSIDE ZONE,,,0,0,0,0,1,ALBI 00,ALBI 05,,,,,3x1,1,,ALBI 00,0,
965,,,4,2,5,,,,,,,4.0,P,R,11,DUO Y OFF,SNUG,Y,,,,X,OFF,,,GN,CTR OY,,GAP,,,,,,,,,,,,,0,11,P,2,R,,4.0,0,,,,,,0,0,1,0,1,ALBI 04,ALBI 05,,,,,2x2,0,,ALBI 04,0,
966,,,4,3,1,,,,,,,0.0,R,R,11,DUO Y OFF,SNUG,Z IN,,,,X,OFF,,,GN,PIN PULL SS,,GAP,,,,,,,,,,,,,0,11,R,3,R,,0.0,0,,,INSIDE ZONE,,,0,0,1,0,1,ALBI 03,ALBI 05,,,,,2x2,0,,,1,
967,,,4,4,1,,,,,,,3.0,R,C,12,PRO - OPEN,SNUG,Y MO,,,,X,OFF,,,PSTL,SPL ZN,,ZN,,,,,,,,,,,,,0,12,R,4,C,,3.0,0,,,INSIDE ZONE,,,0,1,0,0,1,ALBI 03,ALBI 05,,,,,1x2,0,,,1,
968,,,4,1,10,,,,,,,3.0,P,R,12,ACE YU OFF,,,,,,X,OFF,,,GF,JET SWEEP,,DB,,,,,,,,,,,,,0,12,P,5,R,,3.0,0,,,,,,0,0,0,0,1,ALBI 05,ALBI 05,,,,,2x2,0,,,1,
969,,,4,2,7,,,,,,,4.0,R,L,11,TREY Y OFF FIB,SNUG,,,X,X,X,OFF,,,PSTL,CTR OY,,GAP,,,,,,,,,,,,,0,11,R,6,L,,4.0,0,,,OUTSIDE ZONE,,,0,0,0,0,1,ALBI 07,ALBI 05,,,,,3x1,0,,,1,
970,,,4,3,3,,,,,,,15.0,P,C,11,DUO Y OFF,SNUG,,,,,X,OFF,,,GN,JET SWEEP,,DB,,,,,,,,,,,,,0,11,P,7,C,,15.0,0,,,,,,0,0,0,0,1,ALBI 44,ALBI 05,,,,,2x2,0,,ALBI 44,0,
971,,,4,1,10,,,,,,,14.0,P,R,11,TREY Y OFF,SNUG,,,X,X,X,OFF,,,GN,SPL ZN SS,,ZN,,,,,,,,,,,,,0,11,P,8,R,,14.0,1,,,OUTSIDE ZONE,,,0,0,0,0,1,ALBI 04,ALBI 05,,,,,1x3,0,,ALBI 04,1,
972,,,4,1,10,,,,,,,24.0,P,R,11,TREY Y OFF,SNUG,,,X,X,X,OFF,,,GN,INSIDE ZN,,PA,,,,,,,,,,,,,0,11,P,9,R,,24.0,0,,,INSIDE ZONE,,,0,0,1,0,1,ALBI 00,ALBI 05,,,,,1x3,1,,ALBI 00,0,
973,,,4,1,3,,,,,,,-1.0,R,R,11,TREY Y OFF,SNUG,,,X,X,X,OFF,,,GN,Y INSERT,,PA,,,,,,,,,,,,,0,11,R,10,R,,-1.0,0,,,INSIDE ZONE,,,0,0,0,0,1,ALBI 07,ALBI 05,,,,,3x1,0,,,1,
974,,,4,2,4,,,,,,,-1.0,R,R,11,TREY Y OFF,SNUG,,,X,X,X,OFF,,,GN,SPL ZN SS,,ZN,,,,,,,,,,,,,0,11,R,11,R,,-1.0,0,,,INSIDE ZONE,,,0,0,0,0,1,ALBI 05,ALBI 05,,,,,1x3,0,,,0,
975,,,4,3,5,,,,,,,5.0,P,L,11,TRIPS - OPEN,Y AT 3,,,X,,X,OPEN,,,GF,JET SWEEP,,DB,,,,,,,,,,,,,0,11,P,12,L,,5.0,0,,,,,ALBI 05,0,0,0,0,1,ALBI 05,ALBI 05,,,,,3x1,0,,,0,
